id_pdc_itinerance ,id,price,currency,type,vat,start_date_time
FRVIAE20142102013,1b4c8df3140c49899a53d6c614ef431e,0.4,EUR,AD_HOC_PAYMENT,20,2025-11-19T13:00:00
FRVIAE20142102012,1b4c8df3140c49899a53d6c614ef431e,0.4,EUR,AD_HOC_PAYMENT,20,2025-11-19T13:00:00
FRVIAE20142102011,1b4c8df3140c49899a53d6c614ef431e,0.4,EUR,AD_HOC_PAYMENT,20,2025-11-19T13:00:00
FRVIAE20142020012,1b4c8df3140c49899a53d6c614ef431e,0.4,EUR,AD_HOC_PAYMENT,20,2025-11-19T13:00:00
FRVIAE20142020011,1b4c8df3140c49899a53d6c614ef431e,0.4,EUR,AD_HOC_PAYMENT,20,2025-11-19T13:00:00
FRVIAE12346449202,9ce4a9d0-ef0d-4bd5-a61c-f36a35f666b6,0.45,EUR,AD_HOC_PAYMENT,20,2026-03-09T00:00:00
FRVIAE12346449201,9ce4a9d0-ef0d-4bd5-a61c-f36a35f666b6,0.45,EUR,AD_HOC_PAYMENT,20,2026-03-09T00:00:00
FRVIAE12346036052,1b4c8df3140c49899a53d6c614ef431e,0.4,EUR,AD_HOC_PAYMENT,20,2025-11-19T13:00:00
FRVIAE12346036051,1b4c8df3140c49899a53d6c614ef431e,0.4,EUR,AD_HOC_PAYMENT,20,2025-11-19T13:00:00
FRVIAE20142025012,1b4c8df3140c49899a53d6c614ef431e,0.4,EUR,AD_HOC_PAYMENT,20,2025-11-19T13:00:00
FRVIAE20142025011,1b4c8df3140c49899a53d6c614ef431e,0.4,EUR,AD_HOC_PAYMENT,20,2025-11-19T13:00:00
FRVIAE20142092012,1b4c8df3140c49899a53d6c614ef431e,0.4,EUR,AD_HOC_PAYMENT,20,2025-11-19T13:00:00
FRVIAE20142092011,1b4c8df3140c49899a53d6c614ef431e,0.4,EUR,AD_HOC_PAYMENT,20,2025-11-19T13:00:00
FRVIAE12345949353,d57690eb-0476-4bdf-862a-4fd2da26302f,0.5,EUR,AD_HOC_PAYMENT,20,2026-03-09T00:00:00
FRVIAE12345949352,d57690eb-0476-4bdf-862a-4fd2da26302f,0.5,EUR,AD_HOC_PAYMENT,20,2026-03-09T00:00:00
FRVIAE12345949351,d57690eb-0476-4bdf-862a-4fd2da26302f,0.5,EUR,AD_HOC_PAYMENT,20,2026-03-09T00:00:00
FRVIAE20122077072,1b4c8df3140c49899a53d6c614ef431e,0.4,EUR,AD_HOC_PAYMENT,20,2025-11-19T13:00:00
FRVIAE20122077071,1b4c8df3140c49899a53d6c614ef431e,0.4,EUR,AD_HOC_PAYMENT,20,2025-11-19T13:00:00
FRVIAE10001486094,9ce4a9d0-ef0d-4bd5-a61c-f36a35f666b6,0.45,EUR,AD_HOC_PAYMENT,20,2026-03-09T00:00:00
FRVIAE10001486093,9ce4a9d0-ef0d-4bd5-a61c-f36a35f666b6,0.45,EUR,AD_HOC_PAYMENT,20,2026-03-09T00:00:00
FRVIAE10001486092,9ce4a9d0-ef0d-4bd5-a61c-f36a35f666b6,0.45,EUR,AD_HOC_PAYMENT,20,2026-03-09T00:00:00
FRVIAE10001486091,9ce4a9d0-ef0d-4bd5-a61c-f36a35f666b6,0.45,EUR,AD_HOC_PAYMENT,20,2026-03-09T00:00:00
FRVIAE12346438466,1b4c8df3140c49899a53d6c614ef431e,0.4,EUR,AD_HOC_PAYMENT,20,2025-11-19T13:00:00
FRVIAE12346438465,1b4c8df3140c49899a53d6c614ef431e,0.4,EUR,AD_HOC_PAYMENT,20,2025-11-19T13:00:00
FRVIAE12346438464,1b4c8df3140c49899a53d6c614ef431e,0.4,EUR,AD_HOC_PAYMENT,20,2025-11-19T13:00:00
FRVIAE12346438463,1b4c8df3140c49899a53d6c614ef431e,0.4,EUR,AD_HOC_PAYMENT,20,2025-11-19T13:00:00
FRVIAE12346438462,1b4c8df3140c49899a53d6c614ef431e,0.4,EUR,AD_HOC_PAYMENT,20,2025-11-19T13:00:00
FRVIAE12346438461,1b4c8df3140c49899a53d6c614ef431e,0.4,EUR,AD_HOC_PAYMENT,20,2025-11-19T13:00:00
FRVIAE20123014032,e9a95d1a-7f0c-49b8-a860-4f450bce162c,0.241,EUR,AD_HOC_PAYMENT,20,2026-03-09T00:00:00
FRVIAE20123014031,e9a95d1a-7f0c-49b8-a860-4f450bce162c,0.241,EUR,AD_HOC_PAYMENT,20,2026-03-09T00:00:00
FRVIAE20142081012,1b4c8df3140c49899a53d6c614ef431e,0.4,EUR,AD_HOC_PAYMENT,20,2025-11-19T13:00:00
FRVIAE20142081011,1b4c8df3140c49899a53d6c614ef431e,0.4,EUR,AD_HOC_PAYMENT,20,2025-11-19T13:00:00
FRVIAE20142107023,64cfd72818304ee28d3a875aef64d31b,0.45,EUR,AD_HOC_PAYMENT,20,2025-11-19T13:00:00
FRVIAE20142107022,64cfd72818304ee28d3a875aef64d31b,0.45,EUR,AD_HOC_PAYMENT,20,2025-11-19T13:00:00
FRVIAE20142107021,64cfd72818304ee28d3a875aef64d31b,0.45,EUR,AD_HOC_PAYMENT,20,2025-11-19T13:00:00
FRVIAE20142037023,1b4c8df3140c49899a53d6c614ef431e,0.4,EUR,AD_HOC_PAYMENT,20,2025-11-19T13:00:00
FRVIAE20142037022,64cfd72818304ee28d3a875aef64d31b,0.45,EUR,AD_HOC_PAYMENT,20,2025-11-19T13:00:00
FRVIAE20142037021,64cfd72818304ee28d3a875aef64d31b,0.45,EUR,AD_HOC_PAYMENT,20,2025-11-19T13:00:00
FRVIAE10001208432,1b4c8df3140c49899a53d6c614ef431e,0.4,EUR,AD_HOC_PAYMENT,20,2025-11-19T13:00:00
FRVIAE10001208431,1b4c8df3140c49899a53d6c614ef431e,0.4,EUR,AD_HOC_PAYMENT,20,2025-11-19T13:00:00
FRVIAE12345963474,9ce4a9d0-ef0d-4bd5-a61c-f36a35f666b6,0.45,EUR,AD_HOC_PAYMENT,20,2026-03-09T00:00:00
FRVIAE12345963473,9ce4a9d0-ef0d-4bd5-a61c-f36a35f666b6,0.45,EUR,AD_HOC_PAYMENT,20,2026-03-09T00:00:00
FRVIAE12345963472,9ce4a9d0-ef0d-4bd5-a61c-f36a35f666b6,0.45,EUR,AD_HOC_PAYMENT,20,2026-03-09T00:00:00
FRVIAE12345963471,9ce4a9d0-ef0d-4bd5-a61c-f36a35f666b6,0.45,EUR,AD_HOC_PAYMENT,20,2026-03-09T00:00:00
FRVIAE10001208402,1b4c8df3140c49899a53d6c614ef431e,0.4,EUR,AD_HOC_PAYMENT,20,2025-11-19T13:00:00
FRVIAE10001208401,1b4c8df3140c49899a53d6c614ef431e,0.4,EUR,AD_HOC_PAYMENT,20,2025-11-19T13:00:00
FRVIAE12345955444,1b4c8df3140c49899a53d6c614ef431e,0.4,EUR,AD_HOC_PAYMENT,20,2025-11-19T13:00:00
FRVIAE12345955443,1b4c8df3140c49899a53d6c614ef431e,0.4,EUR,AD_HOC_PAYMENT,20,2025-11-19T13:00:00
FRVIAE12345955442,1b4c8df3140c49899a53d6c614ef431e,0.4,EUR,AD_HOC_PAYMENT,20,2025-11-19T13:00:00
FRVIAE12345955441,1b4c8df3140c49899a53d6c614ef431e,0.4,EUR,AD_HOC_PAYMENT,20,2025-11-19T13:00:00
FRVIAE12345955669,1b4c8df3140c49899a53d6c614ef431e,0.4,EUR,AD_HOC_PAYMENT,20,2025-11-19T13:00:00
FRVIAE12345955668,1b4c8df3140c49899a53d6c614ef431e,0.4,EUR,AD_HOC_PAYMENT,20,2025-11-19T13:00:00
FRVIAE12345955667,1b4c8df3140c49899a53d6c614ef431e,0.4,EUR,AD_HOC_PAYMENT,20,2025-11-19T13:00:00
FRVIAE12345955666,1b4c8df3140c49899a53d6c614ef431e,0.4,EUR,AD_HOC_PAYMENT,20,2025-11-19T13:00:00
FRVIAE12345955665,1b4c8df3140c49899a53d6c614ef431e,0.4,EUR,AD_HOC_PAYMENT,20,2025-11-19T13:00:00
FRVIAE12345955664,1b4c8df3140c49899a53d6c614ef431e,0.4,EUR,AD_HOC_PAYMENT,20,2025-11-19T13:00:00
FRVIAE12345955663,1b4c8df3140c49899a53d6c614ef431e,0.4,EUR,AD_HOC_PAYMENT,20,2025-11-19T13:00:00
FRVIAE12345955662,1b4c8df3140c49899a53d6c614ef431e,0.4,EUR,AD_HOC_PAYMENT,20,2025-11-19T13:00:00
FRVIAE123459556610,1b4c8df3140c49899a53d6c614ef431e,0.4,EUR,AD_HOC_PAYMENT,20,2025-11-19T13:00:00
FRVIAE12345955661,1b4c8df3140c49899a53d6c614ef431e,0.4,EUR,AD_HOC_PAYMENT,20,2025-11-19T13:00:00
FRVIAE20142060013,1b4c8df3140c49899a53d6c614ef431e,0.4,EUR,AD_HOC_PAYMENT,20,2025-11-19T13:00:00
FRVIAE20142060012,1b4c8df3140c49899a53d6c614ef431e,0.4,EUR,AD_HOC_PAYMENT,20,2025-11-19T13:00:00
FRVIAE20142060011,1b4c8df3140c49899a53d6c614ef431e,0.4,EUR,AD_HOC_PAYMENT,20,2025-11-19T13:00:00
FRVIAE20142035012,1b4c8df3140c49899a53d6c614ef431e,0.4,EUR,AD_HOC_PAYMENT,20,2025-11-19T13:00:00
FRVIAE20142035011,1b4c8df3140c49899a53d6c614ef431e,0.4,EUR,AD_HOC_PAYMENT,20,2025-11-19T13:00:00
FRVIAE10001251234,9ce4a9d0-ef0d-4bd5-a61c-f36a35f666b6,0.45,EUR,AD_HOC_PAYMENT,20,2026-03-09T00:00:00
FRVIAE10001251233,9ce4a9d0-ef0d-4bd5-a61c-f36a35f666b6,0.45,EUR,AD_HOC_PAYMENT,20,2026-03-09T00:00:00
FRVIAE10001251232,9ce4a9d0-ef0d-4bd5-a61c-f36a35f666b6,0.45,EUR,AD_HOC_PAYMENT,20,2026-03-09T00:00:00
FRVIAE10001251231,9ce4a9d0-ef0d-4bd5-a61c-f36a35f666b6,0.45,EUR,AD_HOC_PAYMENT,20,2026-03-09T00:00:00
FRVIAE20142074012,1b4c8df3140c49899a53d6c614ef431e,0.4,EUR,AD_HOC_PAYMENT,20,2025-11-19T13:00:00
FRVIAE20142074011,1b4c8df3140c49899a53d6c614ef431e,0.4,EUR,AD_HOC_PAYMENT,20,2025-11-19T13:00:00
FRVIAE10001495054,9ce4a9d0-ef0d-4bd5-a61c-f36a35f666b6,0.45,EUR,AD_HOC_PAYMENT,20,2026-03-09T00:00:00
FRVIAE10001495053,9ce4a9d0-ef0d-4bd5-a61c-f36a35f666b6,0.45,EUR,AD_HOC_PAYMENT,20,2026-03-09T00:00:00
FRVIAE10001495052,9ce4a9d0-ef0d-4bd5-a61c-f36a35f666b6,0.45,EUR,AD_HOC_PAYMENT,20,2026-03-09T00:00:00
FRVIAE10001495051,9ce4a9d0-ef0d-4bd5-a61c-f36a35f666b6,0.45,EUR,AD_HOC_PAYMENT,20,2026-03-09T00:00:00
FRVIAE20123002028,e9a95d1a-7f0c-49b8-a860-4f450bce162c,0.241,EUR,AD_HOC_PAYMENT,20,2026-03-09T00:00:00
FRVIAE20123002027,e9a95d1a-7f0c-49b8-a860-4f450bce162c,0.241,EUR,AD_HOC_PAYMENT,20,2026-03-09T00:00:00
FRVIAE20123002026,e9a95d1a-7f0c-49b8-a860-4f450bce162c,0.241,EUR,AD_HOC_PAYMENT,20,2026-03-09T00:00:00
FRVIAE20123002025,e9a95d1a-7f0c-49b8-a860-4f450bce162c,0.241,EUR,AD_HOC_PAYMENT,20,2026-03-09T00:00:00
FRVIAE20123002024,e9a95d1a-7f0c-49b8-a860-4f450bce162c,0.241,EUR,AD_HOC_PAYMENT,20,2026-03-09T00:00:00
FRVIAE20123002023,e9a95d1a-7f0c-49b8-a860-4f450bce162c,0.241,EUR,AD_HOC_PAYMENT,20,2026-03-09T00:00:00
FRVIAE20123002022,e9a95d1a-7f0c-49b8-a860-4f450bce162c,0.241,EUR,AD_HOC_PAYMENT,20,2026-03-09T00:00:00
FRVIAE20123002021,e9a95d1a-7f0c-49b8-a860-4f450bce162c,0.241,EUR,AD_HOC_PAYMENT,20,2026-03-09T00:00:00
FRVIAE20142109032,64cfd72818304ee28d3a875aef64d31b,0.45,EUR,AD_HOC_PAYMENT,20,2025-11-19T13:00:00
FRVIAE20142109031,64cfd72818304ee28d3a875aef64d31b,0.45,EUR,AD_HOC_PAYMENT,20,2025-11-19T13:00:00
FRVIAE20142124012,1b4c8df3140c49899a53d6c614ef431e,0.4,EUR,AD_HOC_PAYMENT,20,2025-11-19T13:00:00
FRVIAE20142124011,1b4c8df3140c49899a53d6c614ef431e,0.4,EUR,AD_HOC_PAYMENT,20,2025-11-19T13:00:00
FRVIAE20142068023,1b4c8df3140c49899a53d6c614ef431e,0.4,EUR,AD_HOC_PAYMENT,20,2025-11-19T13:00:00
FRVIAE20142068022,64cfd72818304ee28d3a875aef64d31b,0.45,EUR,AD_HOC_PAYMENT,20,2025-11-19T13:00:00
FRVIAE20142068021,64cfd72818304ee28d3a875aef64d31b,0.45,EUR,AD_HOC_PAYMENT,20,2025-11-19T13:00:00
FRVIAE10001249264,9ce4a9d0-ef0d-4bd5-a61c-f36a35f666b6,0.45,EUR,AD_HOC_PAYMENT,20,2026-03-09T00:00:00
FRVIAE10001249263,9ce4a9d0-ef0d-4bd5-a61c-f36a35f666b6,0.45,EUR,AD_HOC_PAYMENT,20,2026-03-09T00:00:00
FRVIAE10001249262,9ce4a9d0-ef0d-4bd5-a61c-f36a35f666b6,0.45,EUR,AD_HOC_PAYMENT,20,2026-03-09T00:00:00
FRVIAE10001249261,9ce4a9d0-ef0d-4bd5-a61c-f36a35f666b6,0.45,EUR,AD_HOC_PAYMENT,20,2026-03-09T00:00:00
FRVIAE10001158022,1b4c8df3140c49899a53d6c614ef431e,0.4,EUR,AD_HOC_PAYMENT,20,2025-11-19T13:00:00
FRVIAE10001158021,1b4c8df3140c49899a53d6c614ef431e,0.4,EUR,AD_HOC_PAYMENT,20,2025-11-19T13:00:00
FRVIAE12346122073,84ba7e49-a9d1-41d9-85f4-d72d875ec724,0.575,EUR,AD_HOC_PAYMENT,20,2026-03-09T00:00:00
FRVIAE12346122072,84ba7e49-a9d1-41d9-85f4-d72d875ec724,0.575,EUR,AD_HOC_PAYMENT,20,2026-03-09T00:00:00
FRVIAE12346122071,84ba7e49-a9d1-41d9-85f4-d72d875ec724,0.575,EUR,AD_HOC_PAYMENT,20,2026-03-09T00:00:00
FRVIAE20122091072,1b4c8df3140c49899a53d6c614ef431e,0.4,EUR,AD_HOC_PAYMENT,20,2025-11-19T13:00:00
FRVIAE20122091071,1b4c8df3140c49899a53d6c614ef431e,0.4,EUR,AD_HOC_PAYMENT,20,2025-11-19T13:00:00
FRVIAE12346219244,9ce4a9d0-ef0d-4bd5-a61c-f36a35f666b6,0.45,EUR,AD_HOC_PAYMENT,20,2026-03-09T00:00:00
FRVIAE12346219243,9ce4a9d0-ef0d-4bd5-a61c-f36a35f666b6,0.45,EUR,AD_HOC_PAYMENT,20,2026-03-09T00:00:00
FRVIAE12346219242,9ce4a9d0-ef0d-4bd5-a61c-f36a35f666b6,0.45,EUR,AD_HOC_PAYMENT,20,2026-03-09T00:00:00
FRVIAE12346219241,9ce4a9d0-ef0d-4bd5-a61c-f36a35f666b6,0.45,EUR,AD_HOC_PAYMENT,20,2026-03-09T00:00:00
FRVIAE10001534254,9ce4a9d0-ef0d-4bd5-a61c-f36a35f666b6,0.45,EUR,AD_HOC_PAYMENT,20,2026-03-09T00:00:00
FRVIAE10001534253,9ce4a9d0-ef0d-4bd5-a61c-f36a35f666b6,0.45,EUR,AD_HOC_PAYMENT,20,2026-03-09T00:00:00
FRVIAE10001534252,9ce4a9d0-ef0d-4bd5-a61c-f36a35f666b6,0.45,EUR,AD_HOC_PAYMENT,20,2026-03-09T00:00:00
FRVIAE10001534251,9ce4a9d0-ef0d-4bd5-a61c-f36a35f666b6,0.45,EUR,AD_HOC_PAYMENT,20,2026-03-09T00:00:00
FRVIAE12346057112,1b4c8df3140c49899a53d6c614ef431e,0.4,EUR,AD_HOC_PAYMENT,20,2025-11-19T13:00:00
FRVIAE12346057111,1b4c8df3140c49899a53d6c614ef431e,0.4,EUR,AD_HOC_PAYMENT,20,2025-11-19T13:00:00
FRVIAE10001092952,1b4c8df3140c49899a53d6c614ef431e,0.4,EUR,AD_HOC_PAYMENT,20,2025-11-19T13:00:00
FRVIAE10001092951,1b4c8df3140c49899a53d6c614ef431e,0.4,EUR,AD_HOC_PAYMENT,20,2025-11-19T13:00:00
FRVIAE20101103112,87b962cf-5c99-4812-8f03-16f2047aba80,0.525,EUR,AD_HOC_PAYMENT,20,2026-02-23T00:00:00
FRVIAE20101103111,87b962cf-5c99-4812-8f03-16f2047aba80,0.525,EUR,AD_HOC_PAYMENT,20,2026-02-23T00:00:00
FRVIAE12346374612,1b4c8df3140c49899a53d6c614ef431e,0.4,EUR,AD_HOC_PAYMENT,20,2025-11-19T13:00:00
FRVIAE12346374611,1b4c8df3140c49899a53d6c614ef431e,0.4,EUR,AD_HOC_PAYMENT,20,2025-11-19T13:00:00
FRVIAE20142013012,1b4c8df3140c49899a53d6c614ef431e,0.4,EUR,AD_HOC_PAYMENT,20,2025-11-19T13:00:00
FRVIAE20142013011,1b4c8df3140c49899a53d6c614ef431e,0.4,EUR,AD_HOC_PAYMENT,20,2025-11-19T13:00:00
FRVIAE10000988252,0b46268150cf4976ad848e9cfbe14c78,0.5,EUR,AD_HOC_PAYMENT,20,2025-11-19T13:00:00
FRVIAE10000988251,0b46268150cf4976ad848e9cfbe14c78,0.5,EUR,AD_HOC_PAYMENT,20,2025-11-19T13:00:00
FRVIAE20142091012,1b4c8df3140c49899a53d6c614ef431e,0.4,EUR,AD_HOC_PAYMENT,20,2025-11-19T13:00:00
FRVIAE20142091011,1b4c8df3140c49899a53d6c614ef431e,0.4,EUR,AD_HOC_PAYMENT,20,2025-11-19T13:00:00
FRVIAE10001444872,1b4c8df3140c49899a53d6c614ef431e,0.4,EUR,AD_HOC_PAYMENT,20,2025-11-19T13:00:00
FRVIAE10001444871,1b4c8df3140c49899a53d6c614ef431e,0.4,EUR,AD_HOC_PAYMENT,20,2025-11-19T13:00:00
FRVIAE20142072012,1b4c8df3140c49899a53d6c614ef431e,0.4,EUR,AD_HOC_PAYMENT,20,2025-11-19T13:00:00
FRVIAE20142072011,1b4c8df3140c49899a53d6c614ef431e,0.4,EUR,AD_HOC_PAYMENT,20,2025-11-19T13:00:00
FRVIAE20142104013,1b4c8df3140c49899a53d6c614ef431e,0.4,EUR,AD_HOC_PAYMENT,20,2025-11-19T13:00:00
FRVIAE20142104012,1b4c8df3140c49899a53d6c614ef431e,0.4,EUR,AD_HOC_PAYMENT,20,2025-11-19T13:00:00
FRVIAE20142104011,1b4c8df3140c49899a53d6c614ef431e,0.4,EUR,AD_HOC_PAYMENT,20,2025-11-19T13:00:00
FRVIAE10001318444,9ce4a9d0-ef0d-4bd5-a61c-f36a35f666b6,0.45,EUR,AD_HOC_PAYMENT,20,2026-03-09T00:00:00
FRVIAE10001318443,9ce4a9d0-ef0d-4bd5-a61c-f36a35f666b6,0.45,EUR,AD_HOC_PAYMENT,20,2026-03-09T00:00:00
FRVIAE10001318442,9ce4a9d0-ef0d-4bd5-a61c-f36a35f666b6,0.45,EUR,AD_HOC_PAYMENT,20,2026-03-09T00:00:00
FRVIAE10001318441,9ce4a9d0-ef0d-4bd5-a61c-f36a35f666b6,0.45,EUR,AD_HOC_PAYMENT,20,2026-03-09T00:00:00
FRVIAE20111102022,64cfd72818304ee28d3a875aef64d31b,0.45,EUR,AD_HOC_PAYMENT,20,2025-11-19T13:00:00
FRVIAE20111102021,64cfd72818304ee28d3a875aef64d31b,0.45,EUR,AD_HOC_PAYMENT,20,2025-11-19T13:00:00
FRVIAE10001249274,9ce4a9d0-ef0d-4bd5-a61c-f36a35f666b6,0.45,EUR,AD_HOC_PAYMENT,20,2026-03-09T00:00:00
FRVIAE10001249273,9ce4a9d0-ef0d-4bd5-a61c-f36a35f666b6,0.45,EUR,AD_HOC_PAYMENT,20,2026-03-09T00:00:00
FRVIAE10001249272,9ce4a9d0-ef0d-4bd5-a61c-f36a35f666b6,0.45,EUR,AD_HOC_PAYMENT,20,2026-03-09T00:00:00
FRVIAE10001249271,9ce4a9d0-ef0d-4bd5-a61c-f36a35f666b6,0.45,EUR,AD_HOC_PAYMENT,20,2026-03-09T00:00:00
FRVIAE12345955752,1b4c8df3140c49899a53d6c614ef431e,0.4,EUR,AD_HOC_PAYMENT,20,2025-11-19T13:00:00
FRVIAE12345955751,1b4c8df3140c49899a53d6c614ef431e,0.4,EUR,AD_HOC_PAYMENT,20,2025-11-19T13:00:00
FRVIAE10001381442,65df1f1d-34c8-4886-a465-c0943f5e9ba2,0.45,EUR,AD_HOC_PAYMENT,20,2026-05-11T00:00:00
FRVIAE10001381441,65df1f1d-34c8-4886-a465-c0943f5e9ba2,0.45,EUR,AD_HOC_PAYMENT,20,2026-05-11T00:00:00
FRVIAE10001205682,1b4c8df3140c49899a53d6c614ef431e,0.4,EUR,AD_HOC_PAYMENT,20,2025-11-19T13:00:00
FRVIAE10001205681,1b4c8df3140c49899a53d6c614ef431e,0.4,EUR,AD_HOC_PAYMENT,20,2025-11-19T13:00:00
FRVIAE12346314932,1b4c8df3140c49899a53d6c614ef431e,0.4,EUR,AD_HOC_PAYMENT,20,2025-11-19T13:00:00
FRVIAE12346314931,1b4c8df3140c49899a53d6c614ef431e,0.4,EUR,AD_HOC_PAYMENT,20,2025-11-19T13:00:00
FRVIAE20142105012,1b4c8df3140c49899a53d6c614ef431e,0.4,EUR,AD_HOC_PAYMENT,20,2025-11-19T13:00:00
FRVIAE20142105011,1b4c8df3140c49899a53d6c614ef431e,0.4,EUR,AD_HOC_PAYMENT,20,2025-11-19T13:00:00
FRVIAE20142059012,1b4c8df3140c49899a53d6c614ef431e,0.4,EUR,AD_HOC_PAYMENT,20,2025-11-19T13:00:00
FRVIAE20142059011,1b4c8df3140c49899a53d6c614ef431e,0.4,EUR,AD_HOC_PAYMENT,20,2025-11-19T13:00:00
FRVIAE12346328762,1b4c8df3140c49899a53d6c614ef431e,0.4,EUR,AD_HOC_PAYMENT,20,2025-11-19T13:00:00
FRVIAE12346328761,1b4c8df3140c49899a53d6c614ef431e,0.4,EUR,AD_HOC_PAYMENT,20,2025-11-19T13:00:00
FRVIAE20122214029,1b4c8df3140c49899a53d6c614ef431e,0.4,EUR,AD_HOC_PAYMENT,20,2025-11-19T13:00:00
FRVIAE20122214028,1b4c8df3140c49899a53d6c614ef431e,0.4,EUR,AD_HOC_PAYMENT,20,2025-11-19T13:00:00
FRVIAE20122214027,1b4c8df3140c49899a53d6c614ef431e,0.4,EUR,AD_HOC_PAYMENT,20,2025-11-19T13:00:00
FRVIAE20122214026,1b4c8df3140c49899a53d6c614ef431e,0.4,EUR,AD_HOC_PAYMENT,20,2025-11-19T13:00:00
FRVIAE20122214025,1b4c8df3140c49899a53d6c614ef431e,0.4,EUR,AD_HOC_PAYMENT,20,2025-11-19T13:00:00
FRVIAE20122214024,1b4c8df3140c49899a53d6c614ef431e,0.4,EUR,AD_HOC_PAYMENT,20,2025-11-19T13:00:00
FRVIAE20122214023,1b4c8df3140c49899a53d6c614ef431e,0.4,EUR,AD_HOC_PAYMENT,20,2025-11-19T13:00:00
FRVIAE20122214022,1b4c8df3140c49899a53d6c614ef431e,0.4,EUR,AD_HOC_PAYMENT,20,2025-11-19T13:00:00
FRVIAE201222140210,1b4c8df3140c49899a53d6c614ef431e,0.4,EUR,AD_HOC_PAYMENT,20,2025-11-19T13:00:00
FRVIAE20122214021,1b4c8df3140c49899a53d6c614ef431e,0.4,EUR,AD_HOC_PAYMENT,20,2025-11-19T13:00:00
FRVIAE20122110019,1b4c8df3140c49899a53d6c614ef431e,0.4,EUR,AD_HOC_PAYMENT,20,2025-11-19T13:00:00
FRVIAE20122110018,1b4c8df3140c49899a53d6c614ef431e,0.4,EUR,AD_HOC_PAYMENT,20,2025-11-19T13:00:00
FRVIAE20122110017,1b4c8df3140c49899a53d6c614ef431e,0.4,EUR,AD_HOC_PAYMENT,20,2025-11-19T13:00:00
FRVIAE20122110016,1b4c8df3140c49899a53d6c614ef431e,0.4,EUR,AD_HOC_PAYMENT,20,2025-11-19T13:00:00
FRVIAE20122110015,1b4c8df3140c49899a53d6c614ef431e,0.4,EUR,AD_HOC_PAYMENT,20,2025-11-19T13:00:00
FRVIAE20122110014,1b4c8df3140c49899a53d6c614ef431e,0.4,EUR,AD_HOC_PAYMENT,20,2025-11-19T13:00:00
FRVIAE20122110013,1b4c8df3140c49899a53d6c614ef431e,0.4,EUR,AD_HOC_PAYMENT,20,2025-11-19T13:00:00
FRVIAE20122110012,1b4c8df3140c49899a53d6c614ef431e,0.4,EUR,AD_HOC_PAYMENT,20,2025-11-19T13:00:00
FRVIAE201221100112,1b4c8df3140c49899a53d6c614ef431e,0.4,EUR,AD_HOC_PAYMENT,20,2025-11-19T13:00:00
FRVIAE201221100111,1b4c8df3140c49899a53d6c614ef431e,0.4,EUR,AD_HOC_PAYMENT,20,2025-11-19T13:00:00
FRVIAE201221100110,1b4c8df3140c49899a53d6c614ef431e,0.4,EUR,AD_HOC_PAYMENT,20,2025-11-19T13:00:00
FRVIAE20122110011,1b4c8df3140c49899a53d6c614ef431e,0.4,EUR,AD_HOC_PAYMENT,20,2025-11-19T13:00:00
FRVIAE20122173019,1b4c8df3140c49899a53d6c614ef431e,0.4,EUR,AD_HOC_PAYMENT,20,2025-11-19T13:00:00
FRVIAE20122173018,1b4c8df3140c49899a53d6c614ef431e,0.4,EUR,AD_HOC_PAYMENT,20,2025-11-19T13:00:00
FRVIAE20122173017,1b4c8df3140c49899a53d6c614ef431e,0.4,EUR,AD_HOC_PAYMENT,20,2025-11-19T13:00:00
FRVIAE20122173016,1b4c8df3140c49899a53d6c614ef431e,0.4,EUR,AD_HOC_PAYMENT,20,2025-11-19T13:00:00
FRVIAE20122173015,1b4c8df3140c49899a53d6c614ef431e,0.4,EUR,AD_HOC_PAYMENT,20,2025-11-19T13:00:00
FRVIAE20122173014,1b4c8df3140c49899a53d6c614ef431e,0.4,EUR,AD_HOC_PAYMENT,20,2025-11-19T13:00:00
FRVIAE20122173013,1b4c8df3140c49899a53d6c614ef431e,0.4,EUR,AD_HOC_PAYMENT,20,2025-11-19T13:00:00
FRVIAE20122173012,1b4c8df3140c49899a53d6c614ef431e,0.4,EUR,AD_HOC_PAYMENT,20,2025-11-19T13:00:00
FRVIAE201221730112,1b4c8df3140c49899a53d6c614ef431e,0.4,EUR,AD_HOC_PAYMENT,20,2025-11-19T13:00:00
FRVIAE201221730111,1b4c8df3140c49899a53d6c614ef431e,0.4,EUR,AD_HOC_PAYMENT,20,2025-11-19T13:00:00
FRVIAE201221730110,1b4c8df3140c49899a53d6c614ef431e,0.4,EUR,AD_HOC_PAYMENT,20,2025-11-19T13:00:00
FRVIAE20122173011,1b4c8df3140c49899a53d6c614ef431e,0.4,EUR,AD_HOC_PAYMENT,20,2025-11-19T13:00:00
FRVIAE20161005092,5ac8fc13-69bd-4238-91fc-00d74021df49,0.433,EUR,AD_HOC_PAYMENT,20,2026-02-23T00:00:00
FRVIAE20161005091,5ac8fc13-69bd-4238-91fc-00d74021df49,0.433,EUR,AD_HOC_PAYMENT,20,2026-02-23T00:00:00
FRVIAE20142094012,1b4c8df3140c49899a53d6c614ef431e,0.4,EUR,AD_HOC_PAYMENT,20,2025-11-19T13:00:00
FRVIAE20142094011,1b4c8df3140c49899a53d6c614ef431e,0.4,EUR,AD_HOC_PAYMENT,20,2025-11-19T13:00:00
FRVIAE12346331129,1b4c8df3140c49899a53d6c614ef431e,0.4,EUR,AD_HOC_PAYMENT,20,2025-11-19T13:00:00
FRVIAE12346331128,1b4c8df3140c49899a53d6c614ef431e,0.4,EUR,AD_HOC_PAYMENT,20,2025-11-19T13:00:00
FRVIAE12346331127,1b4c8df3140c49899a53d6c614ef431e,0.4,EUR,AD_HOC_PAYMENT,20,2025-11-19T13:00:00
FRVIAE12346331126,1b4c8df3140c49899a53d6c614ef431e,0.4,EUR,AD_HOC_PAYMENT,20,2025-11-19T13:00:00
FRVIAE12346331125,1b4c8df3140c49899a53d6c614ef431e,0.4,EUR,AD_HOC_PAYMENT,20,2025-11-19T13:00:00
FRVIAE12346331124,1b4c8df3140c49899a53d6c614ef431e,0.4,EUR,AD_HOC_PAYMENT,20,2025-11-19T13:00:00
FRVIAE12346331123,1b4c8df3140c49899a53d6c614ef431e,0.4,EUR,AD_HOC_PAYMENT,20,2025-11-19T13:00:00
FRVIAE12346331122,1b4c8df3140c49899a53d6c614ef431e,0.4,EUR,AD_HOC_PAYMENT,20,2025-11-19T13:00:00
FRVIAE123463311212,1b4c8df3140c49899a53d6c614ef431e,0.4,EUR,AD_HOC_PAYMENT,20,2025-11-19T13:00:00
FRVIAE123463311211,1b4c8df3140c49899a53d6c614ef431e,0.4,EUR,AD_HOC_PAYMENT,20,2025-11-19T13:00:00
FRVIAE123463311210,1b4c8df3140c49899a53d6c614ef431e,0.4,EUR,AD_HOC_PAYMENT,20,2025-11-19T13:00:00
FRVIAE12346331121,1b4c8df3140c49899a53d6c614ef431e,0.4,EUR,AD_HOC_PAYMENT,20,2025-11-19T13:00:00
FRVIAE20142065023,1b4c8df3140c49899a53d6c614ef431e,0.4,EUR,AD_HOC_PAYMENT,20,2025-11-19T13:00:00
FRVIAE20142065022,64cfd72818304ee28d3a875aef64d31b,0.45,EUR,AD_HOC_PAYMENT,20,2025-11-19T13:00:00
FRVIAE20142065021,64cfd72818304ee28d3a875aef64d31b,0.45,EUR,AD_HOC_PAYMENT,20,2025-11-19T13:00:00
FRVIAE20122089072,1b4c8df3140c49899a53d6c614ef431e,0.4,EUR,AD_HOC_PAYMENT,20,2025-11-19T13:00:00
FRVIAE20122089071,1b4c8df3140c49899a53d6c614ef431e,0.4,EUR,AD_HOC_PAYMENT,20,2025-11-19T13:00:00
FRVIAE10001205462,65df1f1d-34c8-4886-a465-c0943f5e9ba2,0.45,EUR,AD_HOC_PAYMENT,20,2026-05-11T00:00:00
FRVIAE10001205461,65df1f1d-34c8-4886-a465-c0943f5e9ba2,0.45,EUR,AD_HOC_PAYMENT,20,2026-05-11T00:00:00
FRVIAE10001319552,87b962cf-5c99-4812-8f03-16f2047aba80,0.525,EUR,AD_HOC_PAYMENT,20,2026-02-23T00:00:00
FRVIAE10001319551,87b962cf-5c99-4812-8f03-16f2047aba80,0.525,EUR,AD_HOC_PAYMENT,20,2026-02-23T00:00:00
FRVIAE10001158012,1b4c8df3140c49899a53d6c614ef431e,0.4,EUR,AD_HOC_PAYMENT,20,2025-11-19T13:00:00
FRVIAE10001158011,1b4c8df3140c49899a53d6c614ef431e,0.4,EUR,AD_HOC_PAYMENT,20,2025-11-19T13:00:00
FRVIAE12345703823,0f286212-cb69-4cd7-abda-c0368a02ccbf,0.325,EUR,AD_HOC_PAYMENT,20,2026-03-09T00:00:00
FRVIAE12345703822,0f286212-cb69-4cd7-abda-c0368a02ccbf,0.325,EUR,AD_HOC_PAYMENT,20,2026-03-09T00:00:00
FRVIAE12345703821,0f286212-cb69-4cd7-abda-c0368a02ccbf,0.325,EUR,AD_HOC_PAYMENT,20,2026-03-09T00:00:00
FRVIAE10001218583,64cfd72818304ee28d3a875aef64d31b,0.45,EUR,AD_HOC_PAYMENT,20,2025-11-19T13:00:00
FRVIAE10001218582,64cfd72818304ee28d3a875aef64d31b,0.45,EUR,AD_HOC_PAYMENT,20,2025-11-19T13:00:00
FRVIAE10001218581,64cfd72818304ee28d3a875aef64d31b,0.45,EUR,AD_HOC_PAYMENT,20,2025-11-19T13:00:00
FRVIAE20111103022,64cfd72818304ee28d3a875aef64d31b,0.45,EUR,AD_HOC_PAYMENT,20,2025-11-19T13:00:00
FRVIAE20111103021,64cfd72818304ee28d3a875aef64d31b,0.45,EUR,AD_HOC_PAYMENT,20,2025-11-19T13:00:00
FRVIAE10001093002,1b4c8df3140c49899a53d6c614ef431e,0.4,EUR,AD_HOC_PAYMENT,20,2025-11-19T13:00:00
FRVIAE10001093001,1b4c8df3140c49899a53d6c614ef431e,0.4,EUR,AD_HOC_PAYMENT,20,2025-11-19T13:00:00
FRVIAE10001445534,9ce4a9d0-ef0d-4bd5-a61c-f36a35f666b6,0.45,EUR,AD_HOC_PAYMENT,20,2026-03-09T00:00:00
FRVIAE10001445533,9ce4a9d0-ef0d-4bd5-a61c-f36a35f666b6,0.45,EUR,AD_HOC_PAYMENT,20,2026-03-09T00:00:00
FRVIAE10001445532,9ce4a9d0-ef0d-4bd5-a61c-f36a35f666b6,0.45,EUR,AD_HOC_PAYMENT,20,2026-03-09T00:00:00
FRVIAE10001445531,9ce4a9d0-ef0d-4bd5-a61c-f36a35f666b6,0.45,EUR,AD_HOC_PAYMENT,20,2026-03-09T00:00:00
FRVIAE10001251244,9ce4a9d0-ef0d-4bd5-a61c-f36a35f666b6,0.45,EUR,AD_HOC_PAYMENT,20,2026-03-09T00:00:00
FRVIAE10001251243,9ce4a9d0-ef0d-4bd5-a61c-f36a35f666b6,0.45,EUR,AD_HOC_PAYMENT,20,2026-03-09T00:00:00
FRVIAE10001251242,9ce4a9d0-ef0d-4bd5-a61c-f36a35f666b6,0.45,EUR,AD_HOC_PAYMENT,20,2026-03-09T00:00:00
FRVIAE10001251241,9ce4a9d0-ef0d-4bd5-a61c-f36a35f666b6,0.45,EUR,AD_HOC_PAYMENT,20,2026-03-09T00:00:00
FRVIAE20142080013,1b4c8df3140c49899a53d6c614ef431e,0.4,EUR,AD_HOC_PAYMENT,20,2025-11-19T13:00:00
FRVIAE20142080012,1b4c8df3140c49899a53d6c614ef431e,0.4,EUR,AD_HOC_PAYMENT,20,2025-11-19T13:00:00
FRVIAE20142080011,1b4c8df3140c49899a53d6c614ef431e,0.4,EUR,AD_HOC_PAYMENT,20,2025-11-19T13:00:00
FRVIAE12346451762,9ce4a9d0-ef0d-4bd5-a61c-f36a35f666b6,0.45,EUR,AD_HOC_PAYMENT,20,2026-03-09T00:00:00
FRVIAE12346451761,9ce4a9d0-ef0d-4bd5-a61c-f36a35f666b6,0.45,EUR,AD_HOC_PAYMENT,20,2026-03-09T00:00:00
FRVIAE20122239092,1b4c8df3140c49899a53d6c614ef431e,0.4,EUR,AD_HOC_PAYMENT,20,2025-11-19T13:00:00
FRVIAE20122239091,1b4c8df3140c49899a53d6c614ef431e,0.4,EUR,AD_HOC_PAYMENT,20,2025-11-19T13:00:00
FRVIAE20124001032,64cfd72818304ee28d3a875aef64d31b,0.45,EUR,AD_HOC_PAYMENT,20,2025-11-19T13:00:00
FRVIAE20124001031,64cfd72818304ee28d3a875aef64d31b,0.45,EUR,AD_HOC_PAYMENT,20,2025-11-19T13:00:00
FRVIAE12346397252,1b4c8df3140c49899a53d6c614ef431e,0.4,EUR,AD_HOC_PAYMENT,20,2025-11-19T13:00:00
FRVIAE12346397251,1b4c8df3140c49899a53d6c614ef431e,0.4,EUR,AD_HOC_PAYMENT,20,2025-11-19T13:00:00
FRVIAE10001158032,1b4c8df3140c49899a53d6c614ef431e,0.4,EUR,AD_HOC_PAYMENT,20,2025-11-19T13:00:00
FRVIAE10001158031,1b4c8df3140c49899a53d6c614ef431e,0.4,EUR,AD_HOC_PAYMENT,20,2025-11-19T13:00:00
FRVIAE10001231092,87b962cf-5c99-4812-8f03-16f2047aba80,0.525,EUR,AD_HOC_PAYMENT,20,2026-02-23T00:00:00
FRVIAE10001231091,87b962cf-5c99-4812-8f03-16f2047aba80,0.525,EUR,AD_HOC_PAYMENT,20,2026-02-23T00:00:00
FRVIAE20122063122,1b4c8df3140c49899a53d6c614ef431e,0.4,EUR,AD_HOC_PAYMENT,20,2025-11-19T13:00:00
FRVIAE20122063121,1b4c8df3140c49899a53d6c614ef431e,0.4,EUR,AD_HOC_PAYMENT,20,2025-11-19T13:00:00
FRVIAE20142053013,1b4c8df3140c49899a53d6c614ef431e,0.4,EUR,AD_HOC_PAYMENT,20,2025-11-19T13:00:00
FRVIAE20142053012,1b4c8df3140c49899a53d6c614ef431e,0.4,EUR,AD_HOC_PAYMENT,20,2025-11-19T13:00:00
FRVIAE20142053011,1b4c8df3140c49899a53d6c614ef431e,0.4,EUR,AD_HOC_PAYMENT,20,2025-11-19T13:00:00
FRVIAE12345954836,1b4c8df3140c49899a53d6c614ef431e,0.4,EUR,AD_HOC_PAYMENT,20,2025-11-19T13:00:00
FRVIAE12345954835,1b4c8df3140c49899a53d6c614ef431e,0.4,EUR,AD_HOC_PAYMENT,20,2025-11-19T13:00:00
FRVIAE12345954834,1b4c8df3140c49899a53d6c614ef431e,0.4,EUR,AD_HOC_PAYMENT,20,2025-11-19T13:00:00
FRVIAE12345954833,1b4c8df3140c49899a53d6c614ef431e,0.4,EUR,AD_HOC_PAYMENT,20,2025-11-19T13:00:00
FRVIAE12345954832,1b4c8df3140c49899a53d6c614ef431e,0.4,EUR,AD_HOC_PAYMENT,20,2025-11-19T13:00:00
FRVIAE12345954831,1b4c8df3140c49899a53d6c614ef431e,0.4,EUR,AD_HOC_PAYMENT,20,2025-11-19T13:00:00
FRVIAE10001169643,84ba7e49-a9d1-41d9-85f4-d72d875ec724,0.575,EUR,AD_HOC_PAYMENT,20,2026-03-09T00:00:00
FRVIAE10001169642,84ba7e49-a9d1-41d9-85f4-d72d875ec724,0.575,EUR,AD_HOC_PAYMENT,20,2026-03-09T00:00:00
FRVIAE10001169641,84ba7e49-a9d1-41d9-85f4-d72d875ec724,0.575,EUR,AD_HOC_PAYMENT,20,2026-03-09T00:00:00
FRVIAE20142016012,1b4c8df3140c49899a53d6c614ef431e,0.4,EUR,AD_HOC_PAYMENT,20,2025-11-19T13:00:00
FRVIAE20142016011,1b4c8df3140c49899a53d6c614ef431e,0.4,EUR,AD_HOC_PAYMENT,20,2025-11-19T13:00:00
FRVIAE20142038012,1b4c8df3140c49899a53d6c614ef431e,0.4,EUR,AD_HOC_PAYMENT,20,2025-11-19T13:00:00
FRVIAE20142038011,1b4c8df3140c49899a53d6c614ef431e,0.4,EUR,AD_HOC_PAYMENT,20,2025-11-19T13:00:00
FRVIAE12345715404,9ce4a9d0-ef0d-4bd5-a61c-f36a35f666b6,0.45,EUR,AD_HOC_PAYMENT,20,2026-03-09T00:00:00
FRVIAE12345715403,9ce4a9d0-ef0d-4bd5-a61c-f36a35f666b6,0.45,EUR,AD_HOC_PAYMENT,20,2026-03-09T00:00:00
FRVIAE12345715402,9ce4a9d0-ef0d-4bd5-a61c-f36a35f666b6,0.45,EUR,AD_HOC_PAYMENT,20,2026-03-09T00:00:00
FRVIAE12345715401,9ce4a9d0-ef0d-4bd5-a61c-f36a35f666b6,0.45,EUR,AD_HOC_PAYMENT,20,2026-03-09T00:00:00
FRVIAE20122072072,1b4c8df3140c49899a53d6c614ef431e,0.4,EUR,AD_HOC_PAYMENT,20,2025-11-19T13:00:00
FRVIAE20122072071,1b4c8df3140c49899a53d6c614ef431e,0.4,EUR,AD_HOC_PAYMENT,20,2025-11-19T13:00:00
FRVIAE20142055012,1b4c8df3140c49899a53d6c614ef431e,0.4,EUR,AD_HOC_PAYMENT,20,2025-11-19T13:00:00
FRVIAE20142055011,1b4c8df3140c49899a53d6c614ef431e,0.4,EUR,AD_HOC_PAYMENT,20,2025-11-19T13:00:00
FRVIAE20142026012,1b4c8df3140c49899a53d6c614ef431e,0.4,EUR,AD_HOC_PAYMENT,20,2025-11-19T13:00:00
FRVIAE20142026011,1b4c8df3140c49899a53d6c614ef431e,0.4,EUR,AD_HOC_PAYMENT,20,2025-11-19T13:00:00
FRVIAE20122068019,1b4c8df3140c49899a53d6c614ef431e,0.4,EUR,AD_HOC_PAYMENT,20,2025-11-19T13:00:00
FRVIAE20122068018,1b4c8df3140c49899a53d6c614ef431e,0.4,EUR,AD_HOC_PAYMENT,20,2025-11-19T13:00:00
FRVIAE20122068017,1b4c8df3140c49899a53d6c614ef431e,0.4,EUR,AD_HOC_PAYMENT,20,2025-11-19T13:00:00
FRVIAE20122068016,1b4c8df3140c49899a53d6c614ef431e,0.4,EUR,AD_HOC_PAYMENT,20,2025-11-19T13:00:00
FRVIAE20122068015,1b4c8df3140c49899a53d6c614ef431e,0.4,EUR,AD_HOC_PAYMENT,20,2025-11-19T13:00:00
FRVIAE20122068014,1b4c8df3140c49899a53d6c614ef431e,0.4,EUR,AD_HOC_PAYMENT,20,2025-11-19T13:00:00
FRVIAE20122068013,1b4c8df3140c49899a53d6c614ef431e,0.4,EUR,AD_HOC_PAYMENT,20,2025-11-19T13:00:00
FRVIAE20122068012,1b4c8df3140c49899a53d6c614ef431e,0.4,EUR,AD_HOC_PAYMENT,20,2025-11-19T13:00:00
FRVIAE201220680112,1b4c8df3140c49899a53d6c614ef431e,0.4,EUR,AD_HOC_PAYMENT,20,2025-11-19T13:00:00
FRVIAE201220680111,1b4c8df3140c49899a53d6c614ef431e,0.4,EUR,AD_HOC_PAYMENT,20,2025-11-19T13:00:00
FRVIAE201220680110,1b4c8df3140c49899a53d6c614ef431e,0.4,EUR,AD_HOC_PAYMENT,20,2025-11-19T13:00:00
FRVIAE20122068011,1b4c8df3140c49899a53d6c614ef431e,0.4,EUR,AD_HOC_PAYMENT,20,2025-11-19T13:00:00
FRVIAE12346295849,1b4c8df3140c49899a53d6c614ef431e,0.4,EUR,AD_HOC_PAYMENT,20,2025-11-19T13:00:00
FRVIAE12346295848,1b4c8df3140c49899a53d6c614ef431e,0.4,EUR,AD_HOC_PAYMENT,20,2025-11-19T13:00:00
FRVIAE12346295847,1b4c8df3140c49899a53d6c614ef431e,0.4,EUR,AD_HOC_PAYMENT,20,2025-11-19T13:00:00
FRVIAE12346295846,1b4c8df3140c49899a53d6c614ef431e,0.4,EUR,AD_HOC_PAYMENT,20,2025-11-19T13:00:00
FRVIAE12346295845,1b4c8df3140c49899a53d6c614ef431e,0.4,EUR,AD_HOC_PAYMENT,20,2025-11-19T13:00:00
FRVIAE12346295844,1b4c8df3140c49899a53d6c614ef431e,0.4,EUR,AD_HOC_PAYMENT,20,2025-11-19T13:00:00
FRVIAE12346295843,1b4c8df3140c49899a53d6c614ef431e,0.4,EUR,AD_HOC_PAYMENT,20,2025-11-19T13:00:00
FRVIAE12346295842,1b4c8df3140c49899a53d6c614ef431e,0.4,EUR,AD_HOC_PAYMENT,20,2025-11-19T13:00:00
FRVIAE123462958410,1b4c8df3140c49899a53d6c614ef431e,0.4,EUR,AD_HOC_PAYMENT,20,2025-11-19T13:00:00
FRVIAE12346295841,1b4c8df3140c49899a53d6c614ef431e,0.4,EUR,AD_HOC_PAYMENT,20,2025-11-19T13:00:00
FRVIAE12346339102,1b4c8df3140c49899a53d6c614ef431e,0.4,EUR,AD_HOC_PAYMENT,20,2025-11-19T13:00:00
FRVIAE12346339101,1b4c8df3140c49899a53d6c614ef431e,0.4,EUR,AD_HOC_PAYMENT,20,2025-11-19T13:00:00
FRVIAE20142050012,1b4c8df3140c49899a53d6c614ef431e,0.4,EUR,AD_HOC_PAYMENT,20,2025-11-19T13:00:00
FRVIAE20142050011,1b4c8df3140c49899a53d6c614ef431e,0.4,EUR,AD_HOC_PAYMENT,20,2025-11-19T13:00:00
FRVIAE12345955326,1b4c8df3140c49899a53d6c614ef431e,0.4,EUR,AD_HOC_PAYMENT,20,2025-11-19T13:00:00
FRVIAE12345955325,1b4c8df3140c49899a53d6c614ef431e,0.4,EUR,AD_HOC_PAYMENT,20,2025-11-19T13:00:00
FRVIAE12345955324,1b4c8df3140c49899a53d6c614ef431e,0.4,EUR,AD_HOC_PAYMENT,20,2025-11-19T13:00:00
FRVIAE12345955323,1b4c8df3140c49899a53d6c614ef431e,0.4,EUR,AD_HOC_PAYMENT,20,2025-11-19T13:00:00
FRVIAE12345955322,1b4c8df3140c49899a53d6c614ef431e,0.4,EUR,AD_HOC_PAYMENT,20,2025-11-19T13:00:00
FRVIAE12345955321,1b4c8df3140c49899a53d6c614ef431e,0.4,EUR,AD_HOC_PAYMENT,20,2025-11-19T13:00:00
FRVIAE10001475414,9ce4a9d0-ef0d-4bd5-a61c-f36a35f666b6,0.45,EUR,AD_HOC_PAYMENT,20,2026-03-09T00:00:00
FRVIAE10001475413,9ce4a9d0-ef0d-4bd5-a61c-f36a35f666b6,0.45,EUR,AD_HOC_PAYMENT,20,2026-03-09T00:00:00
FRVIAE10001475412,9ce4a9d0-ef0d-4bd5-a61c-f36a35f666b6,0.45,EUR,AD_HOC_PAYMENT,20,2026-03-09T00:00:00
FRVIAE10001475411,9ce4a9d0-ef0d-4bd5-a61c-f36a35f666b6,0.45,EUR,AD_HOC_PAYMENT,20,2026-03-09T00:00:00
FRVIAE20101002022,87b962cf-5c99-4812-8f03-16f2047aba80,0.525,EUR,AD_HOC_PAYMENT,20,2026-02-23T00:00:00
FRVIAE20101002021,87b962cf-5c99-4812-8f03-16f2047aba80,0.525,EUR,AD_HOC_PAYMENT,20,2026-02-23T00:00:00
FRVIAE20143001012,64cfd72818304ee28d3a875aef64d31b,0.45,EUR,AD_HOC_PAYMENT,20,2025-11-19T13:00:00
FRVIAE20143001011,64cfd72818304ee28d3a875aef64d31b,0.45,EUR,AD_HOC_PAYMENT,20,2025-11-19T13:00:00
FRVIAE10001205392,65df1f1d-34c8-4886-a465-c0943f5e9ba2,0.45,EUR,AD_HOC_PAYMENT,20,2026-05-11T00:00:00
FRVIAE10001205391,65df1f1d-34c8-4886-a465-c0943f5e9ba2,0.45,EUR,AD_HOC_PAYMENT,20,2026-05-11T00:00:00
FRVIAE20122087072,1b4c8df3140c49899a53d6c614ef431e,0.4,EUR,AD_HOC_PAYMENT,20,2025-11-19T13:00:00
FRVIAE20122087071,1b4c8df3140c49899a53d6c614ef431e,0.4,EUR,AD_HOC_PAYMENT,20,2025-11-19T13:00:00
FRVIAE20142098012,1b4c8df3140c49899a53d6c614ef431e,0.4,EUR,AD_HOC_PAYMENT,20,2025-11-19T13:00:00
FRVIAE20142098011,1b4c8df3140c49899a53d6c614ef431e,0.4,EUR,AD_HOC_PAYMENT,20,2025-11-19T13:00:00
FRVIAE10001498024,9ce4a9d0-ef0d-4bd5-a61c-f36a35f666b6,0.45,EUR,AD_HOC_PAYMENT,20,2026-03-09T00:00:00
FRVIAE10001498023,9ce4a9d0-ef0d-4bd5-a61c-f36a35f666b6,0.45,EUR,AD_HOC_PAYMENT,20,2026-03-09T00:00:00
FRVIAE10001498022,9ce4a9d0-ef0d-4bd5-a61c-f36a35f666b6,0.45,EUR,AD_HOC_PAYMENT,20,2026-03-09T00:00:00
FRVIAE10001498021,9ce4a9d0-ef0d-4bd5-a61c-f36a35f666b6,0.45,EUR,AD_HOC_PAYMENT,20,2026-03-09T00:00:00
FRVIAE10001249284,9ce4a9d0-ef0d-4bd5-a61c-f36a35f666b6,0.45,EUR,AD_HOC_PAYMENT,20,2026-03-09T00:00:00
FRVIAE10001249283,9ce4a9d0-ef0d-4bd5-a61c-f36a35f666b6,0.45,EUR,AD_HOC_PAYMENT,20,2026-03-09T00:00:00
FRVIAE10001249282,9ce4a9d0-ef0d-4bd5-a61c-f36a35f666b6,0.45,EUR,AD_HOC_PAYMENT,20,2026-03-09T00:00:00
FRVIAE10001249281,9ce4a9d0-ef0d-4bd5-a61c-f36a35f666b6,0.45,EUR,AD_HOC_PAYMENT,20,2026-03-09T00:00:00
FRVIAE20161001052,fa6213d8-d5b6-4194-9c4e-3d089601e0b6,0.458,EUR,AD_HOC_PAYMENT,20,2026-02-23T00:00:00
FRVIAE20161001051,fa6213d8-d5b6-4194-9c4e-3d089601e0b6,0.458,EUR,AD_HOC_PAYMENT,20,2026-02-23T00:00:00
FRVIAE20161004112,5ac8fc13-69bd-4238-91fc-00d74021df49,0.433,EUR,AD_HOC_PAYMENT,20,2026-02-23T00:00:00
FRVIAE20161004111,5ac8fc13-69bd-4238-91fc-00d74021df49,0.433,EUR,AD_HOC_PAYMENT,20,2026-02-23T00:00:00
FRVIAE10001169753,84ba7e49-a9d1-41d9-85f4-d72d875ec724,0.575,EUR,AD_HOC_PAYMENT,20,2026-03-09T00:00:00
FRVIAE10001169752,84ba7e49-a9d1-41d9-85f4-d72d875ec724,0.575,EUR,AD_HOC_PAYMENT,20,2026-03-09T00:00:00
FRVIAE10001169751,84ba7e49-a9d1-41d9-85f4-d72d875ec724,0.575,EUR,AD_HOC_PAYMENT,20,2026-03-09T00:00:00
FRVIAE20142006012,1b4c8df3140c49899a53d6c614ef431e,0.4,EUR,AD_HOC_PAYMENT,20,2025-11-19T13:00:00
FRVIAE20142006011,1b4c8df3140c49899a53d6c614ef431e,0.4,EUR,AD_HOC_PAYMENT,20,2025-11-19T13:00:00
FRVIAE12346087819,1b4c8df3140c49899a53d6c614ef431e,0.4,EUR,AD_HOC_PAYMENT,20,2025-11-19T13:00:00
FRVIAE12346087818,1b4c8df3140c49899a53d6c614ef431e,0.4,EUR,AD_HOC_PAYMENT,20,2025-11-19T13:00:00
FRVIAE12346087817,1b4c8df3140c49899a53d6c614ef431e,0.4,EUR,AD_HOC_PAYMENT,20,2025-11-19T13:00:00
FRVIAE12346087816,1b4c8df3140c49899a53d6c614ef431e,0.4,EUR,AD_HOC_PAYMENT,20,2025-11-19T13:00:00
FRVIAE12346087815,1b4c8df3140c49899a53d6c614ef431e,0.4,EUR,AD_HOC_PAYMENT,20,2025-11-19T13:00:00
FRVIAE12346087814,1b4c8df3140c49899a53d6c614ef431e,0.4,EUR,AD_HOC_PAYMENT,20,2025-11-19T13:00:00
FRVIAE12346087813,1b4c8df3140c49899a53d6c614ef431e,0.4,EUR,AD_HOC_PAYMENT,20,2025-11-19T13:00:00
FRVIAE12346087812,1b4c8df3140c49899a53d6c614ef431e,0.4,EUR,AD_HOC_PAYMENT,20,2025-11-19T13:00:00
FRVIAE123460878110,1b4c8df3140c49899a53d6c614ef431e,0.4,EUR,AD_HOC_PAYMENT,20,2025-11-19T13:00:00
FRVIAE12346087811,1b4c8df3140c49899a53d6c614ef431e,0.4,EUR,AD_HOC_PAYMENT,20,2025-11-19T13:00:00
FRVIAE12345954849,1b4c8df3140c49899a53d6c614ef431e,0.4,EUR,AD_HOC_PAYMENT,20,2025-11-19T13:00:00
FRVIAE12345954848,1b4c8df3140c49899a53d6c614ef431e,0.4,EUR,AD_HOC_PAYMENT,20,2025-11-19T13:00:00
FRVIAE12345954847,1b4c8df3140c49899a53d6c614ef431e,0.4,EUR,AD_HOC_PAYMENT,20,2025-11-19T13:00:00
FRVIAE12345954846,1b4c8df3140c49899a53d6c614ef431e,0.4,EUR,AD_HOC_PAYMENT,20,2025-11-19T13:00:00
FRVIAE12345954845,1b4c8df3140c49899a53d6c614ef431e,0.4,EUR,AD_HOC_PAYMENT,20,2025-11-19T13:00:00
FRVIAE12345954844,1b4c8df3140c49899a53d6c614ef431e,0.4,EUR,AD_HOC_PAYMENT,20,2025-11-19T13:00:00
FRVIAE12345954843,1b4c8df3140c49899a53d6c614ef431e,0.4,EUR,AD_HOC_PAYMENT,20,2025-11-19T13:00:00
FRVIAE12345954842,1b4c8df3140c49899a53d6c614ef431e,0.4,EUR,AD_HOC_PAYMENT,20,2025-11-19T13:00:00
FRVIAE123459548412,1b4c8df3140c49899a53d6c614ef431e,0.4,EUR,AD_HOC_PAYMENT,20,2025-11-19T13:00:00
FRVIAE123459548411,1b4c8df3140c49899a53d6c614ef431e,0.4,EUR,AD_HOC_PAYMENT,20,2025-11-19T13:00:00
FRVIAE123459548410,1b4c8df3140c49899a53d6c614ef431e,0.4,EUR,AD_HOC_PAYMENT,20,2025-11-19T13:00:00
FRVIAE12345954841,1b4c8df3140c49899a53d6c614ef431e,0.4,EUR,AD_HOC_PAYMENT,20,2025-11-19T13:00:00
FRVIAE10001480672,0f286212-cb69-4cd7-abda-c0368a02ccbf,0.325,EUR,AD_HOC_PAYMENT,20,2026-03-09T00:00:00
FRVIAE10001480671,0f286212-cb69-4cd7-abda-c0368a02ccbf,0.325,EUR,AD_HOC_PAYMENT,20,2026-03-09T00:00:00
FRVIAE20142023012,1b4c8df3140c49899a53d6c614ef431e,0.4,EUR,AD_HOC_PAYMENT,20,2025-11-19T13:00:00
FRVIAE20142023011,1b4c8df3140c49899a53d6c614ef431e,0.4,EUR,AD_HOC_PAYMENT,20,2025-11-19T13:00:00
FRVIAE12346304943,9ce4a9d0-ef0d-4bd5-a61c-f36a35f666b6,0.45,EUR,AD_HOC_PAYMENT,20,2026-03-09T00:00:00
FRVIAE12346304942,9ce4a9d0-ef0d-4bd5-a61c-f36a35f666b6,0.45,EUR,AD_HOC_PAYMENT,20,2026-03-09T00:00:00
FRVIAE20142044012,1b4c8df3140c49899a53d6c614ef431e,0.4,EUR,AD_HOC_PAYMENT,20,2025-11-19T13:00:00
FRVIAE20142044011,1b4c8df3140c49899a53d6c614ef431e,0.4,EUR,AD_HOC_PAYMENT,20,2025-11-19T13:00:00
FRVIAE12345727992,1b4c8df3140c49899a53d6c614ef431e,0.4,EUR,AD_HOC_PAYMENT,20,2025-11-19T13:00:00
FRVIAE12345727991,1b4c8df3140c49899a53d6c614ef431e,0.4,EUR,AD_HOC_PAYMENT,20,2025-11-19T13:00:00
FRVIAE10001319564,9ce4a9d0-ef0d-4bd5-a61c-f36a35f666b6,0.45,EUR,AD_HOC_PAYMENT,20,2026-03-09T00:00:00
FRVIAE10001319563,9ce4a9d0-ef0d-4bd5-a61c-f36a35f666b6,0.45,EUR,AD_HOC_PAYMENT,20,2026-03-09T00:00:00
FRVIAE10001319562,9ce4a9d0-ef0d-4bd5-a61c-f36a35f666b6,0.45,EUR,AD_HOC_PAYMENT,20,2026-03-09T00:00:00
FRVIAE10001319561,9ce4a9d0-ef0d-4bd5-a61c-f36a35f666b6,0.45,EUR,AD_HOC_PAYMENT,20,2026-03-09T00:00:00
FRVIAE20103003022,84ba7e49-a9d1-41d9-85f4-d72d875ec724,0.575,EUR,AD_HOC_PAYMENT,20,2026-03-09T00:00:00
FRVIAE20103003021,84ba7e49-a9d1-41d9-85f4-d72d875ec724,0.575,EUR,AD_HOC_PAYMENT,20,2026-03-09T00:00:00
FRVIAE10001231112,87b962cf-5c99-4812-8f03-16f2047aba80,0.525,EUR,AD_HOC_PAYMENT,20,2026-02-23T00:00:00
FRVIAE10001231111,87b962cf-5c99-4812-8f03-16f2047aba80,0.525,EUR,AD_HOC_PAYMENT,20,2026-02-23T00:00:00
FRVIAE20111101032,64cfd72818304ee28d3a875aef64d31b,0.45,EUR,AD_HOC_PAYMENT,20,2025-11-19T13:00:00
FRVIAE20111101031,64cfd72818304ee28d3a875aef64d31b,0.45,EUR,AD_HOC_PAYMENT,20,2025-11-19T13:00:00
FRVIAE10001093042,1b4c8df3140c49899a53d6c614ef431e,0.4,EUR,AD_HOC_PAYMENT,20,2025-11-19T13:00:00
FRVIAE10001093041,1b4c8df3140c49899a53d6c614ef431e,0.4,EUR,AD_HOC_PAYMENT,20,2025-11-19T13:00:00
FRVIAE20142021013,1b4c8df3140c49899a53d6c614ef431e,0.4,EUR,AD_HOC_PAYMENT,20,2025-11-19T13:00:00
FRVIAE20142021012,1b4c8df3140c49899a53d6c614ef431e,0.4,EUR,AD_HOC_PAYMENT,20,2025-11-19T13:00:00
FRVIAE20142021011,1b4c8df3140c49899a53d6c614ef431e,0.4,EUR,AD_HOC_PAYMENT,20,2025-11-19T13:00:00
FRVIAE20142056012,1b4c8df3140c49899a53d6c614ef431e,0.4,EUR,AD_HOC_PAYMENT,20,2025-11-19T13:00:00
FRVIAE20142056011,1b4c8df3140c49899a53d6c614ef431e,0.4,EUR,AD_HOC_PAYMENT,20,2025-11-19T13:00:00
FRVIAE20142073013,1b4c8df3140c49899a53d6c614ef431e,0.4,EUR,AD_HOC_PAYMENT,20,2025-11-19T13:00:00
FRVIAE20142073012,1b4c8df3140c49899a53d6c614ef431e,0.4,EUR,AD_HOC_PAYMENT,20,2025-11-19T13:00:00
FRVIAE20142073011,1b4c8df3140c49899a53d6c614ef431e,0.4,EUR,AD_HOC_PAYMENT,20,2025-11-19T13:00:00
FRVIAE20142086012,1b4c8df3140c49899a53d6c614ef431e,0.4,EUR,AD_HOC_PAYMENT,20,2025-11-19T13:00:00
FRVIAE20142086011,1b4c8df3140c49899a53d6c614ef431e,0.4,EUR,AD_HOC_PAYMENT,20,2025-11-19T13:00:00
FRVIAE20101003012,87b962cf-5c99-4812-8f03-16f2047aba80,0.525,EUR,AD_HOC_PAYMENT,20,2026-02-23T00:00:00
FRVIAE20101003011,87b962cf-5c99-4812-8f03-16f2047aba80,0.525,EUR,AD_HOC_PAYMENT,20,2026-02-23T00:00:00
FRVIAE10001475404,9ce4a9d0-ef0d-4bd5-a61c-f36a35f666b6,0.45,EUR,AD_HOC_PAYMENT,20,2026-03-09T00:00:00
FRVIAE10001475403,9ce4a9d0-ef0d-4bd5-a61c-f36a35f666b6,0.45,EUR,AD_HOC_PAYMENT,20,2026-03-09T00:00:00
FRVIAE10001475402,9ce4a9d0-ef0d-4bd5-a61c-f36a35f666b6,0.45,EUR,AD_HOC_PAYMENT,20,2026-03-09T00:00:00
FRVIAE10001475401,9ce4a9d0-ef0d-4bd5-a61c-f36a35f666b6,0.45,EUR,AD_HOC_PAYMENT,20,2026-03-09T00:00:00
FRVIAE20122082092,1b4c8df3140c49899a53d6c614ef431e,0.4,EUR,AD_HOC_PAYMENT,20,2025-11-19T13:00:00
FRVIAE20122082091,1b4c8df3140c49899a53d6c614ef431e,0.4,EUR,AD_HOC_PAYMENT,20,2025-11-19T13:00:00
FRVIAE20152003052,0b46268150cf4976ad848e9cfbe14c78,0.5,EUR,AD_HOC_PAYMENT,20,2025-11-19T13:00:00
FRVIAE20152003051,0b46268150cf4976ad848e9cfbe14c78,0.5,EUR,AD_HOC_PAYMENT,20,2025-11-19T13:00:00
FRVIAE20164009014,fa6213d8-d5b6-4194-9c4e-3d089601e0b6,0.458,EUR,AD_HOC_PAYMENT,20,2026-02-23T00:00:00
FRVIAE20164009013,fa6213d8-d5b6-4194-9c4e-3d089601e0b6,0.458,EUR,AD_HOC_PAYMENT,20,2026-02-23T00:00:00
FRVIAE20164009012,fa6213d8-d5b6-4194-9c4e-3d089601e0b6,0.458,EUR,AD_HOC_PAYMENT,20,2026-02-23T00:00:00
FRVIAE20164009011,fa6213d8-d5b6-4194-9c4e-3d089601e0b6,0.458,EUR,AD_HOC_PAYMENT,20,2026-02-23T00:00:00
FRVIAE20142018012,1b4c8df3140c49899a53d6c614ef431e,0.4,EUR,AD_HOC_PAYMENT,20,2025-11-19T13:00:00
FRVIAE20142018011,1b4c8df3140c49899a53d6c614ef431e,0.4,EUR,AD_HOC_PAYMENT,20,2025-11-19T13:00:00
FRVIAE20142009022,1b4c8df3140c49899a53d6c614ef431e,0.4,EUR,AD_HOC_PAYMENT,20,2025-11-19T13:00:00
FRVIAE20142009021,1b4c8df3140c49899a53d6c614ef431e,0.4,EUR,AD_HOC_PAYMENT,20,2025-11-19T13:00:00
FRVIAE10001456403,0f286212-cb69-4cd7-abda-c0368a02ccbf,0.325,EUR,AD_HOC_PAYMENT,20,2026-03-09T00:00:00
FRVIAE10001456402,0f286212-cb69-4cd7-abda-c0368a02ccbf,0.325,EUR,AD_HOC_PAYMENT,20,2026-03-09T00:00:00
FRVIAE10001456401,0f286212-cb69-4cd7-abda-c0368a02ccbf,0.325,EUR,AD_HOC_PAYMENT,20,2026-03-09T00:00:00
FRVIAE20142036013,1b4c8df3140c49899a53d6c614ef431e,0.4,EUR,AD_HOC_PAYMENT,20,2025-11-19T13:00:00
FRVIAE20142036012,1b4c8df3140c49899a53d6c614ef431e,0.4,EUR,AD_HOC_PAYMENT,20,2025-11-19T13:00:00
FRVIAE20142036011,1b4c8df3140c49899a53d6c614ef431e,0.4,EUR,AD_HOC_PAYMENT,20,2025-11-19T13:00:00
FRVIAE12346407716,1b4c8df3140c49899a53d6c614ef431e,0.4,EUR,AD_HOC_PAYMENT,20,2025-11-19T13:00:00
FRVIAE12346407715,1b4c8df3140c49899a53d6c614ef431e,0.4,EUR,AD_HOC_PAYMENT,20,2025-11-19T13:00:00
FRVIAE12346407714,1b4c8df3140c49899a53d6c614ef431e,0.4,EUR,AD_HOC_PAYMENT,20,2025-11-19T13:00:00
FRVIAE12346407713,1b4c8df3140c49899a53d6c614ef431e,0.4,EUR,AD_HOC_PAYMENT,20,2025-11-19T13:00:00
FRVIAE12346407712,1b4c8df3140c49899a53d6c614ef431e,0.4,EUR,AD_HOC_PAYMENT,20,2025-11-19T13:00:00
FRVIAE12346407711,1b4c8df3140c49899a53d6c614ef431e,0.4,EUR,AD_HOC_PAYMENT,20,2025-11-19T13:00:00
FRVIAE10001486084,9ce4a9d0-ef0d-4bd5-a61c-f36a35f666b6,0.45,EUR,AD_HOC_PAYMENT,20,2026-03-09T00:00:00
FRVIAE10001486083,9ce4a9d0-ef0d-4bd5-a61c-f36a35f666b6,0.45,EUR,AD_HOC_PAYMENT,20,2026-03-09T00:00:00
FRVIAE10001486082,9ce4a9d0-ef0d-4bd5-a61c-f36a35f666b6,0.45,EUR,AD_HOC_PAYMENT,20,2026-03-09T00:00:00
FRVIAE10001486081,9ce4a9d0-ef0d-4bd5-a61c-f36a35f666b6,0.45,EUR,AD_HOC_PAYMENT,20,2026-03-09T00:00:00
FRVIAE10001524732,1b4c8df3140c49899a53d6c614ef431e,0.4,EUR,AD_HOC_PAYMENT,20,2025-11-19T13:00:00
FRVIAE10001524731,1b4c8df3140c49899a53d6c614ef431e,0.4,EUR,AD_HOC_PAYMENT,20,2025-11-19T13:00:00
FRVIAE20142032012,1b4c8df3140c49899a53d6c614ef431e,0.4,EUR,AD_HOC_PAYMENT,20,2025-11-19T13:00:00
FRVIAE20142032011,1b4c8df3140c49899a53d6c614ef431e,0.4,EUR,AD_HOC_PAYMENT,20,2025-11-19T13:00:00
FRVIAE20103001062,84ba7e49-a9d1-41d9-85f4-d72d875ec724,0.575,EUR,AD_HOC_PAYMENT,20,2026-03-09T00:00:00
FRVIAE20103001061,84ba7e49-a9d1-41d9-85f4-d72d875ec724,0.575,EUR,AD_HOC_PAYMENT,20,2026-03-09T00:00:00
FRVIAE12346233302,1b4c8df3140c49899a53d6c614ef431e,0.4,EUR,AD_HOC_PAYMENT,20,2025-11-19T13:00:00
FRVIAE12346233301,1b4c8df3140c49899a53d6c614ef431e,0.4,EUR,AD_HOC_PAYMENT,20,2025-11-19T13:00:00
FRVIAE20142106022,64cfd72818304ee28d3a875aef64d31b,0.45,EUR,AD_HOC_PAYMENT,20,2025-11-19T13:00:00
FRVIAE20142106021,64cfd72818304ee28d3a875aef64d31b,0.45,EUR,AD_HOC_PAYMENT,20,2025-11-19T13:00:00
FRVIAE20142043012,1b4c8df3140c49899a53d6c614ef431e,0.4,EUR,AD_HOC_PAYMENT,20,2025-11-19T13:00:00
FRVIAE20142043011,1b4c8df3140c49899a53d6c614ef431e,0.4,EUR,AD_HOC_PAYMENT,20,2025-11-19T13:00:00
FRVIAE10001307854,9ce4a9d0-ef0d-4bd5-a61c-f36a35f666b6,0.45,EUR,AD_HOC_PAYMENT,20,2026-03-09T00:00:00
FRVIAE10001307853,9ce4a9d0-ef0d-4bd5-a61c-f36a35f666b6,0.45,EUR,AD_HOC_PAYMENT,20,2026-03-09T00:00:00
FRVIAE10001307852,9ce4a9d0-ef0d-4bd5-a61c-f36a35f666b6,0.45,EUR,AD_HOC_PAYMENT,20,2026-03-09T00:00:00
FRVIAE10001307851,9ce4a9d0-ef0d-4bd5-a61c-f36a35f666b6,0.45,EUR,AD_HOC_PAYMENT,20,2026-03-09T00:00:00
FRVIAE12346331562,1b4c8df3140c49899a53d6c614ef431e,0.4,EUR,AD_HOC_PAYMENT,20,2025-11-19T13:00:00
FRVIAE12346331561,1b4c8df3140c49899a53d6c614ef431e,0.4,EUR,AD_HOC_PAYMENT,20,2025-11-19T13:00:00
FRVIAE20122074018,1b4c8df3140c49899a53d6c614ef431e,0.4,EUR,AD_HOC_PAYMENT,20,2025-11-19T13:00:00
FRVIAE20122074017,1b4c8df3140c49899a53d6c614ef431e,0.4,EUR,AD_HOC_PAYMENT,20,2025-11-19T13:00:00
FRVIAE20122074016,1b4c8df3140c49899a53d6c614ef431e,0.4,EUR,AD_HOC_PAYMENT,20,2025-11-19T13:00:00
FRVIAE20122074015,1b4c8df3140c49899a53d6c614ef431e,0.4,EUR,AD_HOC_PAYMENT,20,2025-11-19T13:00:00
FRVIAE20122074014,1b4c8df3140c49899a53d6c614ef431e,0.4,EUR,AD_HOC_PAYMENT,20,2025-11-19T13:00:00
FRVIAE20122074013,1b4c8df3140c49899a53d6c614ef431e,0.4,EUR,AD_HOC_PAYMENT,20,2025-11-19T13:00:00
FRVIAE20122074012,1b4c8df3140c49899a53d6c614ef431e,0.4,EUR,AD_HOC_PAYMENT,20,2025-11-19T13:00:00
FRVIAE20122074011,1b4c8df3140c49899a53d6c614ef431e,0.4,EUR,AD_HOC_PAYMENT,20,2025-11-19T13:00:00
FRVIAE12345955532,1b4c8df3140c49899a53d6c614ef431e,0.4,EUR,AD_HOC_PAYMENT,20,2025-11-19T13:00:00
FRVIAE12345955531,1b4c8df3140c49899a53d6c614ef431e,0.4,EUR,AD_HOC_PAYMENT,20,2025-11-19T13:00:00
FRVIAE10001231142,87b962cf-5c99-4812-8f03-16f2047aba80,0.525,EUR,AD_HOC_PAYMENT,20,2026-02-23T00:00:00
FRVIAE10001231141,87b962cf-5c99-4812-8f03-16f2047aba80,0.525,EUR,AD_HOC_PAYMENT,20,2026-02-23T00:00:00
FRVIAE20142054012,1b4c8df3140c49899a53d6c614ef431e,0.4,EUR,AD_HOC_PAYMENT,20,2025-11-19T13:00:00
FRVIAE20142054011,1b4c8df3140c49899a53d6c614ef431e,0.4,EUR,AD_HOC_PAYMENT,20,2025-11-19T13:00:00
FRVIAE10001208392,1b4c8df3140c49899a53d6c614ef431e,0.4,EUR,AD_HOC_PAYMENT,20,2025-11-19T13:00:00
FRVIAE10001208391,1b4c8df3140c49899a53d6c614ef431e,0.4,EUR,AD_HOC_PAYMENT,20,2025-11-19T13:00:00
FRVIAE10001169843,84ba7e49-a9d1-41d9-85f4-d72d875ec724,0.575,EUR,AD_HOC_PAYMENT,20,2026-03-09T00:00:00
FRVIAE10001169842,84ba7e49-a9d1-41d9-85f4-d72d875ec724,0.575,EUR,AD_HOC_PAYMENT,20,2026-03-09T00:00:00
FRVIAE10001169841,84ba7e49-a9d1-41d9-85f4-d72d875ec724,0.575,EUR,AD_HOC_PAYMENT,20,2026-03-09T00:00:00
FRVIAE20142096013,1b4c8df3140c49899a53d6c614ef431e,0.4,EUR,AD_HOC_PAYMENT,20,2025-11-19T13:00:00
FRVIAE20142096012,1b4c8df3140c49899a53d6c614ef431e,0.4,EUR,AD_HOC_PAYMENT,20,2025-11-19T13:00:00
FRVIAE20142096011,1b4c8df3140c49899a53d6c614ef431e,0.4,EUR,AD_HOC_PAYMENT,20,2025-11-19T13:00:00
FRVIAE20122070072,1b4c8df3140c49899a53d6c614ef431e,0.4,EUR,AD_HOC_PAYMENT,20,2025-11-19T13:00:00
FRVIAE20122070071,1b4c8df3140c49899a53d6c614ef431e,0.4,EUR,AD_HOC_PAYMENT,20,2025-11-19T13:00:00
FRVIAE20152002022,0b46268150cf4976ad848e9cfbe14c78,0.5,EUR,AD_HOC_PAYMENT,20,2025-11-19T13:00:00
FRVIAE20152002021,0b46268150cf4976ad848e9cfbe14c78,0.5,EUR,AD_HOC_PAYMENT,20,2025-11-19T13:00:00
FRVIAE20122236029,1b4c8df3140c49899a53d6c614ef431e,0.4,EUR,AD_HOC_PAYMENT,20,2025-11-19T13:00:00
FRVIAE20122236028,1b4c8df3140c49899a53d6c614ef431e,0.4,EUR,AD_HOC_PAYMENT,20,2025-11-19T13:00:00
FRVIAE20122236027,1b4c8df3140c49899a53d6c614ef431e,0.4,EUR,AD_HOC_PAYMENT,20,2025-11-19T13:00:00
FRVIAE20122236026,1b4c8df3140c49899a53d6c614ef431e,0.4,EUR,AD_HOC_PAYMENT,20,2025-11-19T13:00:00
FRVIAE20122236025,1b4c8df3140c49899a53d6c614ef431e,0.4,EUR,AD_HOC_PAYMENT,20,2025-11-19T13:00:00
FRVIAE20122236024,1b4c8df3140c49899a53d6c614ef431e,0.4,EUR,AD_HOC_PAYMENT,20,2025-11-19T13:00:00
FRVIAE20122236023,1b4c8df3140c49899a53d6c614ef431e,0.4,EUR,AD_HOC_PAYMENT,20,2025-11-19T13:00:00
FRVIAE20122236022,1b4c8df3140c49899a53d6c614ef431e,0.4,EUR,AD_HOC_PAYMENT,20,2025-11-19T13:00:00
FRVIAE201222360210,1b4c8df3140c49899a53d6c614ef431e,0.4,EUR,AD_HOC_PAYMENT,20,2025-11-19T13:00:00
FRVIAE20122236021,1b4c8df3140c49899a53d6c614ef431e,0.4,EUR,AD_HOC_PAYMENT,20,2025-11-19T13:00:00
FRVIAE20122106029,1b4c8df3140c49899a53d6c614ef431e,0.4,EUR,AD_HOC_PAYMENT,20,2025-11-19T13:00:00
FRVIAE20122106028,1b4c8df3140c49899a53d6c614ef431e,0.4,EUR,AD_HOC_PAYMENT,20,2025-11-19T13:00:00
FRVIAE20122106027,1b4c8df3140c49899a53d6c614ef431e,0.4,EUR,AD_HOC_PAYMENT,20,2025-11-19T13:00:00
FRVIAE20122106026,1b4c8df3140c49899a53d6c614ef431e,0.4,EUR,AD_HOC_PAYMENT,20,2025-11-19T13:00:00
FRVIAE20122106025,1b4c8df3140c49899a53d6c614ef431e,0.4,EUR,AD_HOC_PAYMENT,20,2025-11-19T13:00:00
FRVIAE20122106024,1b4c8df3140c49899a53d6c614ef431e,0.4,EUR,AD_HOC_PAYMENT,20,2025-11-19T13:00:00
FRVIAE20122106023,1b4c8df3140c49899a53d6c614ef431e,0.4,EUR,AD_HOC_PAYMENT,20,2025-11-19T13:00:00
FRVIAE20122106022,1b4c8df3140c49899a53d6c614ef431e,0.4,EUR,AD_HOC_PAYMENT,20,2025-11-19T13:00:00
FRVIAE201221060210,1b4c8df3140c49899a53d6c614ef431e,0.4,EUR,AD_HOC_PAYMENT,20,2025-11-19T13:00:00
FRVIAE20122106021,1b4c8df3140c49899a53d6c614ef431e,0.4,EUR,AD_HOC_PAYMENT,20,2025-11-19T13:00:00
FRVIAE20131003062,64cfd72818304ee28d3a875aef64d31b,0.45,EUR,AD_HOC_PAYMENT,20,2025-11-19T13:00:00
FRVIAE20131003061,64cfd72818304ee28d3a875aef64d31b,0.45,EUR,AD_HOC_PAYMENT,20,2025-11-19T13:00:00
FRVIAE20131002022,64cfd72818304ee28d3a875aef64d31b,0.45,EUR,AD_HOC_PAYMENT,20,2025-11-19T13:00:00
FRVIAE20131002021,64cfd72818304ee28d3a875aef64d31b,0.45,EUR,AD_HOC_PAYMENT,20,2025-11-19T13:00:00
FRVIAE20164002042,fa6213d8-d5b6-4194-9c4e-3d089601e0b6,0.458,EUR,AD_HOC_PAYMENT,20,2026-02-23T00:00:00
FRVIAE20164002041,fa6213d8-d5b6-4194-9c4e-3d089601e0b6,0.458,EUR,AD_HOC_PAYMENT,20,2026-02-23T00:00:00
FRVIAE20142046012,1b4c8df3140c49899a53d6c614ef431e,0.4,EUR,AD_HOC_PAYMENT,20,2025-11-19T13:00:00
FRVIAE20142046011,1b4c8df3140c49899a53d6c614ef431e,0.4,EUR,AD_HOC_PAYMENT,20,2025-11-19T13:00:00
FRVIAE20142010013,1b4c8df3140c49899a53d6c614ef431e,0.4,EUR,AD_HOC_PAYMENT,20,2025-11-19T13:00:00
FRVIAE20142010012,1b4c8df3140c49899a53d6c614ef431e,0.4,EUR,AD_HOC_PAYMENT,20,2025-11-19T13:00:00
FRVIAE20142010011,1b4c8df3140c49899a53d6c614ef431e,0.4,EUR,AD_HOC_PAYMENT,20,2025-11-19T13:00:00
FRVIAE12346355142,1b4c8df3140c49899a53d6c614ef431e,0.4,EUR,AD_HOC_PAYMENT,20,2025-11-19T13:00:00
FRVIAE12346355141,1b4c8df3140c49899a53d6c614ef431e,0.4,EUR,AD_HOC_PAYMENT,20,2025-11-19T13:00:00
FRVIAE12345705622,63b9a2fb-f35c-4dfb-bf27-4a42039521dd,0.55,EUR,AD_HOC_PAYMENT,20,2026-03-09T00:00:00
FRVIAE12345705621,63b9a2fb-f35c-4dfb-bf27-4a42039521dd,0.55,EUR,AD_HOC_PAYMENT,20,2026-03-09T00:00:00
FRVIAE12345703753,64cfd72818304ee28d3a875aef64d31b,0.45,EUR,AD_HOC_PAYMENT,20,2025-11-19T13:00:00
FRVIAE12345703752,64cfd72818304ee28d3a875aef64d31b,0.45,EUR,AD_HOC_PAYMENT,20,2025-11-19T13:00:00
FRVIAE12345703751,64cfd72818304ee28d3a875aef64d31b,0.45,EUR,AD_HOC_PAYMENT,20,2025-11-19T13:00:00
FRVIAE20142042013,1b4c8df3140c49899a53d6c614ef431e,0.4,EUR,AD_HOC_PAYMENT,20,2025-11-19T13:00:00
FRVIAE20142042012,64cfd72818304ee28d3a875aef64d31b,0.45,EUR,AD_HOC_PAYMENT,20,2025-11-19T13:00:00
FRVIAE20142042011,64cfd72818304ee28d3a875aef64d31b,0.45,EUR,AD_HOC_PAYMENT,20,2025-11-19T13:00:00
FRVIAE10001249244,9ce4a9d0-ef0d-4bd5-a61c-f36a35f666b6,0.45,EUR,AD_HOC_PAYMENT,20,2026-03-09T00:00:00
FRVIAE10001249243,9ce4a9d0-ef0d-4bd5-a61c-f36a35f666b6,0.45,EUR,AD_HOC_PAYMENT,20,2026-03-09T00:00:00
FRVIAE10001249242,9ce4a9d0-ef0d-4bd5-a61c-f36a35f666b6,0.45,EUR,AD_HOC_PAYMENT,20,2026-03-09T00:00:00
FRVIAE10001249241,9ce4a9d0-ef0d-4bd5-a61c-f36a35f666b6,0.45,EUR,AD_HOC_PAYMENT,20,2026-03-09T00:00:00
FRVIAE12346155012,63b9a2fb-f35c-4dfb-bf27-4a42039521dd,0.55,EUR,AD_HOC_PAYMENT,20,2026-03-09T00:00:00
FRVIAE12346155011,63b9a2fb-f35c-4dfb-bf27-4a42039521dd,0.55,EUR,AD_HOC_PAYMENT,20,2026-03-09T00:00:00
FRVIAE20142079013,1b4c8df3140c49899a53d6c614ef431e,0.4,EUR,AD_HOC_PAYMENT,20,2025-11-19T13:00:00
FRVIAE20142079012,1b4c8df3140c49899a53d6c614ef431e,0.4,EUR,AD_HOC_PAYMENT,20,2025-11-19T13:00:00
FRVIAE20142079011,1b4c8df3140c49899a53d6c614ef431e,0.4,EUR,AD_HOC_PAYMENT,20,2025-11-19T13:00:00
FRVIAE10001240154,9ce4a9d0-ef0d-4bd5-a61c-f36a35f666b6,0.45,EUR,AD_HOC_PAYMENT,20,2026-03-09T00:00:00
FRVIAE10001240153,9ce4a9d0-ef0d-4bd5-a61c-f36a35f666b6,0.45,EUR,AD_HOC_PAYMENT,20,2026-03-09T00:00:00
FRVIAE10001240152,9ce4a9d0-ef0d-4bd5-a61c-f36a35f666b6,0.45,EUR,AD_HOC_PAYMENT,20,2026-03-09T00:00:00
FRVIAE10001240151,9ce4a9d0-ef0d-4bd5-a61c-f36a35f666b6,0.45,EUR,AD_HOC_PAYMENT,20,2026-03-09T00:00:00
FRVIAE12346329602,1b4c8df3140c49899a53d6c614ef431e,0.4,EUR,AD_HOC_PAYMENT,20,2025-11-19T13:00:00
FRVIAE12346329601,1b4c8df3140c49899a53d6c614ef431e,0.4,EUR,AD_HOC_PAYMENT,20,2025-11-19T13:00:00
FRVIAE20142005012,1b4c8df3140c49899a53d6c614ef431e,0.4,EUR,AD_HOC_PAYMENT,20,2025-11-19T13:00:00
FRVIAE20142005011,1b4c8df3140c49899a53d6c614ef431e,0.4,EUR,AD_HOC_PAYMENT,20,2025-11-19T13:00:00
FRVIAE20122064092,1b4c8df3140c49899a53d6c614ef431e,0.4,EUR,AD_HOC_PAYMENT,20,2025-11-19T13:00:00
FRVIAE20122064091,1b4c8df3140c49899a53d6c614ef431e,0.4,EUR,AD_HOC_PAYMENT,20,2025-11-19T13:00:00
FRVIAE20142058012,1b4c8df3140c49899a53d6c614ef431e,0.4,EUR,AD_HOC_PAYMENT,20,2025-11-19T13:00:00
FRVIAE20142058011,1b4c8df3140c49899a53d6c614ef431e,0.4,EUR,AD_HOC_PAYMENT,20,2025-11-19T13:00:00
FRVIAE20142101012,1b4c8df3140c49899a53d6c614ef431e,0.4,EUR,AD_HOC_PAYMENT,20,2025-11-19T13:00:00
FRVIAE20142101011,1b4c8df3140c49899a53d6c614ef431e,0.4,EUR,AD_HOC_PAYMENT,20,2025-11-19T13:00:00
FRVIAE12346298562,1b4c8df3140c49899a53d6c614ef431e,0.4,EUR,AD_HOC_PAYMENT,20,2025-11-19T13:00:00
FRVIAE12346298561,1b4c8df3140c49899a53d6c614ef431e,0.4,EUR,AD_HOC_PAYMENT,20,2025-11-19T13:00:00
FRVIAE20122076072,1b4c8df3140c49899a53d6c614ef431e,0.4,EUR,AD_HOC_PAYMENT,20,2025-11-19T13:00:00
FRVIAE20122076071,1b4c8df3140c49899a53d6c614ef431e,0.4,EUR,AD_HOC_PAYMENT,20,2025-11-19T13:00:00
FRVIAE20111104022,64cfd72818304ee28d3a875aef64d31b,0.45,EUR,AD_HOC_PAYMENT,20,2025-11-19T13:00:00
FRVIAE20111104021,64cfd72818304ee28d3a875aef64d31b,0.45,EUR,AD_HOC_PAYMENT,20,2025-11-19T13:00:00
FRVIAE12346219742,63b9a2fb-f35c-4dfb-bf27-4a42039521dd,0.55,EUR,AD_HOC_PAYMENT,20,2026-03-09T00:00:00
FRVIAE12346219741,63b9a2fb-f35c-4dfb-bf27-4a42039521dd,0.55,EUR,AD_HOC_PAYMENT,20,2026-03-09T00:00:00
FRVIAE12345955529,1b4c8df3140c49899a53d6c614ef431e,0.4,EUR,AD_HOC_PAYMENT,20,2025-11-19T13:00:00
FRVIAE12345955528,1b4c8df3140c49899a53d6c614ef431e,0.4,EUR,AD_HOC_PAYMENT,20,2025-11-19T13:00:00
FRVIAE12345955527,1b4c8df3140c49899a53d6c614ef431e,0.4,EUR,AD_HOC_PAYMENT,20,2025-11-19T13:00:00
FRVIAE12345955526,1b4c8df3140c49899a53d6c614ef431e,0.4,EUR,AD_HOC_PAYMENT,20,2025-11-19T13:00:00
FRVIAE12345955525,1b4c8df3140c49899a53d6c614ef431e,0.4,EUR,AD_HOC_PAYMENT,20,2025-11-19T13:00:00
FRVIAE12345955524,1b4c8df3140c49899a53d6c614ef431e,0.4,EUR,AD_HOC_PAYMENT,20,2025-11-19T13:00:00
FRVIAE12345955523,1b4c8df3140c49899a53d6c614ef431e,0.4,EUR,AD_HOC_PAYMENT,20,2025-11-19T13:00:00
FRVIAE12345955522,1b4c8df3140c49899a53d6c614ef431e,0.4,EUR,AD_HOC_PAYMENT,20,2025-11-19T13:00:00
FRVIAE123459555212,1b4c8df3140c49899a53d6c614ef431e,0.4,EUR,AD_HOC_PAYMENT,20,2025-11-19T13:00:00
FRVIAE123459555211,1b4c8df3140c49899a53d6c614ef431e,0.4,EUR,AD_HOC_PAYMENT,20,2025-11-19T13:00:00
FRVIAE123459555210,1b4c8df3140c49899a53d6c614ef431e,0.4,EUR,AD_HOC_PAYMENT,20,2025-11-19T13:00:00
FRVIAE12345955521,1b4c8df3140c49899a53d6c614ef431e,0.4,EUR,AD_HOC_PAYMENT,20,2025-11-19T13:00:00
FRVIAE10001458994,9ce4a9d0-ef0d-4bd5-a61c-f36a35f666b6,0.45,EUR,AD_HOC_PAYMENT,20,2026-03-09T00:00:00
FRVIAE10001458993,9ce4a9d0-ef0d-4bd5-a61c-f36a35f666b6,0.45,EUR,AD_HOC_PAYMENT,20,2026-03-09T00:00:00
FRVIAE10001458992,9ce4a9d0-ef0d-4bd5-a61c-f36a35f666b6,0.45,EUR,AD_HOC_PAYMENT,20,2026-03-09T00:00:00
FRVIAE10001458991,9ce4a9d0-ef0d-4bd5-a61c-f36a35f666b6,0.45,EUR,AD_HOC_PAYMENT,20,2026-03-09T00:00:00
FRVIAE10001205722,1b4c8df3140c49899a53d6c614ef431e,0.4,EUR,AD_HOC_PAYMENT,20,2025-11-19T13:00:00
FRVIAE10001205721,1b4c8df3140c49899a53d6c614ef431e,0.4,EUR,AD_HOC_PAYMENT,20,2025-11-19T13:00:00
FRVIAE20103002032,84ba7e49-a9d1-41d9-85f4-d72d875ec724,0.575,EUR,AD_HOC_PAYMENT,20,2026-03-09T00:00:00
FRVIAE20103002031,84ba7e49-a9d1-41d9-85f4-d72d875ec724,0.575,EUR,AD_HOC_PAYMENT,20,2026-03-09T00:00:00
FRVIAE10001231252,663d278c-7663-41ea-86aa-015b9a5dd8e4,0.5,EUR,AD_HOC_PAYMENT,20,2026-03-09T00:00:00
FRVIAE20122067014,1b4c8df3140c49899a53d6c614ef431e,0.4,EUR,AD_HOC_PAYMENT,20,2025-11-19T13:00:00
FRVIAE20122067013,1b4c8df3140c49899a53d6c614ef431e,0.4,EUR,AD_HOC_PAYMENT,20,2025-11-19T13:00:00
FRVIAE20122067012,1b4c8df3140c49899a53d6c614ef431e,0.4,EUR,AD_HOC_PAYMENT,20,2025-11-19T13:00:00
FRVIAE20122067011,1b4c8df3140c49899a53d6c614ef431e,0.4,EUR,AD_HOC_PAYMENT,20,2025-11-19T13:00:00
FRVIAE12346141592,1b4c8df3140c49899a53d6c614ef431e,0.4,EUR,AD_HOC_PAYMENT,20,2025-11-19T13:00:00
FRVIAE12346141591,1b4c8df3140c49899a53d6c614ef431e,0.4,EUR,AD_HOC_PAYMENT,20,2025-11-19T13:00:00
FRVIAE10001238644,9ce4a9d0-ef0d-4bd5-a61c-f36a35f666b6,0.45,EUR,AD_HOC_PAYMENT,20,2026-03-09T00:00:00
FRVIAE10001238643,9ce4a9d0-ef0d-4bd5-a61c-f36a35f666b6,0.45,EUR,AD_HOC_PAYMENT,20,2026-03-09T00:00:00
FRVIAE10001238642,9ce4a9d0-ef0d-4bd5-a61c-f36a35f666b6,0.45,EUR,AD_HOC_PAYMENT,20,2026-03-09T00:00:00
FRVIAE10001238641,9ce4a9d0-ef0d-4bd5-a61c-f36a35f666b6,0.45,EUR,AD_HOC_PAYMENT,20,2026-03-09T00:00:00
FRVIAE20142051012,1b4c8df3140c49899a53d6c614ef431e,0.4,EUR,AD_HOC_PAYMENT,20,2025-11-19T13:00:00
FRVIAE20142051011,1b4c8df3140c49899a53d6c614ef431e,0.4,EUR,AD_HOC_PAYMENT,20,2025-11-19T13:00:00
FRVIAE10001238654,9ce4a9d0-ef0d-4bd5-a61c-f36a35f666b6,0.45,EUR,AD_HOC_PAYMENT,20,2026-03-09T00:00:00
FRVIAE10001238653,9ce4a9d0-ef0d-4bd5-a61c-f36a35f666b6,0.45,EUR,AD_HOC_PAYMENT,20,2026-03-09T00:00:00
FRVIAE10001238652,9ce4a9d0-ef0d-4bd5-a61c-f36a35f666b6,0.45,EUR,AD_HOC_PAYMENT,20,2026-03-09T00:00:00
FRVIAE10001238651,9ce4a9d0-ef0d-4bd5-a61c-f36a35f666b6,0.45,EUR,AD_HOC_PAYMENT,20,2026-03-09T00:00:00
FRVIAE20152001012,64cfd72818304ee28d3a875aef64d31b,0.45,EUR,AD_HOC_PAYMENT,20,2025-11-19T13:00:00
FRVIAE20152001011,64cfd72818304ee28d3a875aef64d31b,0.45,EUR,AD_HOC_PAYMENT,20,2025-11-19T13:00:00
FRVIAE20142029013,1b4c8df3140c49899a53d6c614ef431e,0.4,EUR,AD_HOC_PAYMENT,20,2025-11-19T13:00:00
FRVIAE20142029012,1b4c8df3140c49899a53d6c614ef431e,0.4,EUR,AD_HOC_PAYMENT,20,2025-11-19T13:00:00
FRVIAE20142029011,1b4c8df3140c49899a53d6c614ef431e,0.4,EUR,AD_HOC_PAYMENT,20,2025-11-19T13:00:00
FRVIAE20142003013,1b4c8df3140c49899a53d6c614ef431e,0.4,EUR,AD_HOC_PAYMENT,20,2025-11-19T13:00:00
FRVIAE20142003012,64cfd72818304ee28d3a875aef64d31b,0.45,EUR,AD_HOC_PAYMENT,20,2025-11-19T13:00:00
FRVIAE20142003011,64cfd72818304ee28d3a875aef64d31b,0.45,EUR,AD_HOC_PAYMENT,20,2025-11-19T13:00:00
FRVIAE10001092962,1b4c8df3140c49899a53d6c614ef431e,0.4,EUR,AD_HOC_PAYMENT,20,2025-11-19T13:00:00
FRVIAE10001092961,1b4c8df3140c49899a53d6c614ef431e,0.4,EUR,AD_HOC_PAYMENT,20,2025-11-19T13:00:00
FRVIAE20111105022,64cfd72818304ee28d3a875aef64d31b,0.45,EUR,AD_HOC_PAYMENT,20,2025-11-19T13:00:00
FRVIAE20111105021,64cfd72818304ee28d3a875aef64d31b,0.45,EUR,AD_HOC_PAYMENT,20,2025-11-19T13:00:00
FRVIAE10001231251,663d278c-7663-41ea-86aa-015b9a5dd8e4,0.5,EUR,AD_HOC_PAYMENT,20,2026-03-09T00:00:00
FRVIAE10001276002,663d278c-7663-41ea-86aa-015b9a5dd8e4,0.5,EUR,AD_HOC_PAYMENT,20,2026-03-09T00:00:00
FRVIAE10001158002,1b4c8df3140c49899a53d6c614ef431e,0.4,EUR,AD_HOC_PAYMENT,20,2025-11-19T13:00:00
FRVIAE10001158001,1b4c8df3140c49899a53d6c614ef431e,0.4,EUR,AD_HOC_PAYMENT,20,2025-11-19T13:00:00
FRVIAE20101001012,87b962cf-5c99-4812-8f03-16f2047aba80,0.525,EUR,AD_HOC_PAYMENT,20,2026-02-23T00:00:00
FRVIAE20101001011,87b962cf-5c99-4812-8f03-16f2047aba80,0.525,EUR,AD_HOC_PAYMENT,20,2026-02-23T00:00:00
FRVIAE12346378922,1b4c8df3140c49899a53d6c614ef431e,0.4,EUR,AD_HOC_PAYMENT,20,2025-11-19T13:00:00
FRVIAE12346378921,1b4c8df3140c49899a53d6c614ef431e,0.4,EUR,AD_HOC_PAYMENT,20,2025-11-19T13:00:00
FRVIAE20142024013,1b4c8df3140c49899a53d6c614ef431e,0.4,EUR,AD_HOC_PAYMENT,20,2025-11-19T13:00:00
FRVIAE20142024012,1b4c8df3140c49899a53d6c614ef431e,0.4,EUR,AD_HOC_PAYMENT,20,2025-11-19T13:00:00
FRVIAE20142024011,1b4c8df3140c49899a53d6c614ef431e,0.4,EUR,AD_HOC_PAYMENT,20,2025-11-19T13:00:00
FRVIAE20142061012,1b4c8df3140c49899a53d6c614ef431e,0.4,EUR,AD_HOC_PAYMENT,20,2025-11-19T13:00:00
FRVIAE20142061011,1b4c8df3140c49899a53d6c614ef431e,0.4,EUR,AD_HOC_PAYMENT,20,2025-11-19T13:00:00
FRVIAE20122168062,1b4c8df3140c49899a53d6c614ef431e,0.4,EUR,AD_HOC_PAYMENT,20,2025-11-19T13:00:00
FRVIAE20122168061,1b4c8df3140c49899a53d6c614ef431e,0.4,EUR,AD_HOC_PAYMENT,20,2025-11-19T13:00:00
FRVIAE20125001032,64cfd72818304ee28d3a875aef64d31b,0.45,EUR,AD_HOC_PAYMENT,20,2025-11-19T13:00:00
FRVIAE20125001031,64cfd72818304ee28d3a875aef64d31b,0.45,EUR,AD_HOC_PAYMENT,20,2025-11-19T13:00:00
FRVIAE20161003052,5ac8fc13-69bd-4238-91fc-00d74021df49,0.433,EUR,AD_HOC_PAYMENT,20,2026-02-23T00:00:00
FRVIAE20161003051,5ac8fc13-69bd-4238-91fc-00d74021df49,0.433,EUR,AD_HOC_PAYMENT,20,2026-02-23T00:00:00
FRVIAE20143032012,64cfd72818304ee28d3a875aef64d31b,0.45,EUR,AD_HOC_PAYMENT,20,2025-11-19T13:00:00
FRVIAE20143032011,64cfd72818304ee28d3a875aef64d31b,0.45,EUR,AD_HOC_PAYMENT,20,2025-11-19T13:00:00
FRVIAE12346155302,1b4c8df3140c49899a53d6c614ef431e,0.4,EUR,AD_HOC_PAYMENT,20,2025-11-19T13:00:00
FRVIAE12346155301,1b4c8df3140c49899a53d6c614ef431e,0.4,EUR,AD_HOC_PAYMENT,20,2025-11-19T13:00:00
FRVIAE12346219732,63b9a2fb-f35c-4dfb-bf27-4a42039521dd,0.55,EUR,AD_HOC_PAYMENT,20,2026-03-09T00:00:00
FRVIAE12346219731,63b9a2fb-f35c-4dfb-bf27-4a42039521dd,0.55,EUR,AD_HOC_PAYMENT,20,2026-03-09T00:00:00
FRVIAE12345955282,1b4c8df3140c49899a53d6c614ef431e,0.4,EUR,AD_HOC_PAYMENT,20,2025-11-19T13:00:00
FRVIAE12345955281,1b4c8df3140c49899a53d6c614ef431e,0.4,EUR,AD_HOC_PAYMENT,20,2025-11-19T13:00:00
FRVIAE10001444692,1b4c8df3140c49899a53d6c614ef431e,0.4,EUR,AD_HOC_PAYMENT,20,2025-11-19T13:00:00
FRVIAE10001444691,1b4c8df3140c49899a53d6c614ef431e,0.4,EUR,AD_HOC_PAYMENT,20,2025-11-19T13:00:00
FRVIAE10000988242,0b46268150cf4976ad848e9cfbe14c78,0.5,EUR,AD_HOC_PAYMENT,20,2025-11-19T13:00:00
FRVIAE10000988241,0b46268150cf4976ad848e9cfbe14c78,0.5,EUR,AD_HOC_PAYMENT,20,2025-11-19T13:00:00
FRVIAE10001205712,1b4c8df3140c49899a53d6c614ef431e,0.4,EUR,AD_HOC_PAYMENT,20,2025-11-19T13:00:00
FRVIAE10001205711,1b4c8df3140c49899a53d6c614ef431e,0.4,EUR,AD_HOC_PAYMENT,20,2025-11-19T13:00:00
FRVIAE10001251224,9ce4a9d0-ef0d-4bd5-a61c-f36a35f666b6,0.45,EUR,AD_HOC_PAYMENT,20,2026-03-09T00:00:00
FRVIAE10001251223,9ce4a9d0-ef0d-4bd5-a61c-f36a35f666b6,0.45,EUR,AD_HOC_PAYMENT,20,2026-03-09T00:00:00
FRVIAE10001251222,9ce4a9d0-ef0d-4bd5-a61c-f36a35f666b6,0.45,EUR,AD_HOC_PAYMENT,20,2026-03-09T00:00:00
FRVIAE10001251221,9ce4a9d0-ef0d-4bd5-a61c-f36a35f666b6,0.45,EUR,AD_HOC_PAYMENT,20,2026-03-09T00:00:00
FRVIAE10001205422,65df1f1d-34c8-4886-a465-c0943f5e9ba2,0.45,EUR,AD_HOC_PAYMENT,20,2026-05-11T00:00:00
FRVIAE10001205421,65df1f1d-34c8-4886-a465-c0943f5e9ba2,0.45,EUR,AD_HOC_PAYMENT,20,2026-05-11T00:00:00
FRVIAE20142011012,1b4c8df3140c49899a53d6c614ef431e,0.4,EUR,AD_HOC_PAYMENT,20,2025-11-19T13:00:00
FRVIAE20142011011,1b4c8df3140c49899a53d6c614ef431e,0.4,EUR,AD_HOC_PAYMENT,20,2025-11-19T13:00:00
FRVIAE12346286828,1b4c8df3140c49899a53d6c614ef431e,0.4,EUR,AD_HOC_PAYMENT,20,2025-11-19T13:00:00
FRVIAE12346286827,1b4c8df3140c49899a53d6c614ef431e,0.4,EUR,AD_HOC_PAYMENT,20,2025-11-19T13:00:00
FRVIAE12346286826,1b4c8df3140c49899a53d6c614ef431e,0.4,EUR,AD_HOC_PAYMENT,20,2025-11-19T13:00:00
FRVIAE12346286825,1b4c8df3140c49899a53d6c614ef431e,0.4,EUR,AD_HOC_PAYMENT,20,2025-11-19T13:00:00
FRVIAE12346286824,1b4c8df3140c49899a53d6c614ef431e,0.4,EUR,AD_HOC_PAYMENT,20,2025-11-19T13:00:00
FRVIAE12346286823,1b4c8df3140c49899a53d6c614ef431e,0.4,EUR,AD_HOC_PAYMENT,20,2025-11-19T13:00:00
FRVIAE12346286822,1b4c8df3140c49899a53d6c614ef431e,0.4,EUR,AD_HOC_PAYMENT,20,2025-11-19T13:00:00
FRVIAE12346286821,1b4c8df3140c49899a53d6c614ef431e,0.4,EUR,AD_HOC_PAYMENT,20,2025-11-19T13:00:00
FRVIAE10001480132,0f286212-cb69-4cd7-abda-c0368a02ccbf,0.325,EUR,AD_HOC_PAYMENT,20,2026-03-09T00:00:00
FRVIAE10001480131,0f286212-cb69-4cd7-abda-c0368a02ccbf,0.325,EUR,AD_HOC_PAYMENT,20,2026-03-09T00:00:00
FRVIAE12346216522,1b4c8df3140c49899a53d6c614ef431e,0.4,EUR,AD_HOC_PAYMENT,20,2025-11-19T13:00:00
FRVIAE12346216521,1b4c8df3140c49899a53d6c614ef431e,0.4,EUR,AD_HOC_PAYMENT,20,2025-11-19T13:00:00
FRVIAE12346402412,1b4c8df3140c49899a53d6c614ef431e,0.4,EUR,AD_HOC_PAYMENT,20,2025-11-19T13:00:00
FRVIAE12346402411,1b4c8df3140c49899a53d6c614ef431e,0.4,EUR,AD_HOC_PAYMENT,20,2025-11-19T13:00:00
FRVIAE12345723514,9ce4a9d0-ef0d-4bd5-a61c-f36a35f666b6,0.45,EUR,AD_HOC_PAYMENT,20,2026-03-09T00:00:00
FRVIAE12345723513,9ce4a9d0-ef0d-4bd5-a61c-f36a35f666b6,0.45,EUR,AD_HOC_PAYMENT,20,2026-03-09T00:00:00
FRVIAE12345723512,9ce4a9d0-ef0d-4bd5-a61c-f36a35f666b6,0.45,EUR,AD_HOC_PAYMENT,20,2026-03-09T00:00:00
FRVIAE12345723511,9ce4a9d0-ef0d-4bd5-a61c-f36a35f666b6,0.45,EUR,AD_HOC_PAYMENT,20,2026-03-09T00:00:00
FRVIAE20101104112,87b962cf-5c99-4812-8f03-16f2047aba80,0.525,EUR,AD_HOC_PAYMENT,20,2026-02-23T00:00:00
FRVIAE20101104111,87b962cf-5c99-4812-8f03-16f2047aba80,0.525,EUR,AD_HOC_PAYMENT,20,2026-02-23T00:00:00
FRVIAE10001169883,64cfd72818304ee28d3a875aef64d31b,0.45,EUR,AD_HOC_PAYMENT,20,2025-11-19T13:00:00
FRVIAE10001169882,64cfd72818304ee28d3a875aef64d31b,0.45,EUR,AD_HOC_PAYMENT,20,2025-11-19T13:00:00
FRVIAE10001169881,64cfd72818304ee28d3a875aef64d31b,0.45,EUR,AD_HOC_PAYMENT,20,2025-11-19T13:00:00
FRVIAE12346431482,1b4c8df3140c49899a53d6c614ef431e,0.4,EUR,AD_HOC_PAYMENT,20,2025-11-19T13:00:00
FRVIAE12346431481,1b4c8df3140c49899a53d6c614ef431e,0.4,EUR,AD_HOC_PAYMENT,20,2025-11-19T13:00:00
FRVIAE12346374132,1b4c8df3140c49899a53d6c614ef431e,0.4,EUR,AD_HOC_PAYMENT,20,2025-11-19T13:00:00
FRVIAE12346374131,1b4c8df3140c49899a53d6c614ef431e,0.4,EUR,AD_HOC_PAYMENT,20,2025-11-19T13:00:00
FRVIAE20142100012,1b4c8df3140c49899a53d6c614ef431e,0.4,EUR,AD_HOC_PAYMENT,20,2025-11-19T13:00:00
FRVIAE20142100011,1b4c8df3140c49899a53d6c614ef431e,0.4,EUR,AD_HOC_PAYMENT,20,2025-11-19T13:00:00
FRVIAE10001092992,1b4c8df3140c49899a53d6c614ef431e,0.4,EUR,AD_HOC_PAYMENT,20,2025-11-19T13:00:00
FRVIAE10001092991,1b4c8df3140c49899a53d6c614ef431e,0.4,EUR,AD_HOC_PAYMENT,20,2025-11-19T13:00:00
FRVIAE12345954862,1b4c8df3140c49899a53d6c614ef431e,0.4,EUR,AD_HOC_PAYMENT,20,2025-11-19T13:00:00
FRVIAE12345954861,1b4c8df3140c49899a53d6c614ef431e,0.4,EUR,AD_HOC_PAYMENT,20,2025-11-19T13:00:00
FRVIAE20142001012,1b4c8df3140c49899a53d6c614ef431e,0.4,EUR,AD_HOC_PAYMENT,20,2025-11-19T13:00:00
FRVIAE20142001011,1b4c8df3140c49899a53d6c614ef431e,0.4,EUR,AD_HOC_PAYMENT,20,2025-11-19T13:00:00
FRVIAE10001208412,1b4c8df3140c49899a53d6c614ef431e,0.4,EUR,AD_HOC_PAYMENT,20,2025-11-19T13:00:00
FRVIAE10001208411,1b4c8df3140c49899a53d6c614ef431e,0.4,EUR,AD_HOC_PAYMENT,20,2025-11-19T13:00:00
FRVIAE12346382744,1b4c8df3140c49899a53d6c614ef431e,0.4,EUR,AD_HOC_PAYMENT,20,2025-11-19T13:00:00
FRVIAE12346382743,1b4c8df3140c49899a53d6c614ef431e,0.4,EUR,AD_HOC_PAYMENT,20,2025-11-19T13:00:00
FRVIAE12346382742,1b4c8df3140c49899a53d6c614ef431e,0.4,EUR,AD_HOC_PAYMENT,20,2025-11-19T13:00:00
FRVIAE12346382741,1b4c8df3140c49899a53d6c614ef431e,0.4,EUR,AD_HOC_PAYMENT,20,2025-11-19T13:00:00
FRVIAE10001318434,9ce4a9d0-ef0d-4bd5-a61c-f36a35f666b6,0.45,EUR,AD_HOC_PAYMENT,20,2026-03-09T00:00:00
FRVIAE10001318433,9ce4a9d0-ef0d-4bd5-a61c-f36a35f666b6,0.45,EUR,AD_HOC_PAYMENT,20,2026-03-09T00:00:00
FRVIAE10001318432,9ce4a9d0-ef0d-4bd5-a61c-f36a35f666b6,0.45,EUR,AD_HOC_PAYMENT,20,2026-03-09T00:00:00
FRVIAE10001318431,9ce4a9d0-ef0d-4bd5-a61c-f36a35f666b6,0.45,EUR,AD_HOC_PAYMENT,20,2026-03-09T00:00:00
FRVIAE20142014012,1b4c8df3140c49899a53d6c614ef431e,0.4,EUR,AD_HOC_PAYMENT,20,2025-11-19T13:00:00
FRVIAE20142014011,1b4c8df3140c49899a53d6c614ef431e,0.4,EUR,AD_HOC_PAYMENT,20,2025-11-19T13:00:00
FRVIAE10001249254,9ce4a9d0-ef0d-4bd5-a61c-f36a35f666b6,0.45,EUR,AD_HOC_PAYMENT,20,2026-03-09T00:00:00
FRVIAE10001249253,9ce4a9d0-ef0d-4bd5-a61c-f36a35f666b6,0.45,EUR,AD_HOC_PAYMENT,20,2026-03-09T00:00:00
FRVIAE10001249252,9ce4a9d0-ef0d-4bd5-a61c-f36a35f666b6,0.45,EUR,AD_HOC_PAYMENT,20,2026-03-09T00:00:00
FRVIAE10001249251,9ce4a9d0-ef0d-4bd5-a61c-f36a35f666b6,0.45,EUR,AD_HOC_PAYMENT,20,2026-03-09T00:00:00
FRVIAE12346225522,1b4c8df3140c49899a53d6c614ef431e,0.4,EUR,AD_HOC_PAYMENT,20,2025-11-19T13:00:00
FRVIAE12346225521,1b4c8df3140c49899a53d6c614ef431e,0.4,EUR,AD_HOC_PAYMENT,20,2025-11-19T13:00:00
FRVIAE20122084054,1b4c8df3140c49899a53d6c614ef431e,0.4,EUR,AD_HOC_PAYMENT,20,2025-11-19T13:00:00
FRVIAE20122084053,1b4c8df3140c49899a53d6c614ef431e,0.4,EUR,AD_HOC_PAYMENT,20,2025-11-19T13:00:00
FRVIAE20122084052,1b4c8df3140c49899a53d6c614ef431e,0.4,EUR,AD_HOC_PAYMENT,20,2025-11-19T13:00:00
FRVIAE20122084051,1b4c8df3140c49899a53d6c614ef431e,0.4,EUR,AD_HOC_PAYMENT,20,2025-11-19T13:00:00
FRVIAE12346431062,1b4c8df3140c49899a53d6c614ef431e,0.4,EUR,AD_HOC_PAYMENT,20,2025-11-19T13:00:00
FRVIAE12346431061,1b4c8df3140c49899a53d6c614ef431e,0.4,EUR,AD_HOC_PAYMENT,20,2025-11-19T13:00:00
FRVIAE20121001014,9ce4a9d0-ef0d-4bd5-a61c-f36a35f666b6,0.45,EUR,AD_HOC_PAYMENT,20,2026-03-09T00:00:00
FRVIAE20121001013,9ce4a9d0-ef0d-4bd5-a61c-f36a35f666b6,0.45,EUR,AD_HOC_PAYMENT,20,2026-03-09T00:00:00
FRVIAE20121001012,9ce4a9d0-ef0d-4bd5-a61c-f36a35f666b6,0.45,EUR,AD_HOC_PAYMENT,20,2026-03-09T00:00:00
FRVIAE20121001011,9ce4a9d0-ef0d-4bd5-a61c-f36a35f666b6,0.45,EUR,AD_HOC_PAYMENT,20,2026-03-09T00:00:00
FRVIAE10001205702,1b4c8df3140c49899a53d6c614ef431e,0.4,EUR,AD_HOC_PAYMENT,20,2025-11-19T13:00:00
FRVIAE10001205701,1b4c8df3140c49899a53d6c614ef431e,0.4,EUR,AD_HOC_PAYMENT,20,2025-11-19T13:00:00
FRVIAE10001486074,9ce4a9d0-ef0d-4bd5-a61c-f36a35f666b6,0.45,EUR,AD_HOC_PAYMENT,20,2026-03-09T00:00:00
FRVIAE10001486073,9ce4a9d0-ef0d-4bd5-a61c-f36a35f666b6,0.45,EUR,AD_HOC_PAYMENT,20,2026-03-09T00:00:00
FRVIAE10001486072,9ce4a9d0-ef0d-4bd5-a61c-f36a35f666b6,0.45,EUR,AD_HOC_PAYMENT,20,2026-03-09T00:00:00
FRVIAE10001486071,9ce4a9d0-ef0d-4bd5-a61c-f36a35f666b6,0.45,EUR,AD_HOC_PAYMENT,20,2026-03-09T00:00:00
FRVIAE20122071072,1b4c8df3140c49899a53d6c614ef431e,0.4,EUR,AD_HOC_PAYMENT,20,2025-11-19T13:00:00
FRVIAE20122071071,1b4c8df3140c49899a53d6c614ef431e,0.4,EUR,AD_HOC_PAYMENT,20,2025-11-19T13:00:00
FRVIAE12346354589,1b4c8df3140c49899a53d6c614ef431e,0.4,EUR,AD_HOC_PAYMENT,20,2025-11-19T13:00:00
FRVIAE12346354588,1b4c8df3140c49899a53d6c614ef431e,0.4,EUR,AD_HOC_PAYMENT,20,2025-11-19T13:00:00
FRVIAE12346354587,1b4c8df3140c49899a53d6c614ef431e,0.4,EUR,AD_HOC_PAYMENT,20,2025-11-19T13:00:00
FRVIAE12346354586,1b4c8df3140c49899a53d6c614ef431e,0.4,EUR,AD_HOC_PAYMENT,20,2025-11-19T13:00:00
FRVIAE12346354585,1b4c8df3140c49899a53d6c614ef431e,0.4,EUR,AD_HOC_PAYMENT,20,2025-11-19T13:00:00
FRVIAE12346354584,1b4c8df3140c49899a53d6c614ef431e,0.4,EUR,AD_HOC_PAYMENT,20,2025-11-19T13:00:00
FRVIAE12346354583,1b4c8df3140c49899a53d6c614ef431e,0.4,EUR,AD_HOC_PAYMENT,20,2025-11-19T13:00:00
FRVIAE12346354582,1b4c8df3140c49899a53d6c614ef431e,0.4,EUR,AD_HOC_PAYMENT,20,2025-11-19T13:00:00
FRVIAE123463545812,1b4c8df3140c49899a53d6c614ef431e,0.4,EUR,AD_HOC_PAYMENT,20,2025-11-19T13:00:00
FRVIAE123463545811,1b4c8df3140c49899a53d6c614ef431e,0.4,EUR,AD_HOC_PAYMENT,20,2025-11-19T13:00:00
FRVIAE123463545810,1b4c8df3140c49899a53d6c614ef431e,0.4,EUR,AD_HOC_PAYMENT,20,2025-11-19T13:00:00
FRVIAE12346354581,1b4c8df3140c49899a53d6c614ef431e,0.4,EUR,AD_HOC_PAYMENT,20,2025-11-19T13:00:00
FRVIAE20122097072,1b4c8df3140c49899a53d6c614ef431e,0.4,EUR,AD_HOC_PAYMENT,20,2025-11-19T13:00:00
FRVIAE20122097071,1b4c8df3140c49899a53d6c614ef431e,0.4,EUR,AD_HOC_PAYMENT,20,2025-11-19T13:00:00
FRVIAE20122109016,1b4c8df3140c49899a53d6c614ef431e,0.4,EUR,AD_HOC_PAYMENT,20,2025-11-19T13:00:00
FRVIAE20122109015,1b4c8df3140c49899a53d6c614ef431e,0.4,EUR,AD_HOC_PAYMENT,20,2025-11-19T13:00:00
FRVIAE20122109014,1b4c8df3140c49899a53d6c614ef431e,0.4,EUR,AD_HOC_PAYMENT,20,2025-11-19T13:00:00
FRVIAE20122109013,1b4c8df3140c49899a53d6c614ef431e,0.4,EUR,AD_HOC_PAYMENT,20,2025-11-19T13:00:00
FRVIAE20122109012,1b4c8df3140c49899a53d6c614ef431e,0.4,EUR,AD_HOC_PAYMENT,20,2025-11-19T13:00:00
FRVIAE20122109011,1b4c8df3140c49899a53d6c614ef431e,0.4,EUR,AD_HOC_PAYMENT,20,2025-11-19T13:00:00
FRVIAE12346397226,1b4c8df3140c49899a53d6c614ef431e,0.4,EUR,AD_HOC_PAYMENT,20,2025-11-19T13:00:00
FRVIAE12346397225,1b4c8df3140c49899a53d6c614ef431e,0.4,EUR,AD_HOC_PAYMENT,20,2025-11-19T13:00:00
FRVIAE12346397224,1b4c8df3140c49899a53d6c614ef431e,0.4,EUR,AD_HOC_PAYMENT,20,2025-11-19T13:00:00
FRVIAE12346397223,1b4c8df3140c49899a53d6c614ef431e,0.4,EUR,AD_HOC_PAYMENT,20,2025-11-19T13:00:00
FRVIAE12346397222,1b4c8df3140c49899a53d6c614ef431e,0.4,EUR,AD_HOC_PAYMENT,20,2025-11-19T13:00:00
FRVIAE12346397221,1b4c8df3140c49899a53d6c614ef431e,0.4,EUR,AD_HOC_PAYMENT,20,2025-11-19T13:00:00
FRVIAE20122209016,1b4c8df3140c49899a53d6c614ef431e,0.4,EUR,AD_HOC_PAYMENT,20,2025-11-19T13:00:00
FRVIAE20122209015,1b4c8df3140c49899a53d6c614ef431e,0.4,EUR,AD_HOC_PAYMENT,20,2025-11-19T13:00:00
FRVIAE20122209014,1b4c8df3140c49899a53d6c614ef431e,0.4,EUR,AD_HOC_PAYMENT,20,2025-11-19T13:00:00
FRVIAE20122209013,1b4c8df3140c49899a53d6c614ef431e,0.4,EUR,AD_HOC_PAYMENT,20,2025-11-19T13:00:00
FRVIAE20122209012,1b4c8df3140c49899a53d6c614ef431e,0.4,EUR,AD_HOC_PAYMENT,20,2025-11-19T13:00:00
FRVIAE20122209011,1b4c8df3140c49899a53d6c614ef431e,0.4,EUR,AD_HOC_PAYMENT,20,2025-11-19T13:00:00
FRVIAE10001276001,663d278c-7663-41ea-86aa-015b9a5dd8e4,0.5,EUR,AD_HOC_PAYMENT,20,2026-03-09T00:00:00
FRVIAE10001181283,663d278c-7663-41ea-86aa-015b9a5dd8e4,0.5,EUR,AD_HOC_PAYMENT,20,2026-03-09T00:00:00
FRVIAE10001181282,663d278c-7663-41ea-86aa-015b9a5dd8e4,0.5,EUR,AD_HOC_PAYMENT,20,2026-03-09T00:00:00
FRVIAE10001181281,663d278c-7663-41ea-86aa-015b9a5dd8e4,0.5,EUR,AD_HOC_PAYMENT,20,2026-03-09T00:00:00
FRVIAE10001249224,9ce4a9d0-ef0d-4bd5-a61c-f36a35f666b6,0.45,EUR,AD_HOC_PAYMENT,20,2026-03-09T00:00:00
FRVIAE10001249223,9ce4a9d0-ef0d-4bd5-a61c-f36a35f666b6,0.45,EUR,AD_HOC_PAYMENT,20,2026-03-09T00:00:00
FRVIAE10001249222,9ce4a9d0-ef0d-4bd5-a61c-f36a35f666b6,0.45,EUR,AD_HOC_PAYMENT,20,2026-03-09T00:00:00
FRVIAE10001249221,9ce4a9d0-ef0d-4bd5-a61c-f36a35f666b6,0.45,EUR,AD_HOC_PAYMENT,20,2026-03-09T00:00:00
FRVIAE20142048012,1b4c8df3140c49899a53d6c614ef431e,0.4,EUR,AD_HOC_PAYMENT,20,2025-11-19T13:00:00
FRVIAE20142048011,1b4c8df3140c49899a53d6c614ef431e,0.4,EUR,AD_HOC_PAYMENT,20,2025-11-19T13:00:00
FRVIAE12346402322,1b4c8df3140c49899a53d6c614ef431e,0.4,EUR,AD_HOC_PAYMENT,20,2025-11-19T13:00:00
FRVIAE12346402321,1b4c8df3140c49899a53d6c614ef431e,0.4,EUR,AD_HOC_PAYMENT,20,2025-11-19T13:00:00
FRVIAE12346372322,1b4c8df3140c49899a53d6c614ef431e,0.4,EUR,AD_HOC_PAYMENT,20,2025-11-19T13:00:00
FRVIAE12346372321,1b4c8df3140c49899a53d6c614ef431e,0.4,EUR,AD_HOC_PAYMENT,20,2025-11-19T13:00:00
FRVIAE20122058062,1b4c8df3140c49899a53d6c614ef431e,0.4,EUR,AD_HOC_PAYMENT,20,2025-11-19T13:00:00
FRVIAE20122058061,1b4c8df3140c49899a53d6c614ef431e,0.4,EUR,AD_HOC_PAYMENT,20,2025-11-19T13:00:00
FRVIAE20142034013,1b4c8df3140c49899a53d6c614ef431e,0.4,EUR,AD_HOC_PAYMENT,20,2025-11-19T13:00:00
FRVIAE20142034012,1b4c8df3140c49899a53d6c614ef431e,0.4,EUR,AD_HOC_PAYMENT,20,2025-11-19T13:00:00
FRVIAE20142034011,1b4c8df3140c49899a53d6c614ef431e,0.4,EUR,AD_HOC_PAYMENT,20,2025-11-19T13:00:00
FRVIAE10001092982,1b4c8df3140c49899a53d6c614ef431e,0.4,EUR,AD_HOC_PAYMENT,20,2025-11-19T13:00:00
FRVIAE10001092981,1b4c8df3140c49899a53d6c614ef431e,0.4,EUR,AD_HOC_PAYMENT,20,2025-11-19T13:00:00
FRVIAE20142015012,1b4c8df3140c49899a53d6c614ef431e,0.4,EUR,AD_HOC_PAYMENT,20,2025-11-19T13:00:00
FRVIAE20142015011,1b4c8df3140c49899a53d6c614ef431e,0.4,EUR,AD_HOC_PAYMENT,20,2025-11-19T13:00:00
FRVIAE20121002014,9ce4a9d0-ef0d-4bd5-a61c-f36a35f666b6,0.45,EUR,AD_HOC_PAYMENT,20,2026-03-09T00:00:00
FRVIAE20121002013,9ce4a9d0-ef0d-4bd5-a61c-f36a35f666b6,0.45,EUR,AD_HOC_PAYMENT,20,2026-03-09T00:00:00
FRVIAE20121002012,9ce4a9d0-ef0d-4bd5-a61c-f36a35f666b6,0.45,EUR,AD_HOC_PAYMENT,20,2026-03-09T00:00:00
FRVIAE20121002011,9ce4a9d0-ef0d-4bd5-a61c-f36a35f666b6,0.45,EUR,AD_HOC_PAYMENT,20,2026-03-09T00:00:00
FRVIAE20142089022,64cfd72818304ee28d3a875aef64d31b,0.45,EUR,AD_HOC_PAYMENT,20,2025-11-19T13:00:00
FRVIAE20142089021,64cfd72818304ee28d3a875aef64d31b,0.45,EUR,AD_HOC_PAYMENT,20,2025-11-19T13:00:00
FRVIAE10001205402,65df1f1d-34c8-4886-a465-c0943f5e9ba2,0.45,EUR,AD_HOC_PAYMENT,20,2026-05-11T00:00:00
FRVIAE10001205401,65df1f1d-34c8-4886-a465-c0943f5e9ba2,0.45,EUR,AD_HOC_PAYMENT,20,2026-05-11T00:00:00
FRVIAE20142017012,1b4c8df3140c49899a53d6c614ef431e,0.4,EUR,AD_HOC_PAYMENT,20,2025-11-19T13:00:00
FRVIAE20142017011,1b4c8df3140c49899a53d6c614ef431e,0.4,EUR,AD_HOC_PAYMENT,20,2025-11-19T13:00:00
FRVIAE10001251204,9ce4a9d0-ef0d-4bd5-a61c-f36a35f666b6,0.45,EUR,AD_HOC_PAYMENT,20,2026-03-09T00:00:00
FRVIAE10001251203,9ce4a9d0-ef0d-4bd5-a61c-f36a35f666b6,0.45,EUR,AD_HOC_PAYMENT,20,2026-03-09T00:00:00
FRVIAE10001251202,9ce4a9d0-ef0d-4bd5-a61c-f36a35f666b6,0.45,EUR,AD_HOC_PAYMENT,20,2026-03-09T00:00:00
FRVIAE10001251201,9ce4a9d0-ef0d-4bd5-a61c-f36a35f666b6,0.45,EUR,AD_HOC_PAYMENT,20,2026-03-09T00:00:00
FRVIAE20142028013,64cfd72818304ee28d3a875aef64d31b,0.45,EUR,AD_HOC_PAYMENT,20,2025-11-19T13:00:00
FRVIAE20142028012,64cfd72818304ee28d3a875aef64d31b,0.45,EUR,AD_HOC_PAYMENT,20,2025-11-19T13:00:00
FRVIAE20142028011,64cfd72818304ee28d3a875aef64d31b,0.45,EUR,AD_HOC_PAYMENT,20,2025-11-19T13:00:00
FRVIAE10001208362,1b4c8df3140c49899a53d6c614ef431e,0.4,EUR,AD_HOC_PAYMENT,20,2025-11-19T13:00:00
FRVIAE10001208361,1b4c8df3140c49899a53d6c614ef431e,0.4,EUR,AD_HOC_PAYMENT,20,2025-11-19T13:00:00
FRVIAE10001208372,1b4c8df3140c49899a53d6c614ef431e,0.4,EUR,AD_HOC_PAYMENT,20,2025-11-19T13:00:00
FRVIAE10001208371,1b4c8df3140c49899a53d6c614ef431e,0.4,EUR,AD_HOC_PAYMENT,20,2025-11-19T13:00:00
FRVIAE12345724862,1b4c8df3140c49899a53d6c614ef431e,0.4,EUR,AD_HOC_PAYMENT,20,2025-11-19T13:00:00
FRVIAE12345724861,1b4c8df3140c49899a53d6c614ef431e,0.4,EUR,AD_HOC_PAYMENT,20,2025-11-19T13:00:00
FRVIAE12346281522,1b4c8df3140c49899a53d6c614ef431e,0.4,EUR,AD_HOC_PAYMENT,20,2025-11-19T13:00:00
FRVIAE12346281521,1b4c8df3140c49899a53d6c614ef431e,0.4,EUR,AD_HOC_PAYMENT,20,2025-11-19T13:00:00
FRVIAE20122092062,1b4c8df3140c49899a53d6c614ef431e,0.4,EUR,AD_HOC_PAYMENT,20,2025-11-19T13:00:00
FRVIAE20122092061,1b4c8df3140c49899a53d6c614ef431e,0.4,EUR,AD_HOC_PAYMENT,20,2025-11-19T13:00:00
FRVIAE20142041013,1b4c8df3140c49899a53d6c614ef431e,0.4,EUR,AD_HOC_PAYMENT,20,2025-11-19T13:00:00
FRVIAE20142041012,1b4c8df3140c49899a53d6c614ef431e,0.4,EUR,AD_HOC_PAYMENT,20,2025-11-19T13:00:00
FRVIAE20142041011,1b4c8df3140c49899a53d6c614ef431e,0.4,EUR,AD_HOC_PAYMENT,20,2025-11-19T13:00:00
FRVIAE10001444622,1b4c8df3140c49899a53d6c614ef431e,0.4,EUR,AD_HOC_PAYMENT,20,2025-11-19T13:00:00
FRVIAE10001444621,1b4c8df3140c49899a53d6c614ef431e,0.4,EUR,AD_HOC_PAYMENT,20,2025-11-19T13:00:00
FRVIAE12346329092,1b4c8df3140c49899a53d6c614ef431e,0.4,EUR,AD_HOC_PAYMENT,20,2025-11-19T13:00:00
FRVIAE12346329091,1b4c8df3140c49899a53d6c614ef431e,0.4,EUR,AD_HOC_PAYMENT,20,2025-11-19T13:00:00
FRVIAE20142052013,1b4c8df3140c49899a53d6c614ef431e,0.4,EUR,AD_HOC_PAYMENT,20,2025-11-19T13:00:00
FRVIAE20142052012,1b4c8df3140c49899a53d6c614ef431e,0.4,EUR,AD_HOC_PAYMENT,20,2025-11-19T13:00:00
FRVIAE20142052011,1b4c8df3140c49899a53d6c614ef431e,0.4,EUR,AD_HOC_PAYMENT,20,2025-11-19T13:00:00
FRVIAE10001169673,84ba7e49-a9d1-41d9-85f4-d72d875ec724,0.575,EUR,AD_HOC_PAYMENT,20,2026-03-09T00:00:00
FRVIAE10001169672,84ba7e49-a9d1-41d9-85f4-d72d875ec724,0.575,EUR,AD_HOC_PAYMENT,20,2026-03-09T00:00:00
FRVIAE10001169671,84ba7e49-a9d1-41d9-85f4-d72d875ec724,0.575,EUR,AD_HOC_PAYMENT,20,2026-03-09T00:00:00
FRVIAE10001231792,663d278c-7663-41ea-86aa-015b9a5dd8e4,0.5,EUR,AD_HOC_PAYMENT,20,2026-03-09T00:00:00
FRVIAE10001231791,663d278c-7663-41ea-86aa-015b9a5dd8e4,0.5,EUR,AD_HOC_PAYMENT,20,2026-03-09T00:00:00
FRVIAE20142108013,1b4c8df3140c49899a53d6c614ef431e,0.4,EUR,AD_HOC_PAYMENT,20,2025-11-19T13:00:00
FRVIAE20142108012,64cfd72818304ee28d3a875aef64d31b,0.45,EUR,AD_HOC_PAYMENT,20,2025-11-19T13:00:00
FRVIAE20142108011,64cfd72818304ee28d3a875aef64d31b,0.45,EUR,AD_HOC_PAYMENT,20,2025-11-19T13:00:00
FRVIAE20164006042,5ac8fc13-69bd-4238-91fc-00d74021df49,0.433,EUR,AD_HOC_PAYMENT,20,2026-02-23T00:00:00
FRVIAE20164006041,5ac8fc13-69bd-4238-91fc-00d74021df49,0.433,EUR,AD_HOC_PAYMENT,20,2026-02-23T00:00:00
FRVIAE20143039012,64cfd72818304ee28d3a875aef64d31b,0.45,EUR,AD_HOC_PAYMENT,20,2025-11-19T13:00:00
FRVIAE20143039011,64cfd72818304ee28d3a875aef64d31b,0.45,EUR,AD_HOC_PAYMENT,20,2025-11-19T13:00:00
FRVIAE20142002013,1b4c8df3140c49899a53d6c614ef431e,0.4,EUR,AD_HOC_PAYMENT,20,2025-11-19T13:00:00
FRVIAE20142002012,1b4c8df3140c49899a53d6c614ef431e,0.4,EUR,AD_HOC_PAYMENT,20,2025-11-19T13:00:00
FRVIAE20142002011,1b4c8df3140c49899a53d6c614ef431e,0.4,EUR,AD_HOC_PAYMENT,20,2025-11-19T13:00:00
FRVIAE20122093026,1b4c8df3140c49899a53d6c614ef431e,0.4,EUR,AD_HOC_PAYMENT,20,2025-11-19T13:00:00
FRVIAE20122093025,1b4c8df3140c49899a53d6c614ef431e,0.4,EUR,AD_HOC_PAYMENT,20,2025-11-19T13:00:00
FRVIAE20122093024,1b4c8df3140c49899a53d6c614ef431e,0.4,EUR,AD_HOC_PAYMENT,20,2025-11-19T13:00:00
FRVIAE20122093023,1b4c8df3140c49899a53d6c614ef431e,0.4,EUR,AD_HOC_PAYMENT,20,2025-11-19T13:00:00
FRVIAE20122093022,1b4c8df3140c49899a53d6c614ef431e,0.4,EUR,AD_HOC_PAYMENT,20,2025-11-19T13:00:00
FRVIAE20122093021,1b4c8df3140c49899a53d6c614ef431e,0.4,EUR,AD_HOC_PAYMENT,20,2025-11-19T13:00:00
FRVIAE20142019013,1b4c8df3140c49899a53d6c614ef431e,0.4,EUR,AD_HOC_PAYMENT,20,2025-11-19T13:00:00
FRVIAE20142019012,1b4c8df3140c49899a53d6c614ef431e,0.4,EUR,AD_HOC_PAYMENT,20,2025-11-19T13:00:00
FRVIAE20142019011,1b4c8df3140c49899a53d6c614ef431e,0.4,EUR,AD_HOC_PAYMENT,20,2025-11-19T13:00:00
FRVIAE12346100422,1b4c8df3140c49899a53d6c614ef431e,0.4,EUR,AD_HOC_PAYMENT,20,2025-11-19T13:00:00
FRVIAE12346100421,1b4c8df3140c49899a53d6c614ef431e,0.4,EUR,AD_HOC_PAYMENT,20,2025-11-19T13:00:00
FRVIAE10001208382,1b4c8df3140c49899a53d6c614ef431e,0.4,EUR,AD_HOC_PAYMENT,20,2025-11-19T13:00:00
FRVIAE10001208381,1b4c8df3140c49899a53d6c614ef431e,0.4,EUR,AD_HOC_PAYMENT,20,2025-11-19T13:00:00
FRVIAE10001301103,84ba7e49-a9d1-41d9-85f4-d72d875ec724,0.575,EUR,AD_HOC_PAYMENT,20,2026-03-09T00:00:00
FRVIAE10001301102,84ba7e49-a9d1-41d9-85f4-d72d875ec724,0.575,EUR,AD_HOC_PAYMENT,20,2026-03-09T00:00:00
FRVIAE10001301101,84ba7e49-a9d1-41d9-85f4-d72d875ec724,0.575,EUR,AD_HOC_PAYMENT,20,2026-03-09T00:00:00
FRVIAE20142045012,1b4c8df3140c49899a53d6c614ef431e,0.4,EUR,AD_HOC_PAYMENT,20,2025-11-19T13:00:00
FRVIAE20142045011,1b4c8df3140c49899a53d6c614ef431e,0.4,EUR,AD_HOC_PAYMENT,20,2025-11-19T13:00:00
FRVIAE20142004012,1b4c8df3140c49899a53d6c614ef431e,0.4,EUR,AD_HOC_PAYMENT,20,2025-11-19T13:00:00
FRVIAE20142004011,1b4c8df3140c49899a53d6c614ef431e,0.4,EUR,AD_HOC_PAYMENT,20,2025-11-19T13:00:00
FRVIAE12345955439,1b4c8df3140c49899a53d6c614ef431e,0.4,EUR,AD_HOC_PAYMENT,20,2025-11-19T13:00:00
FRVIAE12345955438,1b4c8df3140c49899a53d6c614ef431e,0.4,EUR,AD_HOC_PAYMENT,20,2025-11-19T13:00:00
FRVIAE12345955437,1b4c8df3140c49899a53d6c614ef431e,0.4,EUR,AD_HOC_PAYMENT,20,2025-11-19T13:00:00
FRVIAE12345955436,1b4c8df3140c49899a53d6c614ef431e,0.4,EUR,AD_HOC_PAYMENT,20,2025-11-19T13:00:00
FRVIAE12345955435,1b4c8df3140c49899a53d6c614ef431e,0.4,EUR,AD_HOC_PAYMENT,20,2025-11-19T13:00:00
FRVIAE12345955434,1b4c8df3140c49899a53d6c614ef431e,0.4,EUR,AD_HOC_PAYMENT,20,2025-11-19T13:00:00
FRVIAE12345955433,1b4c8df3140c49899a53d6c614ef431e,0.4,EUR,AD_HOC_PAYMENT,20,2025-11-19T13:00:00
FRVIAE12345955432,1b4c8df3140c49899a53d6c614ef431e,0.4,EUR,AD_HOC_PAYMENT,20,2025-11-19T13:00:00
FRVIAE123459554312,1b4c8df3140c49899a53d6c614ef431e,0.4,EUR,AD_HOC_PAYMENT,20,2025-11-19T13:00:00
FRVIAE123459554311,1b4c8df3140c49899a53d6c614ef431e,0.4,EUR,AD_HOC_PAYMENT,20,2025-11-19T13:00:00
FRVIAE123459554310,1b4c8df3140c49899a53d6c614ef431e,0.4,EUR,AD_HOC_PAYMENT,20,2025-11-19T13:00:00
FRVIAE12345955431,1b4c8df3140c49899a53d6c614ef431e,0.4,EUR,AD_HOC_PAYMENT,20,2025-11-19T13:00:00
FRVIAE20142093022,64cfd72818304ee28d3a875aef64d31b,0.45,EUR,AD_HOC_PAYMENT,20,2025-11-19T13:00:00
FRVIAE20142093021,64cfd72818304ee28d3a875aef64d31b,0.45,EUR,AD_HOC_PAYMENT,20,2025-11-19T13:00:00
FRVIAE12346274794,9ce4a9d0-ef0d-4bd5-a61c-f36a35f666b6,0.45,EUR,AD_HOC_PAYMENT,20,2026-03-09T00:00:00
FRVIAE12346274793,9ce4a9d0-ef0d-4bd5-a61c-f36a35f666b6,0.45,EUR,AD_HOC_PAYMENT,20,2026-03-09T00:00:00
FRVIAE12346274792,9ce4a9d0-ef0d-4bd5-a61c-f36a35f666b6,0.45,EUR,AD_HOC_PAYMENT,20,2026-03-09T00:00:00
FRVIAE12346274791,9ce4a9d0-ef0d-4bd5-a61c-f36a35f666b6,0.45,EUR,AD_HOC_PAYMENT,20,2026-03-09T00:00:00
FRVIAE20122069072,1b4c8df3140c49899a53d6c614ef431e,0.4,EUR,AD_HOC_PAYMENT,20,2025-11-19T13:00:00
FRVIAE20122069071,1b4c8df3140c49899a53d6c614ef431e,0.4,EUR,AD_HOC_PAYMENT,20,2025-11-19T13:00:00
FRVIAE20121004014,9ce4a9d0-ef0d-4bd5-a61c-f36a35f666b6,0.45,EUR,AD_HOC_PAYMENT,20,2026-03-09T00:00:00
FRVIAE20121004013,9ce4a9d0-ef0d-4bd5-a61c-f36a35f666b6,0.45,EUR,AD_HOC_PAYMENT,20,2026-03-09T00:00:00
FRVIAE20121004012,9ce4a9d0-ef0d-4bd5-a61c-f36a35f666b6,0.45,EUR,AD_HOC_PAYMENT,20,2026-03-09T00:00:00
FRVIAE20121004011,9ce4a9d0-ef0d-4bd5-a61c-f36a35f666b6,0.45,EUR,AD_HOC_PAYMENT,20,2026-03-09T00:00:00
FRVIAE10001208422,1b4c8df3140c49899a53d6c614ef431e,0.4,EUR,AD_HOC_PAYMENT,20,2025-11-19T13:00:00
FRVIAE10001208421,1b4c8df3140c49899a53d6c614ef431e,0.4,EUR,AD_HOC_PAYMENT,20,2025-11-19T13:00:00
FRVIAE10001241032,87b962cf-5c99-4812-8f03-16f2047aba80,0.525,EUR,AD_HOC_PAYMENT,20,2026-02-23T00:00:00
FRVIAE10001241031,87b962cf-5c99-4812-8f03-16f2047aba80,0.525,EUR,AD_HOC_PAYMENT,20,2026-02-23T00:00:00
FRVIAE10001475753,0f286212-cb69-4cd7-abda-c0368a02ccbf,0.325,EUR,AD_HOC_PAYMENT,20,2026-03-09T00:00:00
FRVIAE10001475752,0f286212-cb69-4cd7-abda-c0368a02ccbf,0.325,EUR,AD_HOC_PAYMENT,20,2026-03-09T00:00:00
FRVIAE10001475751,0f286212-cb69-4cd7-abda-c0368a02ccbf,0.325,EUR,AD_HOC_PAYMENT,20,2026-03-09T00:00:00
FRVIAE20123018019,e9a95d1a-7f0c-49b8-a860-4f450bce162c,0.241,EUR,AD_HOC_PAYMENT,20,2026-03-09T00:00:00
FRVIAE20123018018,e9a95d1a-7f0c-49b8-a860-4f450bce162c,0.241,EUR,AD_HOC_PAYMENT,20,2026-03-09T00:00:00
FRVIAE20123018017,e9a95d1a-7f0c-49b8-a860-4f450bce162c,0.241,EUR,AD_HOC_PAYMENT,20,2026-03-09T00:00:00
FRVIAE20123018016,e9a95d1a-7f0c-49b8-a860-4f450bce162c,0.241,EUR,AD_HOC_PAYMENT,20,2026-03-09T00:00:00
FRVIAE20123018015,e9a95d1a-7f0c-49b8-a860-4f450bce162c,0.241,EUR,AD_HOC_PAYMENT,20,2026-03-09T00:00:00
FRVIAE20123018014,e9a95d1a-7f0c-49b8-a860-4f450bce162c,0.241,EUR,AD_HOC_PAYMENT,20,2026-03-09T00:00:00
FRVIAE20123018013,e9a95d1a-7f0c-49b8-a860-4f450bce162c,0.241,EUR,AD_HOC_PAYMENT,20,2026-03-09T00:00:00
FRVIAE20123018012,e9a95d1a-7f0c-49b8-a860-4f450bce162c,0.241,EUR,AD_HOC_PAYMENT,20,2026-03-09T00:00:00
FRVIAE201230180112,e9a95d1a-7f0c-49b8-a860-4f450bce162c,0.241,EUR,AD_HOC_PAYMENT,20,2026-03-09T00:00:00
FRVIAE201230180111,e9a95d1a-7f0c-49b8-a860-4f450bce162c,0.241,EUR,AD_HOC_PAYMENT,20,2026-03-09T00:00:00
FRVIAE201230180110,e9a95d1a-7f0c-49b8-a860-4f450bce162c,0.241,EUR,AD_HOC_PAYMENT,20,2026-03-09T00:00:00
FRVIAE20123018011,e9a95d1a-7f0c-49b8-a860-4f450bce162c,0.241,EUR,AD_HOC_PAYMENT,20,2026-03-09T00:00:00
FRVIAE20142082012,1b4c8df3140c49899a53d6c614ef431e,0.4,EUR,AD_HOC_PAYMENT,20,2025-11-19T13:00:00
FRVIAE20142082011,1b4c8df3140c49899a53d6c614ef431e,0.4,EUR,AD_HOC_PAYMENT,20,2025-11-19T13:00:00
FRVIAE12346399269,1b4c8df3140c49899a53d6c614ef431e,0.4,EUR,AD_HOC_PAYMENT,20,2025-11-19T13:00:00
FRVIAE12346399268,1b4c8df3140c49899a53d6c614ef431e,0.4,EUR,AD_HOC_PAYMENT,20,2025-11-19T13:00:00
FRVIAE12346399267,1b4c8df3140c49899a53d6c614ef431e,0.4,EUR,AD_HOC_PAYMENT,20,2025-11-19T13:00:00
FRVIAE12346399266,1b4c8df3140c49899a53d6c614ef431e,0.4,EUR,AD_HOC_PAYMENT,20,2025-11-19T13:00:00
FRVIAE12346399265,1b4c8df3140c49899a53d6c614ef431e,0.4,EUR,AD_HOC_PAYMENT,20,2025-11-19T13:00:00
FRVIAE12346399264,1b4c8df3140c49899a53d6c614ef431e,0.4,EUR,AD_HOC_PAYMENT,20,2025-11-19T13:00:00
FRVIAE12346399263,1b4c8df3140c49899a53d6c614ef431e,0.4,EUR,AD_HOC_PAYMENT,20,2025-11-19T13:00:00
FRVIAE12346399262,1b4c8df3140c49899a53d6c614ef431e,0.4,EUR,AD_HOC_PAYMENT,20,2025-11-19T13:00:00
FRVIAE123463992610,1b4c8df3140c49899a53d6c614ef431e,0.4,EUR,AD_HOC_PAYMENT,20,2025-11-19T13:00:00
FRVIAE12346399261,1b4c8df3140c49899a53d6c614ef431e,0.4,EUR,AD_HOC_PAYMENT,20,2025-11-19T13:00:00
FRVIAE20125004032,64cfd72818304ee28d3a875aef64d31b,0.45,EUR,AD_HOC_PAYMENT,20,2025-11-19T13:00:00
FRVIAE20125004031,64cfd72818304ee28d3a875aef64d31b,0.45,EUR,AD_HOC_PAYMENT,20,2025-11-19T13:00:00
FRVIAE20122177062,1b4c8df3140c49899a53d6c614ef431e,0.4,EUR,AD_HOC_PAYMENT,20,2025-11-19T13:00:00
FRVIAE20122177061,1b4c8df3140c49899a53d6c614ef431e,0.4,EUR,AD_HOC_PAYMENT,20,2025-11-19T13:00:00
FRVIAE20164001062,5ac8fc13-69bd-4238-91fc-00d74021df49,0.433,EUR,AD_HOC_PAYMENT,20,2026-02-23T00:00:00
FRVIAE20164001061,5ac8fc13-69bd-4238-91fc-00d74021df49,0.433,EUR,AD_HOC_PAYMENT,20,2026-02-23T00:00:00
FRVIAE10001225542,663d278c-7663-41ea-86aa-015b9a5dd8e4,0.5,EUR,AD_HOC_PAYMENT,20,2026-03-09T00:00:00
FRVIAE10001225541,663d278c-7663-41ea-86aa-015b9a5dd8e4,0.5,EUR,AD_HOC_PAYMENT,20,2026-03-09T00:00:00
FRVIAE10001231872,663d278c-7663-41ea-86aa-015b9a5dd8e4,0.5,EUR,AD_HOC_PAYMENT,20,2026-03-09T00:00:00
FRVIAE10001231871,663d278c-7663-41ea-86aa-015b9a5dd8e4,0.5,EUR,AD_HOC_PAYMENT,20,2026-03-09T00:00:00
FRVIAE10001181483,663d278c-7663-41ea-86aa-015b9a5dd8e4,0.5,EUR,AD_HOC_PAYMENT,20,2026-03-09T00:00:00
FRVIAE10001181482,663d278c-7663-41ea-86aa-015b9a5dd8e4,0.5,EUR,AD_HOC_PAYMENT,20,2026-03-09T00:00:00
FRVIAE20161010142,5ac8fc13-69bd-4238-91fc-00d74021df49,0.433,EUR,AD_HOC_PAYMENT,20,2026-02-23T00:00:00
FRVIAE20161010141,5ac8fc13-69bd-4238-91fc-00d74021df49,0.433,EUR,AD_HOC_PAYMENT,20,2026-02-23T00:00:00
FRVIAE12345955336,1b4c8df3140c49899a53d6c614ef431e,0.4,EUR,AD_HOC_PAYMENT,20,2025-11-19T13:00:00
FRVIAE12345955335,1b4c8df3140c49899a53d6c614ef431e,0.4,EUR,AD_HOC_PAYMENT,20,2025-11-19T13:00:00
FRVIAE12345955334,1b4c8df3140c49899a53d6c614ef431e,0.4,EUR,AD_HOC_PAYMENT,20,2025-11-19T13:00:00
FRVIAE12345955333,1b4c8df3140c49899a53d6c614ef431e,0.4,EUR,AD_HOC_PAYMENT,20,2025-11-19T13:00:00
FRVIAE12345955332,1b4c8df3140c49899a53d6c614ef431e,0.4,EUR,AD_HOC_PAYMENT,20,2025-11-19T13:00:00
FRVIAE12345955331,1b4c8df3140c49899a53d6c614ef431e,0.4,EUR,AD_HOC_PAYMENT,20,2025-11-19T13:00:00
FRVIAE12346112024,9ce4a9d0-ef0d-4bd5-a61c-f36a35f666b6,0.45,EUR,AD_HOC_PAYMENT,20,2026-03-09T00:00:00
FRVIAE12346112023,9ce4a9d0-ef0d-4bd5-a61c-f36a35f666b6,0.45,EUR,AD_HOC_PAYMENT,20,2026-03-09T00:00:00
FRVIAE12346112022,9ce4a9d0-ef0d-4bd5-a61c-f36a35f666b6,0.45,EUR,AD_HOC_PAYMENT,20,2026-03-09T00:00:00
FRVIAE12346112021,9ce4a9d0-ef0d-4bd5-a61c-f36a35f666b6,0.45,EUR,AD_HOC_PAYMENT,20,2026-03-09T00:00:00
FRVIAE12345715414,9ce4a9d0-ef0d-4bd5-a61c-f36a35f666b6,0.45,EUR,AD_HOC_PAYMENT,20,2026-03-09T00:00:00
FRVIAE12345715413,9ce4a9d0-ef0d-4bd5-a61c-f36a35f666b6,0.45,EUR,AD_HOC_PAYMENT,20,2026-03-09T00:00:00
FRVIAE12345715412,9ce4a9d0-ef0d-4bd5-a61c-f36a35f666b6,0.45,EUR,AD_HOC_PAYMENT,20,2026-03-09T00:00:00
FRVIAE12345715411,9ce4a9d0-ef0d-4bd5-a61c-f36a35f666b6,0.45,EUR,AD_HOC_PAYMENT,20,2026-03-09T00:00:00
FRVIAE10001158052,1b4c8df3140c49899a53d6c614ef431e,0.4,EUR,AD_HOC_PAYMENT,20,2025-11-19T13:00:00
FRVIAE10001158051,1b4c8df3140c49899a53d6c614ef431e,0.4,EUR,AD_HOC_PAYMENT,20,2025-11-19T13:00:00
FRVIAE20142069013,1b4c8df3140c49899a53d6c614ef431e,0.4,EUR,AD_HOC_PAYMENT,20,2025-11-19T13:00:00
FRVIAE20142069012,64cfd72818304ee28d3a875aef64d31b,0.45,EUR,AD_HOC_PAYMENT,20,2025-11-19T13:00:00
FRVIAE20142069011,64cfd72818304ee28d3a875aef64d31b,0.45,EUR,AD_HOC_PAYMENT,20,2025-11-19T13:00:00
FRVIAE20122080062,1b4c8df3140c49899a53d6c614ef431e,0.4,EUR,AD_HOC_PAYMENT,20,2025-11-19T13:00:00
FRVIAE20122080061,1b4c8df3140c49899a53d6c614ef431e,0.4,EUR,AD_HOC_PAYMENT,20,2025-11-19T13:00:00
FRVIAE12345955419,1b4c8df3140c49899a53d6c614ef431e,0.4,EUR,AD_HOC_PAYMENT,20,2025-11-19T13:00:00
FRVIAE12345955418,1b4c8df3140c49899a53d6c614ef431e,0.4,EUR,AD_HOC_PAYMENT,20,2025-11-19T13:00:00
FRVIAE12345955417,1b4c8df3140c49899a53d6c614ef431e,0.4,EUR,AD_HOC_PAYMENT,20,2025-11-19T13:00:00
FRVIAE12345955416,1b4c8df3140c49899a53d6c614ef431e,0.4,EUR,AD_HOC_PAYMENT,20,2025-11-19T13:00:00
FRVIAE12345955415,1b4c8df3140c49899a53d6c614ef431e,0.4,EUR,AD_HOC_PAYMENT,20,2025-11-19T13:00:00
FRVIAE12345955414,1b4c8df3140c49899a53d6c614ef431e,0.4,EUR,AD_HOC_PAYMENT,20,2025-11-19T13:00:00
FRVIAE12345955413,1b4c8df3140c49899a53d6c614ef431e,0.4,EUR,AD_HOC_PAYMENT,20,2025-11-19T13:00:00
FRVIAE12345955412,1b4c8df3140c49899a53d6c614ef431e,0.4,EUR,AD_HOC_PAYMENT,20,2025-11-19T13:00:00
FRVIAE123459554112,1b4c8df3140c49899a53d6c614ef431e,0.4,EUR,AD_HOC_PAYMENT,20,2025-11-19T13:00:00
FRVIAE123459554111,1b4c8df3140c49899a53d6c614ef431e,0.4,EUR,AD_HOC_PAYMENT,20,2025-11-19T13:00:00
FRVIAE123459554110,1b4c8df3140c49899a53d6c614ef431e,0.4,EUR,AD_HOC_PAYMENT,20,2025-11-19T13:00:00
FRVIAE12345955411,1b4c8df3140c49899a53d6c614ef431e,0.4,EUR,AD_HOC_PAYMENT,20,2025-11-19T13:00:00
FRVIAE10001444812,1b4c8df3140c49899a53d6c614ef431e,0.4,EUR,AD_HOC_PAYMENT,20,2025-11-19T13:00:00
FRVIAE10001444811,1b4c8df3140c49899a53d6c614ef431e,0.4,EUR,AD_HOC_PAYMENT,20,2025-11-19T13:00:00
FRVIAE20142071013,1b4c8df3140c49899a53d6c614ef431e,0.4,EUR,AD_HOC_PAYMENT,20,2025-11-19T13:00:00
FRVIAE20142071012,1b4c8df3140c49899a53d6c614ef431e,0.4,EUR,AD_HOC_PAYMENT,20,2025-11-19T13:00:00
FRVIAE20142071011,1b4c8df3140c49899a53d6c614ef431e,0.4,EUR,AD_HOC_PAYMENT,20,2025-11-19T13:00:00
FRVIAE12346008094,9ce4a9d0-ef0d-4bd5-a61c-f36a35f666b6,0.45,EUR,AD_HOC_PAYMENT,20,2026-03-09T00:00:00
FRVIAE12346008093,9ce4a9d0-ef0d-4bd5-a61c-f36a35f666b6,0.45,EUR,AD_HOC_PAYMENT,20,2026-03-09T00:00:00
FRVIAE12346008092,9ce4a9d0-ef0d-4bd5-a61c-f36a35f666b6,0.45,EUR,AD_HOC_PAYMENT,20,2026-03-09T00:00:00
FRVIAE12346008091,9ce4a9d0-ef0d-4bd5-a61c-f36a35f666b6,0.45,EUR,AD_HOC_PAYMENT,20,2026-03-09T00:00:00
FRVIAE12346139769,1b4c8df3140c49899a53d6c614ef431e,0.4,EUR,AD_HOC_PAYMENT,20,2025-11-19T13:00:00
FRVIAE12346139768,1b4c8df3140c49899a53d6c614ef431e,0.4,EUR,AD_HOC_PAYMENT,20,2025-11-19T13:00:00
FRVIAE12346139767,1b4c8df3140c49899a53d6c614ef431e,0.4,EUR,AD_HOC_PAYMENT,20,2025-11-19T13:00:00
FRVIAE12346139766,1b4c8df3140c49899a53d6c614ef431e,0.4,EUR,AD_HOC_PAYMENT,20,2025-11-19T13:00:00
FRVIAE12346139765,1b4c8df3140c49899a53d6c614ef431e,0.4,EUR,AD_HOC_PAYMENT,20,2025-11-19T13:00:00
FRVIAE12346139764,1b4c8df3140c49899a53d6c614ef431e,0.4,EUR,AD_HOC_PAYMENT,20,2025-11-19T13:00:00
FRVIAE12346139763,1b4c8df3140c49899a53d6c614ef431e,0.4,EUR,AD_HOC_PAYMENT,20,2025-11-19T13:00:00
FRVIAE12346139762,1b4c8df3140c49899a53d6c614ef431e,0.4,EUR,AD_HOC_PAYMENT,20,2025-11-19T13:00:00
FRVIAE123461397612,1b4c8df3140c49899a53d6c614ef431e,0.4,EUR,AD_HOC_PAYMENT,20,2025-11-19T13:00:00
FRVIAE123461397611,1b4c8df3140c49899a53d6c614ef431e,0.4,EUR,AD_HOC_PAYMENT,20,2025-11-19T13:00:00
FRVIAE123461397610,1b4c8df3140c49899a53d6c614ef431e,0.4,EUR,AD_HOC_PAYMENT,20,2025-11-19T13:00:00
FRVIAE12346139761,1b4c8df3140c49899a53d6c614ef431e,0.4,EUR,AD_HOC_PAYMENT,20,2025-11-19T13:00:00
FRVIAE20142040023,1b4c8df3140c49899a53d6c614ef431e,0.4,EUR,AD_HOC_PAYMENT,20,2025-11-19T13:00:00
FRVIAE20142040022,1b4c8df3140c49899a53d6c614ef431e,0.4,EUR,AD_HOC_PAYMENT,20,2025-11-19T13:00:00
FRVIAE20142040021,1b4c8df3140c49899a53d6c614ef431e,0.4,EUR,AD_HOC_PAYMENT,20,2025-11-19T13:00:00
FRVIAE10001251214,9ce4a9d0-ef0d-4bd5-a61c-f36a35f666b6,0.45,EUR,AD_HOC_PAYMENT,20,2026-03-09T00:00:00
FRVIAE10001251213,9ce4a9d0-ef0d-4bd5-a61c-f36a35f666b6,0.45,EUR,AD_HOC_PAYMENT,20,2026-03-09T00:00:00
FRVIAE10001251212,9ce4a9d0-ef0d-4bd5-a61c-f36a35f666b6,0.45,EUR,AD_HOC_PAYMENT,20,2026-03-09T00:00:00
FRVIAE10001251211,9ce4a9d0-ef0d-4bd5-a61c-f36a35f666b6,0.45,EUR,AD_HOC_PAYMENT,20,2026-03-09T00:00:00
FRVIAE20142067012,1b4c8df3140c49899a53d6c614ef431e,0.4,EUR,AD_HOC_PAYMENT,20,2025-11-19T13:00:00
FRVIAE20142067011,1b4c8df3140c49899a53d6c614ef431e,0.4,EUR,AD_HOC_PAYMENT,20,2025-11-19T13:00:00
FRVIAE10001181481,663d278c-7663-41ea-86aa-015b9a5dd8e4,0.5,EUR,AD_HOC_PAYMENT,20,2026-03-09T00:00:00
FRVIAE10001181213,663d278c-7663-41ea-86aa-015b9a5dd8e4,0.5,EUR,AD_HOC_PAYMENT,20,2026-03-09T00:00:00
FRVIAE10001181212,663d278c-7663-41ea-86aa-015b9a5dd8e4,0.5,EUR,AD_HOC_PAYMENT,20,2026-03-09T00:00:00
FRVIAE10001181211,663d278c-7663-41ea-86aa-015b9a5dd8e4,0.5,EUR,AD_HOC_PAYMENT,20,2026-03-09T00:00:00
FRVIAE10001487974,9ce4a9d0-ef0d-4bd5-a61c-f36a35f666b6,0.45,EUR,AD_HOC_PAYMENT,20,2026-03-09T00:00:00
FRVIAE10001487973,9ce4a9d0-ef0d-4bd5-a61c-f36a35f666b6,0.45,EUR,AD_HOC_PAYMENT,20,2026-03-09T00:00:00
FRVIAE10001487972,9ce4a9d0-ef0d-4bd5-a61c-f36a35f666b6,0.45,EUR,AD_HOC_PAYMENT,20,2026-03-09T00:00:00
FRVIAE10001487971,9ce4a9d0-ef0d-4bd5-a61c-f36a35f666b6,0.45,EUR,AD_HOC_PAYMENT,20,2026-03-09T00:00:00
FRVIAE12346137272,1b4c8df3140c49899a53d6c614ef431e,0.4,EUR,AD_HOC_PAYMENT,20,2025-11-19T13:00:00
FRVIAE12346137271,1b4c8df3140c49899a53d6c614ef431e,0.4,EUR,AD_HOC_PAYMENT,20,2025-11-19T13:00:00
FRVIAE12346402262,1b4c8df3140c49899a53d6c614ef431e,0.4,EUR,AD_HOC_PAYMENT,20,2025-11-19T13:00:00
FRVIAE12346402261,1b4c8df3140c49899a53d6c614ef431e,0.4,EUR,AD_HOC_PAYMENT,20,2025-11-19T13:00:00
FRVIAE12346033542,63b9a2fb-f35c-4dfb-bf27-4a42039521dd,0.55,EUR,AD_HOC_PAYMENT,20,2026-03-09T00:00:00
FRVIAE12346033541,63b9a2fb-f35c-4dfb-bf27-4a42039521dd,0.55,EUR,AD_HOC_PAYMENT,20,2026-03-09T00:00:00
FRVIAE12346235792,1b4c8df3140c49899a53d6c614ef431e,0.4,EUR,AD_HOC_PAYMENT,20,2025-11-19T13:00:00
FRVIAE12346235791,1b4c8df3140c49899a53d6c614ef431e,0.4,EUR,AD_HOC_PAYMENT,20,2025-11-19T13:00:00
FRVIAE12346285674,9ce4a9d0-ef0d-4bd5-a61c-f36a35f666b6,0.45,EUR,AD_HOC_PAYMENT,20,2026-03-09T00:00:00
FRVIAE12346285673,9ce4a9d0-ef0d-4bd5-a61c-f36a35f666b6,0.45,EUR,AD_HOC_PAYMENT,20,2026-03-09T00:00:00
FRVIAE12346285672,9ce4a9d0-ef0d-4bd5-a61c-f36a35f666b6,0.45,EUR,AD_HOC_PAYMENT,20,2026-03-09T00:00:00
FRVIAE12346285671,9ce4a9d0-ef0d-4bd5-a61c-f36a35f666b6,0.45,EUR,AD_HOC_PAYMENT,20,2026-03-09T00:00:00
FRVIAE10001249234,9ce4a9d0-ef0d-4bd5-a61c-f36a35f666b6,0.45,EUR,AD_HOC_PAYMENT,20,2026-03-09T00:00:00
FRVIAE10001249233,9ce4a9d0-ef0d-4bd5-a61c-f36a35f666b6,0.45,EUR,AD_HOC_PAYMENT,20,2026-03-09T00:00:00
FRVIAE10001249232,9ce4a9d0-ef0d-4bd5-a61c-f36a35f666b6,0.45,EUR,AD_HOC_PAYMENT,20,2026-03-09T00:00:00
FRVIAE10001249231,9ce4a9d0-ef0d-4bd5-a61c-f36a35f666b6,0.45,EUR,AD_HOC_PAYMENT,20,2026-03-09T00:00:00
FRVIAE20142070013,1b4c8df3140c49899a53d6c614ef431e,0.4,EUR,AD_HOC_PAYMENT,20,2025-11-19T13:00:00
FRVIAE20142070012,1b4c8df3140c49899a53d6c614ef431e,0.4,EUR,AD_HOC_PAYMENT,20,2025-11-19T13:00:00
FRVIAE20142070011,1b4c8df3140c49899a53d6c614ef431e,0.4,EUR,AD_HOC_PAYMENT,20,2025-11-19T13:00:00
FRVIAE20123001098,e9a95d1a-7f0c-49b8-a860-4f450bce162c,0.241,EUR,AD_HOC_PAYMENT,20,2026-03-09T00:00:00
FRVIAE20123001097,e9a95d1a-7f0c-49b8-a860-4f450bce162c,0.241,EUR,AD_HOC_PAYMENT,20,2026-03-09T00:00:00
FRVIAE20123001096,e9a95d1a-7f0c-49b8-a860-4f450bce162c,0.241,EUR,AD_HOC_PAYMENT,20,2026-03-09T00:00:00
FRVIAE20123001095,e9a95d1a-7f0c-49b8-a860-4f450bce162c,0.241,EUR,AD_HOC_PAYMENT,20,2026-03-09T00:00:00
FRVIAE20123001094,e9a95d1a-7f0c-49b8-a860-4f450bce162c,0.241,EUR,AD_HOC_PAYMENT,20,2026-03-09T00:00:00
FRVIAE20123001093,e9a95d1a-7f0c-49b8-a860-4f450bce162c,0.241,EUR,AD_HOC_PAYMENT,20,2026-03-09T00:00:00
FRVIAE20123001092,e9a95d1a-7f0c-49b8-a860-4f450bce162c,0.241,EUR,AD_HOC_PAYMENT,20,2026-03-09T00:00:00
FRVIAE20123001091,e9a95d1a-7f0c-49b8-a860-4f450bce162c,0.241,EUR,AD_HOC_PAYMENT,20,2026-03-09T00:00:00
FRVIAE20122172029,1b4c8df3140c49899a53d6c614ef431e,0.4,EUR,AD_HOC_PAYMENT,20,2025-11-19T13:00:00
FRVIAE20122172028,1b4c8df3140c49899a53d6c614ef431e,0.4,EUR,AD_HOC_PAYMENT,20,2025-11-19T13:00:00
FRVIAE20122172027,1b4c8df3140c49899a53d6c614ef431e,0.4,EUR,AD_HOC_PAYMENT,20,2025-11-19T13:00:00
FRVIAE20122172026,1b4c8df3140c49899a53d6c614ef431e,0.4,EUR,AD_HOC_PAYMENT,20,2025-11-19T13:00:00
FRVIAE20122172025,1b4c8df3140c49899a53d6c614ef431e,0.4,EUR,AD_HOC_PAYMENT,20,2025-11-19T13:00:00
FRVIAE20122172024,1b4c8df3140c49899a53d6c614ef431e,0.4,EUR,AD_HOC_PAYMENT,20,2025-11-19T13:00:00
FRVIAE20122172023,1b4c8df3140c49899a53d6c614ef431e,0.4,EUR,AD_HOC_PAYMENT,20,2025-11-19T13:00:00
FRVIAE20122172022,1b4c8df3140c49899a53d6c614ef431e,0.4,EUR,AD_HOC_PAYMENT,20,2025-11-19T13:00:00
FRVIAE201221720212,1b4c8df3140c49899a53d6c614ef431e,0.4,EUR,AD_HOC_PAYMENT,20,2025-11-19T13:00:00
FRVIAE201221720211,1b4c8df3140c49899a53d6c614ef431e,0.4,EUR,AD_HOC_PAYMENT,20,2025-11-19T13:00:00
FRVIAE201221720210,1b4c8df3140c49899a53d6c614ef431e,0.4,EUR,AD_HOC_PAYMENT,20,2025-11-19T13:00:00
FRVIAE20122172021,1b4c8df3140c49899a53d6c614ef431e,0.4,EUR,AD_HOC_PAYMENT,20,2025-11-19T13:00:00
FRVIAE20122025092,1b4c8df3140c49899a53d6c614ef431e,0.4,EUR,AD_HOC_PAYMENT,20,2025-11-19T13:00:00
FRVIAE20122025091,1b4c8df3140c49899a53d6c614ef431e,0.4,EUR,AD_HOC_PAYMENT,20,2025-11-19T13:00:00
FRVIAE20125003022,64cfd72818304ee28d3a875aef64d31b,0.45,EUR,AD_HOC_PAYMENT,20,2025-11-19T13:00:00
FRVIAE20125003021,64cfd72818304ee28d3a875aef64d31b,0.45,EUR,AD_HOC_PAYMENT,20,2025-11-19T13:00:00
FRVIAE10001276092,663d278c-7663-41ea-86aa-015b9a5dd8e4,0.5,EUR,AD_HOC_PAYMENT,20,2026-03-09T00:00:00
FRVIAE10001276091,663d278c-7663-41ea-86aa-015b9a5dd8e4,0.5,EUR,AD_HOC_PAYMENT,20,2026-03-09T00:00:00
FRVIAE10001301132,663d278c-7663-41ea-86aa-015b9a5dd8e4,0.5,EUR,AD_HOC_PAYMENT,20,2026-03-09T00:00:00
FRVIAE10001301131,663d278c-7663-41ea-86aa-015b9a5dd8e4,0.5,EUR,AD_HOC_PAYMENT,20,2026-03-09T00:00:00
FRVIAE20164012082,7d814e34-8d08-4c97-82ce-5e3887f2aaaf,0.416,EUR,AD_HOC_PAYMENT,20,2026-02-23T00:00:00
FRVIAE20164012081,7d814e34-8d08-4c97-82ce-5e3887f2aaaf,0.416,EUR,AD_HOC_PAYMENT,20,2026-02-23T00:00:00
FRVIAE20161009052,fa6213d8-d5b6-4194-9c4e-3d089601e0b6,0.458,EUR,AD_HOC_PAYMENT,20,2026-02-23T00:00:00
FRVIAE20161009051,fa6213d8-d5b6-4194-9c4e-3d089601e0b6,0.458,EUR,AD_HOC_PAYMENT,20,2026-02-23T00:00:00
FRVIAE20143041012,1b4c8df3140c49899a53d6c614ef431e,0.4,EUR,AD_HOC_PAYMENT,20,2025-11-19T13:00:00
FRVIAE20143041011,1b4c8df3140c49899a53d6c614ef431e,0.4,EUR,AD_HOC_PAYMENT,20,2025-11-19T13:00:00
FRVIAE12345963444,9ce4a9d0-ef0d-4bd5-a61c-f36a35f666b6,0.45,EUR,AD_HOC_PAYMENT,20,2026-03-09T00:00:00
FRVIAE12345963443,9ce4a9d0-ef0d-4bd5-a61c-f36a35f666b6,0.45,EUR,AD_HOC_PAYMENT,20,2026-03-09T00:00:00
FRVIAE12345963442,9ce4a9d0-ef0d-4bd5-a61c-f36a35f666b6,0.45,EUR,AD_HOC_PAYMENT,20,2026-03-09T00:00:00
FRVIAE12345963441,9ce4a9d0-ef0d-4bd5-a61c-f36a35f666b6,0.45,EUR,AD_HOC_PAYMENT,20,2026-03-09T00:00:00
FRVIAE12346295968,1b4c8df3140c49899a53d6c614ef431e,0.4,EUR,AD_HOC_PAYMENT,20,2025-11-19T13:00:00
FRVIAE12346295967,1b4c8df3140c49899a53d6c614ef431e,0.4,EUR,AD_HOC_PAYMENT,20,2025-11-19T13:00:00
FRVIAE12346295966,1b4c8df3140c49899a53d6c614ef431e,0.4,EUR,AD_HOC_PAYMENT,20,2025-11-19T13:00:00
FRVIAE12346295965,1b4c8df3140c49899a53d6c614ef431e,0.4,EUR,AD_HOC_PAYMENT,20,2025-11-19T13:00:00
FRVIAE12346295964,1b4c8df3140c49899a53d6c614ef431e,0.4,EUR,AD_HOC_PAYMENT,20,2025-11-19T13:00:00
FRVIAE12346295963,1b4c8df3140c49899a53d6c614ef431e,0.4,EUR,AD_HOC_PAYMENT,20,2025-11-19T13:00:00
FRVIAE12346295962,1b4c8df3140c49899a53d6c614ef431e,0.4,EUR,AD_HOC_PAYMENT,20,2025-11-19T13:00:00
FRVIAE12346295961,1b4c8df3140c49899a53d6c614ef431e,0.4,EUR,AD_HOC_PAYMENT,20,2025-11-19T13:00:00
FRVIAE10001318404,9ce4a9d0-ef0d-4bd5-a61c-f36a35f666b6,0.45,EUR,AD_HOC_PAYMENT,20,2026-03-09T00:00:00
FRVIAE10001318403,9ce4a9d0-ef0d-4bd5-a61c-f36a35f666b6,0.45,EUR,AD_HOC_PAYMENT,20,2026-03-09T00:00:00
FRVIAE10001318402,9ce4a9d0-ef0d-4bd5-a61c-f36a35f666b6,0.45,EUR,AD_HOC_PAYMENT,20,2026-03-09T00:00:00
FRVIAE10001318401,9ce4a9d0-ef0d-4bd5-a61c-f36a35f666b6,0.45,EUR,AD_HOC_PAYMENT,20,2026-03-09T00:00:00
FRVIAE20142066012,1b4c8df3140c49899a53d6c614ef431e,0.4,EUR,AD_HOC_PAYMENT,20,2025-11-19T13:00:00
FRVIAE20142066011,1b4c8df3140c49899a53d6c614ef431e,0.4,EUR,AD_HOC_PAYMENT,20,2025-11-19T13:00:00
FRVIAE12345955426,1b4c8df3140c49899a53d6c614ef431e,0.4,EUR,AD_HOC_PAYMENT,20,2025-11-19T13:00:00
FRVIAE12345955425,1b4c8df3140c49899a53d6c614ef431e,0.4,EUR,AD_HOC_PAYMENT,20,2025-11-19T13:00:00
FRVIAE12345955424,1b4c8df3140c49899a53d6c614ef431e,0.4,EUR,AD_HOC_PAYMENT,20,2025-11-19T13:00:00
FRVIAE12345955423,1b4c8df3140c49899a53d6c614ef431e,0.4,EUR,AD_HOC_PAYMENT,20,2025-11-19T13:00:00
FRVIAE12345955422,1b4c8df3140c49899a53d6c614ef431e,0.4,EUR,AD_HOC_PAYMENT,20,2025-11-19T13:00:00
FRVIAE12345955421,1b4c8df3140c49899a53d6c614ef431e,0.4,EUR,AD_HOC_PAYMENT,20,2025-11-19T13:00:00
FRVIAE12346274824,9ce4a9d0-ef0d-4bd5-a61c-f36a35f666b6,0.45,EUR,AD_HOC_PAYMENT,20,2026-03-09T00:00:00
FRVIAE12346274823,9ce4a9d0-ef0d-4bd5-a61c-f36a35f666b6,0.45,EUR,AD_HOC_PAYMENT,20,2026-03-09T00:00:00
FRVIAE12346274822,9ce4a9d0-ef0d-4bd5-a61c-f36a35f666b6,0.45,EUR,AD_HOC_PAYMENT,20,2026-03-09T00:00:00
FRVIAE12346274821,9ce4a9d0-ef0d-4bd5-a61c-f36a35f666b6,0.45,EUR,AD_HOC_PAYMENT,20,2026-03-09T00:00:00
FRVIAE10001480222,0f286212-cb69-4cd7-abda-c0368a02ccbf,0.325,EUR,AD_HOC_PAYMENT,20,2026-03-09T00:00:00
FRVIAE10001480221,0f286212-cb69-4cd7-abda-c0368a02ccbf,0.325,EUR,AD_HOC_PAYMENT,20,2026-03-09T00:00:00
FRVIAE20122060062,1b4c8df3140c49899a53d6c614ef431e,0.4,EUR,AD_HOC_PAYMENT,20,2025-11-19T13:00:00
FRVIAE20122060061,1b4c8df3140c49899a53d6c614ef431e,0.4,EUR,AD_HOC_PAYMENT,20,2025-11-19T13:00:00
FRVIAE12346325099,1b4c8df3140c49899a53d6c614ef431e,0.4,EUR,AD_HOC_PAYMENT,20,2025-11-19T13:00:00
FRVIAE12346325098,1b4c8df3140c49899a53d6c614ef431e,0.4,EUR,AD_HOC_PAYMENT,20,2025-11-19T13:00:00
FRVIAE12346325097,1b4c8df3140c49899a53d6c614ef431e,0.4,EUR,AD_HOC_PAYMENT,20,2025-11-19T13:00:00
FRVIAE12346325096,1b4c8df3140c49899a53d6c614ef431e,0.4,EUR,AD_HOC_PAYMENT,20,2025-11-19T13:00:00
FRVIAE12346325095,1b4c8df3140c49899a53d6c614ef431e,0.4,EUR,AD_HOC_PAYMENT,20,2025-11-19T13:00:00
FRVIAE12346325094,1b4c8df3140c49899a53d6c614ef431e,0.4,EUR,AD_HOC_PAYMENT,20,2025-11-19T13:00:00
FRVIAE12346325093,1b4c8df3140c49899a53d6c614ef431e,0.4,EUR,AD_HOC_PAYMENT,20,2025-11-19T13:00:00
FRVIAE12346325092,1b4c8df3140c49899a53d6c614ef431e,0.4,EUR,AD_HOC_PAYMENT,20,2025-11-19T13:00:00
FRVIAE123463250912,1b4c8df3140c49899a53d6c614ef431e,0.4,EUR,AD_HOC_PAYMENT,20,2025-11-19T13:00:00
FRVIAE123463250911,1b4c8df3140c49899a53d6c614ef431e,0.4,EUR,AD_HOC_PAYMENT,20,2025-11-19T13:00:00
FRVIAE123463250910,1b4c8df3140c49899a53d6c614ef431e,0.4,EUR,AD_HOC_PAYMENT,20,2025-11-19T13:00:00
FRVIAE12346325091,1b4c8df3140c49899a53d6c614ef431e,0.4,EUR,AD_HOC_PAYMENT,20,2025-11-19T13:00:00
FRVIAE12345723501,9ce4a9d0-ef0d-4bd5-a61c-f36a35f666b6,0.45,EUR,AD_HOC_PAYMENT,20,2026-03-09T00:00:00
FRVIAE20122088072,1b4c8df3140c49899a53d6c614ef431e,0.4,EUR,AD_HOC_PAYMENT,20,2025-11-19T13:00:00
FRVIAE20122088071,1b4c8df3140c49899a53d6c614ef431e,0.4,EUR,AD_HOC_PAYMENT,20,2025-11-19T13:00:00
FRVIAE10001486104,9ce4a9d0-ef0d-4bd5-a61c-f36a35f666b6,0.45,EUR,AD_HOC_PAYMENT,20,2026-03-09T00:00:00
FRVIAE10001486103,9ce4a9d0-ef0d-4bd5-a61c-f36a35f666b6,0.45,EUR,AD_HOC_PAYMENT,20,2026-03-09T00:00:00
FRVIAE10001486102,9ce4a9d0-ef0d-4bd5-a61c-f36a35f666b6,0.45,EUR,AD_HOC_PAYMENT,20,2026-03-09T00:00:00
FRVIAE10001486101,9ce4a9d0-ef0d-4bd5-a61c-f36a35f666b6,0.45,EUR,AD_HOC_PAYMENT,20,2026-03-09T00:00:00
FRVIAE12346063543,0f286212-cb69-4cd7-abda-c0368a02ccbf,0.325,EUR,AD_HOC_PAYMENT,20,2026-03-09T00:00:00
FRVIAE12346063542,0f286212-cb69-4cd7-abda-c0368a02ccbf,0.325,EUR,AD_HOC_PAYMENT,20,2026-03-09T00:00:00
FRVIAE12346063541,0f286212-cb69-4cd7-abda-c0368a02ccbf,0.325,EUR,AD_HOC_PAYMENT,20,2026-03-09T00:00:00
FRVIAE20142077012,1b4c8df3140c49899a53d6c614ef431e,0.4,EUR,AD_HOC_PAYMENT,20,2025-11-19T13:00:00
FRVIAE20142077011,1b4c8df3140c49899a53d6c614ef431e,0.4,EUR,AD_HOC_PAYMENT,20,2025-11-19T13:00:00
FRVIAE20122062072,1b4c8df3140c49899a53d6c614ef431e,0.4,EUR,AD_HOC_PAYMENT,20,2025-11-19T13:00:00
FRVIAE20122062071,1b4c8df3140c49899a53d6c614ef431e,0.4,EUR,AD_HOC_PAYMENT,20,2025-11-19T13:00:00
FRVIAE20142099012,1b4c8df3140c49899a53d6c614ef431e,0.4,EUR,AD_HOC_PAYMENT,20,2025-11-19T13:00:00
FRVIAE20142099011,1b4c8df3140c49899a53d6c614ef431e,0.4,EUR,AD_HOC_PAYMENT,20,2025-11-19T13:00:00
FRVIAE10001170153,84ba7e49-a9d1-41d9-85f4-d72d875ec724,0.575,EUR,AD_HOC_PAYMENT,20,2026-03-09T00:00:00
FRVIAE10001170152,84ba7e49-a9d1-41d9-85f4-d72d875ec724,0.575,EUR,AD_HOC_PAYMENT,20,2026-03-09T00:00:00
FRVIAE10001170151,84ba7e49-a9d1-41d9-85f4-d72d875ec724,0.575,EUR,AD_HOC_PAYMENT,20,2026-03-09T00:00:00
FRVIAE20122195029,1b4c8df3140c49899a53d6c614ef431e,0.4,EUR,AD_HOC_PAYMENT,20,2025-11-19T13:00:00
FRVIAE20122195028,1b4c8df3140c49899a53d6c614ef431e,0.4,EUR,AD_HOC_PAYMENT,20,2025-11-19T13:00:00
FRVIAE20122195027,1b4c8df3140c49899a53d6c614ef431e,0.4,EUR,AD_HOC_PAYMENT,20,2025-11-19T13:00:00
FRVIAE20122195026,1b4c8df3140c49899a53d6c614ef431e,0.4,EUR,AD_HOC_PAYMENT,20,2025-11-19T13:00:00
FRVIAE20122195025,1b4c8df3140c49899a53d6c614ef431e,0.4,EUR,AD_HOC_PAYMENT,20,2025-11-19T13:00:00
FRVIAE20122195024,1b4c8df3140c49899a53d6c614ef431e,0.4,EUR,AD_HOC_PAYMENT,20,2025-11-19T13:00:00
FRVIAE20122195023,1b4c8df3140c49899a53d6c614ef431e,0.4,EUR,AD_HOC_PAYMENT,20,2025-11-19T13:00:00
FRVIAE20122195022,1b4c8df3140c49899a53d6c614ef431e,0.4,EUR,AD_HOC_PAYMENT,20,2025-11-19T13:00:00
FRVIAE201221950210,1b4c8df3140c49899a53d6c614ef431e,0.4,EUR,AD_HOC_PAYMENT,20,2025-11-19T13:00:00
FRVIAE20122195021,1b4c8df3140c49899a53d6c614ef431e,0.4,EUR,AD_HOC_PAYMENT,20,2025-11-19T13:00:00
FRVIAE10001319873,84ba7e49-a9d1-41d9-85f4-d72d875ec724,0.575,EUR,AD_HOC_PAYMENT,20,2026-03-09T00:00:00
FRVIAE10001319872,84ba7e49-a9d1-41d9-85f4-d72d875ec724,0.575,EUR,AD_HOC_PAYMENT,20,2026-03-09T00:00:00
FRVIAE10001319871,84ba7e49-a9d1-41d9-85f4-d72d875ec724,0.575,EUR,AD_HOC_PAYMENT,20,2026-03-09T00:00:00
FRVIAE10001229632,87b962cf-5c99-4812-8f03-16f2047aba80,0.525,EUR,AD_HOC_PAYMENT,20,2026-02-23T00:00:00
FRVIAE10001229631,87b962cf-5c99-4812-8f03-16f2047aba80,0.525,EUR,AD_HOC_PAYMENT,20,2026-02-23T00:00:00
FRVIAE10001170083,48b30eb5-5751-41d6-aeb6-80e1ecd57409,0.5,EUR,AD_HOC_PAYMENT,20,2026-03-09T00:00:00
FRVIAE10001170082,48b30eb5-5751-41d6-aeb6-80e1ecd57409,0.5,EUR,AD_HOC_PAYMENT,20,2026-03-09T00:00:00
FRVIAE10001170081,48b30eb5-5751-41d6-aeb6-80e1ecd57409,0.5,EUR,AD_HOC_PAYMENT,20,2026-03-09T00:00:00
FRVIAE10001181452,663d278c-7663-41ea-86aa-015b9a5dd8e4,0.5,EUR,AD_HOC_PAYMENT,20,2026-03-09T00:00:00
FRVIAE10001181451,663d278c-7663-41ea-86aa-015b9a5dd8e4,0.5,EUR,AD_HOC_PAYMENT,20,2026-03-09T00:00:00
FRVIAE10001169763,84ba7e49-a9d1-41d9-85f4-d72d875ec724,0.575,EUR,AD_HOC_PAYMENT,20,2026-03-09T00:00:00
FRVIAE10001169762,84ba7e49-a9d1-41d9-85f4-d72d875ec724,0.575,EUR,AD_HOC_PAYMENT,20,2026-03-09T00:00:00
FRVIAE10001169761,84ba7e49-a9d1-41d9-85f4-d72d875ec724,0.575,EUR,AD_HOC_PAYMENT,20,2026-03-09T00:00:00
FRVIAE20142030022,1b4c8df3140c49899a53d6c614ef431e,0.4,EUR,AD_HOC_PAYMENT,20,2025-11-19T13:00:00
FRVIAE20142030021,1b4c8df3140c49899a53d6c614ef431e,0.4,EUR,AD_HOC_PAYMENT,20,2025-11-19T13:00:00
FRVIAE10001158042,1b4c8df3140c49899a53d6c614ef431e,0.4,EUR,AD_HOC_PAYMENT,20,2025-11-19T13:00:00
FRVIAE10001158041,1b4c8df3140c49899a53d6c614ef431e,0.4,EUR,AD_HOC_PAYMENT,20,2025-11-19T13:00:00
FRVIAE10001205742,1b4c8df3140c49899a53d6c614ef431e,0.4,EUR,AD_HOC_PAYMENT,20,2025-11-19T13:00:00
FRVIAE10001205741,1b4c8df3140c49899a53d6c614ef431e,0.4,EUR,AD_HOC_PAYMENT,20,2025-11-19T13:00:00
FRVIAE10001208442,1b4c8df3140c49899a53d6c614ef431e,0.4,EUR,AD_HOC_PAYMENT,20,2025-11-19T13:00:00
FRVIAE10001208441,1b4c8df3140c49899a53d6c614ef431e,0.4,EUR,AD_HOC_PAYMENT,20,2025-11-19T13:00:00
FRVIAE10001451214,9ce4a9d0-ef0d-4bd5-a61c-f36a35f666b6,0.45,EUR,AD_HOC_PAYMENT,20,2026-03-09T00:00:00
FRVIAE10001451213,9ce4a9d0-ef0d-4bd5-a61c-f36a35f666b6,0.45,EUR,AD_HOC_PAYMENT,20,2026-03-09T00:00:00
FRVIAE10001451212,9ce4a9d0-ef0d-4bd5-a61c-f36a35f666b6,0.45,EUR,AD_HOC_PAYMENT,20,2026-03-09T00:00:00
FRVIAE10001451211,9ce4a9d0-ef0d-4bd5-a61c-f36a35f666b6,0.45,EUR,AD_HOC_PAYMENT,20,2026-03-09T00:00:00
FRVIAE20142097012,1b4c8df3140c49899a53d6c614ef431e,0.4,EUR,AD_HOC_PAYMENT,20,2025-11-19T13:00:00
FRVIAE20142097011,1b4c8df3140c49899a53d6c614ef431e,0.4,EUR,AD_HOC_PAYMENT,20,2025-11-19T13:00:00
FRVIAE10001390473,f7ca5dfe-173b-4b98-86ba-db712a2e6118,0.575,EUR,AD_HOC_PAYMENT,20,2026-03-09T00:00:00
FRVIAE10001390472,f7ca5dfe-173b-4b98-86ba-db712a2e6118,0.575,EUR,AD_HOC_PAYMENT,20,2026-03-09T00:00:00
FRVIAE10001390471,f7ca5dfe-173b-4b98-86ba-db712a2e6118,0.575,EUR,AD_HOC_PAYMENT,20,2026-03-09T00:00:00
FRVIAE10001251194,9ce4a9d0-ef0d-4bd5-a61c-f36a35f666b6,0.45,EUR,AD_HOC_PAYMENT,20,2026-03-09T00:00:00
FRVIAE10001251193,9ce4a9d0-ef0d-4bd5-a61c-f36a35f666b6,0.45,EUR,AD_HOC_PAYMENT,20,2026-03-09T00:00:00
FRVIAE10001251192,9ce4a9d0-ef0d-4bd5-a61c-f36a35f666b6,0.45,EUR,AD_HOC_PAYMENT,20,2026-03-09T00:00:00
FRVIAE10001251191,9ce4a9d0-ef0d-4bd5-a61c-f36a35f666b6,0.45,EUR,AD_HOC_PAYMENT,20,2026-03-09T00:00:00
FRVIAE12345955456,1b4c8df3140c49899a53d6c614ef431e,0.4,EUR,AD_HOC_PAYMENT,20,2025-11-19T13:00:00
FRVIAE12345955455,1b4c8df3140c49899a53d6c614ef431e,0.4,EUR,AD_HOC_PAYMENT,20,2025-11-19T13:00:00
FRVIAE12345955454,1b4c8df3140c49899a53d6c614ef431e,0.4,EUR,AD_HOC_PAYMENT,20,2025-11-19T13:00:00
FRVIAE12345955453,1b4c8df3140c49899a53d6c614ef431e,0.4,EUR,AD_HOC_PAYMENT,20,2025-11-19T13:00:00
FRVIAE12345955452,1b4c8df3140c49899a53d6c614ef431e,0.4,EUR,AD_HOC_PAYMENT,20,2025-11-19T13:00:00
FRVIAE12345955451,1b4c8df3140c49899a53d6c614ef431e,0.4,EUR,AD_HOC_PAYMENT,20,2025-11-19T13:00:00
FRVIAE20142027012,1b4c8df3140c49899a53d6c614ef431e,0.4,EUR,AD_HOC_PAYMENT,20,2025-11-19T13:00:00
FRVIAE20142027011,1b4c8df3140c49899a53d6c614ef431e,0.4,EUR,AD_HOC_PAYMENT,20,2025-11-19T13:00:00
FRVIAE20142076012,1b4c8df3140c49899a53d6c614ef431e,0.4,EUR,AD_HOC_PAYMENT,20,2025-11-19T13:00:00
FRVIAE20142076011,1b4c8df3140c49899a53d6c614ef431e,0.4,EUR,AD_HOC_PAYMENT,20,2025-11-19T13:00:00
FRVIAE10001456413,0f286212-cb69-4cd7-abda-c0368a02ccbf,0.325,EUR,AD_HOC_PAYMENT,20,2026-03-09T00:00:00
FRVIAE10001456412,0f286212-cb69-4cd7-abda-c0368a02ccbf,0.325,EUR,AD_HOC_PAYMENT,20,2026-03-09T00:00:00
FRVIAE10001456411,0f286212-cb69-4cd7-abda-c0368a02ccbf,0.325,EUR,AD_HOC_PAYMENT,20,2026-03-09T00:00:00
FRVIAE20122148019,1b4c8df3140c49899a53d6c614ef431e,0.4,EUR,AD_HOC_PAYMENT,20,2025-11-19T13:00:00
FRVIAE20122148018,1b4c8df3140c49899a53d6c614ef431e,0.4,EUR,AD_HOC_PAYMENT,20,2025-11-19T13:00:00
FRVIAE20122148017,1b4c8df3140c49899a53d6c614ef431e,0.4,EUR,AD_HOC_PAYMENT,20,2025-11-19T13:00:00
FRVIAE20122148016,1b4c8df3140c49899a53d6c614ef431e,0.4,EUR,AD_HOC_PAYMENT,20,2025-11-19T13:00:00
FRVIAE20122148015,1b4c8df3140c49899a53d6c614ef431e,0.4,EUR,AD_HOC_PAYMENT,20,2025-11-19T13:00:00
FRVIAE20122148014,1b4c8df3140c49899a53d6c614ef431e,0.4,EUR,AD_HOC_PAYMENT,20,2025-11-19T13:00:00
FRVIAE20122148013,1b4c8df3140c49899a53d6c614ef431e,0.4,EUR,AD_HOC_PAYMENT,20,2025-11-19T13:00:00
FRVIAE20122148012,1b4c8df3140c49899a53d6c614ef431e,0.4,EUR,AD_HOC_PAYMENT,20,2025-11-19T13:00:00
FRVIAE201221480112,1b4c8df3140c49899a53d6c614ef431e,0.4,EUR,AD_HOC_PAYMENT,20,2025-11-19T13:00:00
FRVIAE201221480111,1b4c8df3140c49899a53d6c614ef431e,0.4,EUR,AD_HOC_PAYMENT,20,2025-11-19T13:00:00
FRVIAE201221480110,1b4c8df3140c49899a53d6c614ef431e,0.4,EUR,AD_HOC_PAYMENT,20,2025-11-19T13:00:00
FRVIAE20122148011,1b4c8df3140c49899a53d6c614ef431e,0.4,EUR,AD_HOC_PAYMENT,20,2025-11-19T13:00:00
FRVIAE10001093032,1b4c8df3140c49899a53d6c614ef431e,0.4,EUR,AD_HOC_PAYMENT,20,2025-11-19T13:00:00
FRVIAE10001093031,1b4c8df3140c49899a53d6c614ef431e,0.4,EUR,AD_HOC_PAYMENT,20,2025-11-19T13:00:00
FRVIAE10001205692,1b4c8df3140c49899a53d6c614ef431e,0.4,EUR,AD_HOC_PAYMENT,20,2025-11-19T13:00:00
FRVIAE10001205691,1b4c8df3140c49899a53d6c614ef431e,0.4,EUR,AD_HOC_PAYMENT,20,2025-11-19T13:00:00
FRVIAE20142142022,1b4c8df3140c49899a53d6c614ef431e,0.4,EUR,AD_HOC_PAYMENT,20,2025-11-19T13:00:00
FRVIAE20142142021,1b4c8df3140c49899a53d6c614ef431e,0.4,EUR,AD_HOC_PAYMENT,20,2025-11-19T13:00:00
FRVIAE10001181472,663d278c-7663-41ea-86aa-015b9a5dd8e4,0.5,EUR,AD_HOC_PAYMENT,20,2026-03-09T00:00:00
FRVIAE10001181471,663d278c-7663-41ea-86aa-015b9a5dd8e4,0.5,EUR,AD_HOC_PAYMENT,20,2026-03-09T00:00:00
FRVIAE20161002052,5ac8fc13-69bd-4238-91fc-00d74021df49,0.433,EUR,AD_HOC_PAYMENT,20,2026-02-23T00:00:00
FRVIAE20161002051,5ac8fc13-69bd-4238-91fc-00d74021df49,0.433,EUR,AD_HOC_PAYMENT,20,2026-02-23T00:00:00
FRVIAE20164007022,fa6213d8-d5b6-4194-9c4e-3d089601e0b6,0.458,EUR,AD_HOC_PAYMENT,20,2026-02-23T00:00:00
FRVIAE20164007021,fa6213d8-d5b6-4194-9c4e-3d089601e0b6,0.458,EUR,AD_HOC_PAYMENT,20,2026-02-23T00:00:00
FRVIAE10001495062,9ce4a9d0-ef0d-4bd5-a61c-f36a35f666b6,0.45,EUR,AD_HOC_PAYMENT,20,2026-03-09T00:00:00
FRVIAE10001495061,9ce4a9d0-ef0d-4bd5-a61c-f36a35f666b6,0.45,EUR,AD_HOC_PAYMENT,20,2026-03-09T00:00:00
FRVIAE12346274942,9ce4a9d0-ef0d-4bd5-a61c-f36a35f666b6,0.45,EUR,AD_HOC_PAYMENT,20,2026-03-09T00:00:00
FRVIAE12346274941,9ce4a9d0-ef0d-4bd5-a61c-f36a35f666b6,0.45,EUR,AD_HOC_PAYMENT,20,2026-03-09T00:00:00
FRVIAE12346036042,1b4c8df3140c49899a53d6c614ef431e,0.4,EUR,AD_HOC_PAYMENT,20,2025-11-19T13:00:00
FRVIAE12346036041,1b4c8df3140c49899a53d6c614ef431e,0.4,EUR,AD_HOC_PAYMENT,20,2025-11-19T13:00:00
FRVIAE20122077062,1b4c8df3140c49899a53d6c614ef431e,0.4,EUR,AD_HOC_PAYMENT,20,2025-11-19T13:00:00
FRVIAE20122077061,1b4c8df3140c49899a53d6c614ef431e,0.4,EUR,AD_HOC_PAYMENT,20,2025-11-19T13:00:00
FRVIAE20123014022,e9a95d1a-7f0c-49b8-a860-4f450bce162c,0.241,EUR,AD_HOC_PAYMENT,20,2026-03-09T00:00:00
FRVIAE20123014021,e9a95d1a-7f0c-49b8-a860-4f450bce162c,0.241,EUR,AD_HOC_PAYMENT,20,2026-03-09T00:00:00
FRVIAE20142047013,1b4c8df3140c49899a53d6c614ef431e,0.4,EUR,AD_HOC_PAYMENT,20,2025-11-19T13:00:00
FRVIAE20142047012,64cfd72818304ee28d3a875aef64d31b,0.45,EUR,AD_HOC_PAYMENT,20,2025-11-19T13:00:00
FRVIAE20142047011,64cfd72818304ee28d3a875aef64d31b,0.45,EUR,AD_HOC_PAYMENT,20,2025-11-19T13:00:00
FRVIAE10001181392,663d278c-7663-41ea-86aa-015b9a5dd8e4,0.5,EUR,AD_HOC_PAYMENT,20,2026-03-09T00:00:00
FRVIAE10001181391,663d278c-7663-41ea-86aa-015b9a5dd8e4,0.5,EUR,AD_HOC_PAYMENT,20,2026-03-09T00:00:00
FRVIAE20142109022,64cfd72818304ee28d3a875aef64d31b,0.45,EUR,AD_HOC_PAYMENT,20,2025-11-19T13:00:00
FRVIAE20142109021,64cfd72818304ee28d3a875aef64d31b,0.45,EUR,AD_HOC_PAYMENT,20,2025-11-19T13:00:00
FRVIAE20122091062,1b4c8df3140c49899a53d6c614ef431e,0.4,EUR,AD_HOC_PAYMENT,20,2025-11-19T13:00:00
FRVIAE20122091061,1b4c8df3140c49899a53d6c614ef431e,0.4,EUR,AD_HOC_PAYMENT,20,2025-11-19T13:00:00
FRVIAE12346057092,1b4c8df3140c49899a53d6c614ef431e,0.4,EUR,AD_HOC_PAYMENT,20,2025-11-19T13:00:00
FRVIAE12346057091,1b4c8df3140c49899a53d6c614ef431e,0.4,EUR,AD_HOC_PAYMENT,20,2025-11-19T13:00:00
FRVIAE20101103102,87b962cf-5c99-4812-8f03-16f2047aba80,0.525,EUR,AD_HOC_PAYMENT,20,2026-02-23T00:00:00
FRVIAE20101103101,87b962cf-5c99-4812-8f03-16f2047aba80,0.525,EUR,AD_HOC_PAYMENT,20,2026-02-23T00:00:00
FRVIAE12346374602,1b4c8df3140c49899a53d6c614ef431e,0.4,EUR,AD_HOC_PAYMENT,20,2025-11-19T13:00:00
FRVIAE12346374601,1b4c8df3140c49899a53d6c614ef431e,0.4,EUR,AD_HOC_PAYMENT,20,2025-11-19T13:00:00
FRVIAE10001231242,663d278c-7663-41ea-86aa-015b9a5dd8e4,0.5,EUR,AD_HOC_PAYMENT,20,2026-03-09T00:00:00
FRVIAE10001231241,663d278c-7663-41ea-86aa-015b9a5dd8e4,0.5,EUR,AD_HOC_PAYMENT,20,2026-03-09T00:00:00
FRVIAE10000853833,0b46268150cf4976ad848e9cfbe14c78,0.5,EUR,AD_HOC_PAYMENT,20,2025-11-19T13:00:00
FRVIAE10000853832,0b46268150cf4976ad848e9cfbe14c78,0.5,EUR,AD_HOC_PAYMENT,20,2025-11-19T13:00:00
FRVIAE10000853831,0b46268150cf4976ad848e9cfbe14c78,0.5,EUR,AD_HOC_PAYMENT,20,2025-11-19T13:00:00
FRVIAE10001444862,1b4c8df3140c49899a53d6c614ef431e,0.4,EUR,AD_HOC_PAYMENT,20,2025-11-19T13:00:00
FRVIAE10001444861,1b4c8df3140c49899a53d6c614ef431e,0.4,EUR,AD_HOC_PAYMENT,20,2025-11-19T13:00:00
FRVIAE20111102012,64cfd72818304ee28d3a875aef64d31b,0.45,EUR,AD_HOC_PAYMENT,20,2025-11-19T13:00:00
FRVIAE20111102011,64cfd72818304ee28d3a875aef64d31b,0.45,EUR,AD_HOC_PAYMENT,20,2025-11-19T13:00:00
FRVIAE12345955729,1b4c8df3140c49899a53d6c614ef431e,0.4,EUR,AD_HOC_PAYMENT,20,2025-11-19T13:00:00
FRVIAE12345955728,1b4c8df3140c49899a53d6c614ef431e,0.4,EUR,AD_HOC_PAYMENT,20,2025-11-19T13:00:00
FRVIAE12345955727,1b4c8df3140c49899a53d6c614ef431e,0.4,EUR,AD_HOC_PAYMENT,20,2025-11-19T13:00:00
FRVIAE12345955726,1b4c8df3140c49899a53d6c614ef431e,0.4,EUR,AD_HOC_PAYMENT,20,2025-11-19T13:00:00
FRVIAE12345955725,1b4c8df3140c49899a53d6c614ef431e,0.4,EUR,AD_HOC_PAYMENT,20,2025-11-19T13:00:00
FRVIAE12345955724,1b4c8df3140c49899a53d6c614ef431e,0.4,EUR,AD_HOC_PAYMENT,20,2025-11-19T13:00:00
FRVIAE12345955723,1b4c8df3140c49899a53d6c614ef431e,0.4,EUR,AD_HOC_PAYMENT,20,2025-11-19T13:00:00
FRVIAE12345955722,1b4c8df3140c49899a53d6c614ef431e,0.4,EUR,AD_HOC_PAYMENT,20,2025-11-19T13:00:00
FRVIAE123459557212,1b4c8df3140c49899a53d6c614ef431e,0.4,EUR,AD_HOC_PAYMENT,20,2025-11-19T13:00:00
FRVIAE123459557211,1b4c8df3140c49899a53d6c614ef431e,0.4,EUR,AD_HOC_PAYMENT,20,2025-11-19T13:00:00
FRVIAE123459557210,1b4c8df3140c49899a53d6c614ef431e,0.4,EUR,AD_HOC_PAYMENT,20,2025-11-19T13:00:00
FRVIAE12345955721,1b4c8df3140c49899a53d6c614ef431e,0.4,EUR,AD_HOC_PAYMENT,20,2025-11-19T13:00:00
FRVIAE10001345092,87b962cf-5c99-4812-8f03-16f2047aba80,0.525,EUR,AD_HOC_PAYMENT,20,2026-02-23T00:00:00
FRVIAE10001345091,87b962cf-5c99-4812-8f03-16f2047aba80,0.525,EUR,AD_HOC_PAYMENT,20,2026-02-23T00:00:00
FRVIAE12345954889,1b4c8df3140c49899a53d6c614ef431e,0.4,EUR,AD_HOC_PAYMENT,20,2025-11-19T13:00:00
FRVIAE12345954888,1b4c8df3140c49899a53d6c614ef431e,0.4,EUR,AD_HOC_PAYMENT,20,2025-11-19T13:00:00
FRVIAE12345954887,1b4c8df3140c49899a53d6c614ef431e,0.4,EUR,AD_HOC_PAYMENT,20,2025-11-19T13:00:00
FRVIAE12345954886,1b4c8df3140c49899a53d6c614ef431e,0.4,EUR,AD_HOC_PAYMENT,20,2025-11-19T13:00:00
FRVIAE12345954885,1b4c8df3140c49899a53d6c614ef431e,0.4,EUR,AD_HOC_PAYMENT,20,2025-11-19T13:00:00
FRVIAE12345954884,1b4c8df3140c49899a53d6c614ef431e,0.4,EUR,AD_HOC_PAYMENT,20,2025-11-19T13:00:00
FRVIAE12345954883,1b4c8df3140c49899a53d6c614ef431e,0.4,EUR,AD_HOC_PAYMENT,20,2025-11-19T13:00:00
FRVIAE12345954882,1b4c8df3140c49899a53d6c614ef431e,0.4,EUR,AD_HOC_PAYMENT,20,2025-11-19T13:00:00
FRVIAE123459548812,1b4c8df3140c49899a53d6c614ef431e,0.4,EUR,AD_HOC_PAYMENT,20,2025-11-19T13:00:00
FRVIAE123459548811,1b4c8df3140c49899a53d6c614ef431e,0.4,EUR,AD_HOC_PAYMENT,20,2025-11-19T13:00:00
FRVIAE123459548810,1b4c8df3140c49899a53d6c614ef431e,0.4,EUR,AD_HOC_PAYMENT,20,2025-11-19T13:00:00
FRVIAE12345954881,1b4c8df3140c49899a53d6c614ef431e,0.4,EUR,AD_HOC_PAYMENT,20,2025-11-19T13:00:00
FRVIAE12346328752,1b4c8df3140c49899a53d6c614ef431e,0.4,EUR,AD_HOC_PAYMENT,20,2025-11-19T13:00:00
FRVIAE12346328751,1b4c8df3140c49899a53d6c614ef431e,0.4,EUR,AD_HOC_PAYMENT,20,2025-11-19T13:00:00
FRVIAE20122098062,1b4c8df3140c49899a53d6c614ef431e,0.4,EUR,AD_HOC_PAYMENT,20,2025-11-19T13:00:00
FRVIAE20122098061,1b4c8df3140c49899a53d6c614ef431e,0.4,EUR,AD_HOC_PAYMENT,20,2025-11-19T13:00:00
FRVIAE20122181062,1b4c8df3140c49899a53d6c614ef431e,0.4,EUR,AD_HOC_PAYMENT,20,2025-11-19T13:00:00
FRVIAE20122181061,1b4c8df3140c49899a53d6c614ef431e,0.4,EUR,AD_HOC_PAYMENT,20,2025-11-19T13:00:00
FRVIAE20161005082,5ac8fc13-69bd-4238-91fc-00d74021df49,0.433,EUR,AD_HOC_PAYMENT,20,2026-02-23T00:00:00
FRVIAE20161005081,5ac8fc13-69bd-4238-91fc-00d74021df49,0.433,EUR,AD_HOC_PAYMENT,20,2026-02-23T00:00:00
FRVIAE20122089062,1b4c8df3140c49899a53d6c614ef431e,0.4,EUR,AD_HOC_PAYMENT,20,2025-11-19T13:00:00
FRVIAE20122089061,1b4c8df3140c49899a53d6c614ef431e,0.4,EUR,AD_HOC_PAYMENT,20,2025-11-19T13:00:00
FRVIAE10001181082,87b962cf-5c99-4812-8f03-16f2047aba80,0.525,EUR,AD_HOC_PAYMENT,20,2026-02-23T00:00:00
FRVIAE10001181081,87b962cf-5c99-4812-8f03-16f2047aba80,0.525,EUR,AD_HOC_PAYMENT,20,2026-02-23T00:00:00
FRVIAE10001319532,87b962cf-5c99-4812-8f03-16f2047aba80,0.525,EUR,AD_HOC_PAYMENT,20,2026-02-23T00:00:00
FRVIAE10001319531,87b962cf-5c99-4812-8f03-16f2047aba80,0.525,EUR,AD_HOC_PAYMENT,20,2026-02-23T00:00:00
FRVIAE20111103012,64cfd72818304ee28d3a875aef64d31b,0.45,EUR,AD_HOC_PAYMENT,20,2025-11-19T13:00:00
FRVIAE20111103011,64cfd72818304ee28d3a875aef64d31b,0.45,EUR,AD_HOC_PAYMENT,20,2025-11-19T13:00:00
FRVIAE12346451752,9ce4a9d0-ef0d-4bd5-a61c-f36a35f666b6,0.45,EUR,AD_HOC_PAYMENT,20,2026-03-09T00:00:00
FRVIAE12346451751,9ce4a9d0-ef0d-4bd5-a61c-f36a35f666b6,0.45,EUR,AD_HOC_PAYMENT,20,2026-03-09T00:00:00
FRVIAE10001275992,663d278c-7663-41ea-86aa-015b9a5dd8e4,0.5,EUR,AD_HOC_PAYMENT,20,2026-03-09T00:00:00
FRVIAE10001275991,663d278c-7663-41ea-86aa-015b9a5dd8e4,0.5,EUR,AD_HOC_PAYMENT,20,2026-03-09T00:00:00
FRVIAE20122239082,1b4c8df3140c49899a53d6c614ef431e,0.4,EUR,AD_HOC_PAYMENT,20,2025-11-19T13:00:00
FRVIAE20122239081,1b4c8df3140c49899a53d6c614ef431e,0.4,EUR,AD_HOC_PAYMENT,20,2025-11-19T13:00:00
FRVIAE20124001022,64cfd72818304ee28d3a875aef64d31b,0.45,EUR,AD_HOC_PAYMENT,20,2025-11-19T13:00:00
FRVIAE20124001021,64cfd72818304ee28d3a875aef64d31b,0.45,EUR,AD_HOC_PAYMENT,20,2025-11-19T13:00:00
FRVIAE12345955479,1b4c8df3140c49899a53d6c614ef431e,0.4,EUR,AD_HOC_PAYMENT,20,2025-11-19T13:00:00
FRVIAE12345955478,1b4c8df3140c49899a53d6c614ef431e,0.4,EUR,AD_HOC_PAYMENT,20,2025-11-19T13:00:00
FRVIAE12345955477,1b4c8df3140c49899a53d6c614ef431e,0.4,EUR,AD_HOC_PAYMENT,20,2025-11-19T13:00:00
FRVIAE12345955476,1b4c8df3140c49899a53d6c614ef431e,0.4,EUR,AD_HOC_PAYMENT,20,2025-11-19T13:00:00
FRVIAE12345955475,1b4c8df3140c49899a53d6c614ef431e,0.4,EUR,AD_HOC_PAYMENT,20,2025-11-19T13:00:00
FRVIAE12345955474,1b4c8df3140c49899a53d6c614ef431e,0.4,EUR,AD_HOC_PAYMENT,20,2025-11-19T13:00:00
FRVIAE12345955473,1b4c8df3140c49899a53d6c614ef431e,0.4,EUR,AD_HOC_PAYMENT,20,2025-11-19T13:00:00
FRVIAE12345955472,1b4c8df3140c49899a53d6c614ef431e,0.4,EUR,AD_HOC_PAYMENT,20,2025-11-19T13:00:00
FRVIAE123459554712,1b4c8df3140c49899a53d6c614ef431e,0.4,EUR,AD_HOC_PAYMENT,20,2025-11-19T13:00:00
FRVIAE123459554711,1b4c8df3140c49899a53d6c614ef431e,0.4,EUR,AD_HOC_PAYMENT,20,2025-11-19T13:00:00
FRVIAE123459554710,1b4c8df3140c49899a53d6c614ef431e,0.4,EUR,AD_HOC_PAYMENT,20,2025-11-19T13:00:00
FRVIAE12345955471,1b4c8df3140c49899a53d6c614ef431e,0.4,EUR,AD_HOC_PAYMENT,20,2025-11-19T13:00:00
FRVIAE10001231082,87b962cf-5c99-4812-8f03-16f2047aba80,0.525,EUR,AD_HOC_PAYMENT,20,2026-02-23T00:00:00
FRVIAE10001231081,87b962cf-5c99-4812-8f03-16f2047aba80,0.525,EUR,AD_HOC_PAYMENT,20,2026-02-23T00:00:00
FRVIAE20122063112,1b4c8df3140c49899a53d6c614ef431e,0.4,EUR,AD_HOC_PAYMENT,20,2025-11-19T13:00:00
FRVIAE20122063111,1b4c8df3140c49899a53d6c614ef431e,0.4,EUR,AD_HOC_PAYMENT,20,2025-11-19T13:00:00
FRVIAE10001231772,663d278c-7663-41ea-86aa-015b9a5dd8e4,0.5,EUR,AD_HOC_PAYMENT,20,2026-03-09T00:00:00
FRVIAE10001231771,663d278c-7663-41ea-86aa-015b9a5dd8e4,0.5,EUR,AD_HOC_PAYMENT,20,2026-03-09T00:00:00
FRVIAE20122072062,1b4c8df3140c49899a53d6c614ef431e,0.4,EUR,AD_HOC_PAYMENT,20,2025-11-19T13:00:00
FRVIAE20122072061,1b4c8df3140c49899a53d6c614ef431e,0.4,EUR,AD_HOC_PAYMENT,20,2025-11-19T13:00:00
FRVIAE20102002022,663d278c-7663-41ea-86aa-015b9a5dd8e4,0.5,EUR,AD_HOC_PAYMENT,20,2026-03-09T00:00:00
FRVIAE20102002021,663d278c-7663-41ea-86aa-015b9a5dd8e4,0.5,EUR,AD_HOC_PAYMENT,20,2026-03-09T00:00:00
FRVIAE12346339092,1b4c8df3140c49899a53d6c614ef431e,0.4,EUR,AD_HOC_PAYMENT,20,2025-11-19T13:00:00
FRVIAE12346339091,1b4c8df3140c49899a53d6c614ef431e,0.4,EUR,AD_HOC_PAYMENT,20,2025-11-19T13:00:00
FRVIAE20101002012,87b962cf-5c99-4812-8f03-16f2047aba80,0.525,EUR,AD_HOC_PAYMENT,20,2026-02-23T00:00:00
FRVIAE20101002011,87b962cf-5c99-4812-8f03-16f2047aba80,0.525,EUR,AD_HOC_PAYMENT,20,2026-02-23T00:00:00
FRVIAE10001006713,64cfd72818304ee28d3a875aef64d31b,0.45,EUR,AD_HOC_PAYMENT,20,2025-11-19T13:00:00
FRVIAE10001006712,64cfd72818304ee28d3a875aef64d31b,0.45,EUR,AD_HOC_PAYMENT,20,2025-11-19T13:00:00
FRVIAE10001006711,64cfd72818304ee28d3a875aef64d31b,0.45,EUR,AD_HOC_PAYMENT,20,2025-11-19T13:00:00
FRVIAE10001180882,87b962cf-5c99-4812-8f03-16f2047aba80,0.525,EUR,AD_HOC_PAYMENT,20,2026-02-23T00:00:00
FRVIAE10001180881,87b962cf-5c99-4812-8f03-16f2047aba80,0.525,EUR,AD_HOC_PAYMENT,20,2026-02-23T00:00:00
FRVIAE10001225532,663d278c-7663-41ea-86aa-015b9a5dd8e4,0.5,EUR,AD_HOC_PAYMENT,20,2026-03-09T00:00:00
FRVIAE10001225531,663d278c-7663-41ea-86aa-015b9a5dd8e4,0.5,EUR,AD_HOC_PAYMENT,20,2026-03-09T00:00:00
FRVIAE20122087062,1b4c8df3140c49899a53d6c614ef431e,0.4,EUR,AD_HOC_PAYMENT,20,2025-11-19T13:00:00
FRVIAE20122087061,1b4c8df3140c49899a53d6c614ef431e,0.4,EUR,AD_HOC_PAYMENT,20,2025-11-19T13:00:00
FRVIAE20161001042,fa6213d8-d5b6-4194-9c4e-3d089601e0b6,0.458,EUR,AD_HOC_PAYMENT,20,2026-02-23T00:00:00
FRVIAE20161001041,fa6213d8-d5b6-4194-9c4e-3d089601e0b6,0.458,EUR,AD_HOC_PAYMENT,20,2026-02-23T00:00:00
FRVIAE20161004102,5ac8fc13-69bd-4238-91fc-00d74021df49,0.433,EUR,AD_HOC_PAYMENT,20,2026-02-23T00:00:00
FRVIAE20161004101,5ac8fc13-69bd-4238-91fc-00d74021df49,0.433,EUR,AD_HOC_PAYMENT,20,2026-02-23T00:00:00
FRVIAE10001480662,0f286212-cb69-4cd7-abda-c0368a02ccbf,0.325,EUR,AD_HOC_PAYMENT,20,2026-03-09T00:00:00
FRVIAE10001480661,0f286212-cb69-4cd7-abda-c0368a02ccbf,0.325,EUR,AD_HOC_PAYMENT,20,2026-03-09T00:00:00
FRVIAE12345727982,1b4c8df3140c49899a53d6c614ef431e,0.4,EUR,AD_HOC_PAYMENT,20,2025-11-19T13:00:00
FRVIAE12345727981,1b4c8df3140c49899a53d6c614ef431e,0.4,EUR,AD_HOC_PAYMENT,20,2025-11-19T13:00:00
FRVIAE20103003012,84ba7e49-a9d1-41d9-85f4-d72d875ec724,0.575,EUR,AD_HOC_PAYMENT,20,2026-03-09T00:00:00
FRVIAE20103003011,84ba7e49-a9d1-41d9-85f4-d72d875ec724,0.575,EUR,AD_HOC_PAYMENT,20,2026-03-09T00:00:00
FRVIAE10001231032,87b962cf-5c99-4812-8f03-16f2047aba80,0.525,EUR,AD_HOC_PAYMENT,20,2026-02-23T00:00:00
FRVIAE10001231031,87b962cf-5c99-4812-8f03-16f2047aba80,0.525,EUR,AD_HOC_PAYMENT,20,2026-02-23T00:00:00
FRVIAE20111101022,64cfd72818304ee28d3a875aef64d31b,0.45,EUR,AD_HOC_PAYMENT,20,2025-11-19T13:00:00
FRVIAE20111101021,64cfd72818304ee28d3a875aef64d31b,0.45,EUR,AD_HOC_PAYMENT,20,2025-11-19T13:00:00
FRVIAE10001232002,87b962cf-5c99-4812-8f03-16f2047aba80,0.525,EUR,AD_HOC_PAYMENT,20,2026-02-23T00:00:00
FRVIAE10001232001,87b962cf-5c99-4812-8f03-16f2047aba80,0.525,EUR,AD_HOC_PAYMENT,20,2026-02-23T00:00:00
FRVIAE20122082082,1b4c8df3140c49899a53d6c614ef431e,0.4,EUR,AD_HOC_PAYMENT,20,2025-11-19T13:00:00
FRVIAE20122082081,1b4c8df3140c49899a53d6c614ef431e,0.4,EUR,AD_HOC_PAYMENT,20,2025-11-19T13:00:00
FRVIAE20152003042,0b46268150cf4976ad848e9cfbe14c78,0.5,EUR,AD_HOC_PAYMENT,20,2025-11-19T13:00:00
FRVIAE20152003041,0b46268150cf4976ad848e9cfbe14c78,0.5,EUR,AD_HOC_PAYMENT,20,2025-11-19T13:00:00
FRVIAE20142009013,1b4c8df3140c49899a53d6c614ef431e,0.4,EUR,AD_HOC_PAYMENT,20,2025-11-19T13:00:00
FRVIAE20142009012,1b4c8df3140c49899a53d6c614ef431e,0.4,EUR,AD_HOC_PAYMENT,20,2025-11-19T13:00:00
FRVIAE20142009011,1b4c8df3140c49899a53d6c614ef431e,0.4,EUR,AD_HOC_PAYMENT,20,2025-11-19T13:00:00
FRVIAE10001444752,1b4c8df3140c49899a53d6c614ef431e,0.4,EUR,AD_HOC_PAYMENT,20,2025-11-19T13:00:00
FRVIAE10001444751,1b4c8df3140c49899a53d6c614ef431e,0.4,EUR,AD_HOC_PAYMENT,20,2025-11-19T13:00:00
FRVIAE20103001052,84ba7e49-a9d1-41d9-85f4-d72d875ec724,0.575,EUR,AD_HOC_PAYMENT,20,2026-03-09T00:00:00
FRVIAE20103001051,84ba7e49-a9d1-41d9-85f4-d72d875ec724,0.575,EUR,AD_HOC_PAYMENT,20,2026-03-09T00:00:00
FRVIAE12346233279,1b4c8df3140c49899a53d6c614ef431e,0.4,EUR,AD_HOC_PAYMENT,20,2025-11-19T13:00:00
FRVIAE12346233278,1b4c8df3140c49899a53d6c614ef431e,0.4,EUR,AD_HOC_PAYMENT,20,2025-11-19T13:00:00
FRVIAE12346233277,1b4c8df3140c49899a53d6c614ef431e,0.4,EUR,AD_HOC_PAYMENT,20,2025-11-19T13:00:00
FRVIAE12346233276,1b4c8df3140c49899a53d6c614ef431e,0.4,EUR,AD_HOC_PAYMENT,20,2025-11-19T13:00:00
FRVIAE12346233275,1b4c8df3140c49899a53d6c614ef431e,0.4,EUR,AD_HOC_PAYMENT,20,2025-11-19T13:00:00
FRVIAE12346233274,1b4c8df3140c49899a53d6c614ef431e,0.4,EUR,AD_HOC_PAYMENT,20,2025-11-19T13:00:00
FRVIAE12346233273,1b4c8df3140c49899a53d6c614ef431e,0.4,EUR,AD_HOC_PAYMENT,20,2025-11-19T13:00:00
FRVIAE12346233272,1b4c8df3140c49899a53d6c614ef431e,0.4,EUR,AD_HOC_PAYMENT,20,2025-11-19T13:00:00
FRVIAE123462332710,1b4c8df3140c49899a53d6c614ef431e,0.4,EUR,AD_HOC_PAYMENT,20,2025-11-19T13:00:00
FRVIAE12346233271,1b4c8df3140c49899a53d6c614ef431e,0.4,EUR,AD_HOC_PAYMENT,20,2025-11-19T13:00:00
FRVIAE20142106013,64cfd72818304ee28d3a875aef64d31b,0.45,EUR,AD_HOC_PAYMENT,20,2025-11-19T13:00:00
FRVIAE20142106012,64cfd72818304ee28d3a875aef64d31b,0.45,EUR,AD_HOC_PAYMENT,20,2025-11-19T13:00:00
FRVIAE20142106011,64cfd72818304ee28d3a875aef64d31b,0.45,EUR,AD_HOC_PAYMENT,20,2025-11-19T13:00:00
FRVIAE12345951599,1b4c8df3140c49899a53d6c614ef431e,0.4,EUR,AD_HOC_PAYMENT,20,2025-11-19T13:00:00
FRVIAE12345951598,1b4c8df3140c49899a53d6c614ef431e,0.4,EUR,AD_HOC_PAYMENT,20,2025-11-19T13:00:00
FRVIAE12345951597,1b4c8df3140c49899a53d6c614ef431e,0.4,EUR,AD_HOC_PAYMENT,20,2025-11-19T13:00:00
FRVIAE12345951596,1b4c8df3140c49899a53d6c614ef431e,0.4,EUR,AD_HOC_PAYMENT,20,2025-11-19T13:00:00
FRVIAE12345951595,1b4c8df3140c49899a53d6c614ef431e,0.4,EUR,AD_HOC_PAYMENT,20,2025-11-19T13:00:00
FRVIAE12345951594,1b4c8df3140c49899a53d6c614ef431e,0.4,EUR,AD_HOC_PAYMENT,20,2025-11-19T13:00:00
FRVIAE12345951593,1b4c8df3140c49899a53d6c614ef431e,0.4,EUR,AD_HOC_PAYMENT,20,2025-11-19T13:00:00
FRVIAE12345951592,1b4c8df3140c49899a53d6c614ef431e,0.4,EUR,AD_HOC_PAYMENT,20,2025-11-19T13:00:00
FRVIAE123459515910,1b4c8df3140c49899a53d6c614ef431e,0.4,EUR,AD_HOC_PAYMENT,20,2025-11-19T13:00:00
FRVIAE12345951591,1b4c8df3140c49899a53d6c614ef431e,0.4,EUR,AD_HOC_PAYMENT,20,2025-11-19T13:00:00
FRVIAE12345955394,1b4c8df3140c49899a53d6c614ef431e,0.4,EUR,AD_HOC_PAYMENT,20,2025-11-19T13:00:00
FRVIAE12345955393,1b4c8df3140c49899a53d6c614ef431e,0.4,EUR,AD_HOC_PAYMENT,20,2025-11-19T13:00:00
FRVIAE12345955392,1b4c8df3140c49899a53d6c614ef431e,0.4,EUR,AD_HOC_PAYMENT,20,2025-11-19T13:00:00
FRVIAE12345955391,1b4c8df3140c49899a53d6c614ef431e,0.4,EUR,AD_HOC_PAYMENT,20,2025-11-19T13:00:00
FRVIAE10001231132,87b962cf-5c99-4812-8f03-16f2047aba80,0.525,EUR,AD_HOC_PAYMENT,20,2026-02-23T00:00:00
FRVIAE10001231131,87b962cf-5c99-4812-8f03-16f2047aba80,0.525,EUR,AD_HOC_PAYMENT,20,2026-02-23T00:00:00
FRVIAE20122070062,1b4c8df3140c49899a53d6c614ef431e,0.4,EUR,AD_HOC_PAYMENT,20,2025-11-19T13:00:00
FRVIAE20122070061,1b4c8df3140c49899a53d6c614ef431e,0.4,EUR,AD_HOC_PAYMENT,20,2025-11-19T13:00:00
FRVIAE10001231862,663d278c-7663-41ea-86aa-015b9a5dd8e4,0.5,EUR,AD_HOC_PAYMENT,20,2026-03-09T00:00:00
FRVIAE10001231861,663d278c-7663-41ea-86aa-015b9a5dd8e4,0.5,EUR,AD_HOC_PAYMENT,20,2026-03-09T00:00:00
FRVIAE20152002013,0b46268150cf4976ad848e9cfbe14c78,0.5,EUR,AD_HOC_PAYMENT,20,2025-11-19T13:00:00
FRVIAE20152002012,0b46268150cf4976ad848e9cfbe14c78,0.5,EUR,AD_HOC_PAYMENT,20,2025-11-19T13:00:00
FRVIAE20152002011,0b46268150cf4976ad848e9cfbe14c78,0.5,EUR,AD_HOC_PAYMENT,20,2025-11-19T13:00:00
FRVIAE20122101052,1b4c8df3140c49899a53d6c614ef431e,0.4,EUR,AD_HOC_PAYMENT,20,2025-11-19T13:00:00
FRVIAE20122101051,1b4c8df3140c49899a53d6c614ef431e,0.4,EUR,AD_HOC_PAYMENT,20,2025-11-19T13:00:00
FRVIAE20131003052,64cfd72818304ee28d3a875aef64d31b,0.45,EUR,AD_HOC_PAYMENT,20,2025-11-19T13:00:00
FRVIAE20131003051,64cfd72818304ee28d3a875aef64d31b,0.45,EUR,AD_HOC_PAYMENT,20,2025-11-19T13:00:00
FRVIAE20131002012,64cfd72818304ee28d3a875aef64d31b,0.45,EUR,AD_HOC_PAYMENT,20,2025-11-19T13:00:00
FRVIAE20131002011,64cfd72818304ee28d3a875aef64d31b,0.45,EUR,AD_HOC_PAYMENT,20,2025-11-19T13:00:00
FRVIAE20164002032,5ac8fc13-69bd-4238-91fc-00d74021df49,0.433,EUR,AD_HOC_PAYMENT,20,2026-02-23T00:00:00
FRVIAE20164002031,5ac8fc13-69bd-4238-91fc-00d74021df49,0.433,EUR,AD_HOC_PAYMENT,20,2026-02-23T00:00:00
FRVIAE12346355132,1b4c8df3140c49899a53d6c614ef431e,0.4,EUR,AD_HOC_PAYMENT,20,2025-11-19T13:00:00
FRVIAE12346355131,1b4c8df3140c49899a53d6c614ef431e,0.4,EUR,AD_HOC_PAYMENT,20,2025-11-19T13:00:00
FRVIAE12345703912,63b9a2fb-f35c-4dfb-bf27-4a42039521dd,0.55,EUR,AD_HOC_PAYMENT,20,2026-03-09T00:00:00
FRVIAE12345703911,63b9a2fb-f35c-4dfb-bf27-4a42039521dd,0.55,EUR,AD_HOC_PAYMENT,20,2026-03-09T00:00:00
FRVIAE12346063563,0f286212-cb69-4cd7-abda-c0368a02ccbf,0.325,EUR,AD_HOC_PAYMENT,20,2026-03-09T00:00:00
FRVIAE12346063562,0f286212-cb69-4cd7-abda-c0368a02ccbf,0.325,EUR,AD_HOC_PAYMENT,20,2026-03-09T00:00:00
FRVIAE12346063561,0f286212-cb69-4cd7-abda-c0368a02ccbf,0.325,EUR,AD_HOC_PAYMENT,20,2026-03-09T00:00:00
FRVIAE12346329352,1b4c8df3140c49899a53d6c614ef431e,0.4,EUR,AD_HOC_PAYMENT,20,2025-11-19T13:00:00
FRVIAE12346329351,1b4c8df3140c49899a53d6c614ef431e,0.4,EUR,AD_HOC_PAYMENT,20,2025-11-19T13:00:00
FRVIAE20122064082,1b4c8df3140c49899a53d6c614ef431e,0.4,EUR,AD_HOC_PAYMENT,20,2025-11-19T13:00:00
FRVIAE20122064081,1b4c8df3140c49899a53d6c614ef431e,0.4,EUR,AD_HOC_PAYMENT,20,2025-11-19T13:00:00
FRVIAE12346298552,1b4c8df3140c49899a53d6c614ef431e,0.4,EUR,AD_HOC_PAYMENT,20,2025-11-19T13:00:00
FRVIAE12346298551,1b4c8df3140c49899a53d6c614ef431e,0.4,EUR,AD_HOC_PAYMENT,20,2025-11-19T13:00:00
FRVIAE20122076062,1b4c8df3140c49899a53d6c614ef431e,0.4,EUR,AD_HOC_PAYMENT,20,2025-11-19T13:00:00
FRVIAE20122076061,1b4c8df3140c49899a53d6c614ef431e,0.4,EUR,AD_HOC_PAYMENT,20,2025-11-19T13:00:00
FRVIAE20111104012,64cfd72818304ee28d3a875aef64d31b,0.45,EUR,AD_HOC_PAYMENT,20,2025-11-19T13:00:00
FRVIAE20111104011,64cfd72818304ee28d3a875aef64d31b,0.45,EUR,AD_HOC_PAYMENT,20,2025-11-19T13:00:00
FRVIAE12346219643,0f286212-cb69-4cd7-abda-c0368a02ccbf,0.325,EUR,AD_HOC_PAYMENT,20,2026-03-09T00:00:00
FRVIAE12346219642,0f286212-cb69-4cd7-abda-c0368a02ccbf,0.325,EUR,AD_HOC_PAYMENT,20,2026-03-09T00:00:00
FRVIAE12346219641,0f286212-cb69-4cd7-abda-c0368a02ccbf,0.325,EUR,AD_HOC_PAYMENT,20,2026-03-09T00:00:00
FRVIAE20103002022,84ba7e49-a9d1-41d9-85f4-d72d875ec724,0.575,EUR,AD_HOC_PAYMENT,20,2026-03-09T00:00:00
FRVIAE20103002021,84ba7e49-a9d1-41d9-85f4-d72d875ec724,0.575,EUR,AD_HOC_PAYMENT,20,2026-03-09T00:00:00
FRVIAE20102003012,663d278c-7663-41ea-86aa-015b9a5dd8e4,0.5,EUR,AD_HOC_PAYMENT,20,2026-03-09T00:00:00
FRVIAE20102003011,663d278c-7663-41ea-86aa-015b9a5dd8e4,0.5,EUR,AD_HOC_PAYMENT,20,2026-03-09T00:00:00
FRVIAE12346141582,1b4c8df3140c49899a53d6c614ef431e,0.4,EUR,AD_HOC_PAYMENT,20,2025-11-19T13:00:00
FRVIAE12346141581,1b4c8df3140c49899a53d6c614ef431e,0.4,EUR,AD_HOC_PAYMENT,20,2025-11-19T13:00:00
FRVIAE20111105012,64cfd72818304ee28d3a875aef64d31b,0.45,EUR,AD_HOC_PAYMENT,20,2025-11-19T13:00:00
FRVIAE20111105011,64cfd72818304ee28d3a875aef64d31b,0.45,EUR,AD_HOC_PAYMENT,20,2025-11-19T13:00:00
FRVIAE10001276082,663d278c-7663-41ea-86aa-015b9a5dd8e4,0.5,EUR,AD_HOC_PAYMENT,20,2026-03-09T00:00:00
FRVIAE10001276081,663d278c-7663-41ea-86aa-015b9a5dd8e4,0.5,EUR,AD_HOC_PAYMENT,20,2026-03-09T00:00:00
FRVIAE10001231182,87b962cf-5c99-4812-8f03-16f2047aba80,0.525,EUR,AD_HOC_PAYMENT,20,2026-02-23T00:00:00
FRVIAE10001231181,87b962cf-5c99-4812-8f03-16f2047aba80,0.525,EUR,AD_HOC_PAYMENT,20,2026-02-23T00:00:00
FRVIAE12346378912,1b4c8df3140c49899a53d6c614ef431e,0.4,EUR,AD_HOC_PAYMENT,20,2025-11-19T13:00:00
FRVIAE12346378911,1b4c8df3140c49899a53d6c614ef431e,0.4,EUR,AD_HOC_PAYMENT,20,2025-11-19T13:00:00
FRVIAE20122168052,1b4c8df3140c49899a53d6c614ef431e,0.4,EUR,AD_HOC_PAYMENT,20,2025-11-19T13:00:00
FRVIAE20122168051,1b4c8df3140c49899a53d6c614ef431e,0.4,EUR,AD_HOC_PAYMENT,20,2025-11-19T13:00:00
FRVIAE20125001022,64cfd72818304ee28d3a875aef64d31b,0.45,EUR,AD_HOC_PAYMENT,20,2025-11-19T13:00:00
FRVIAE20125001021,64cfd72818304ee28d3a875aef64d31b,0.45,EUR,AD_HOC_PAYMENT,20,2025-11-19T13:00:00
FRVIAE20161003042,5ac8fc13-69bd-4238-91fc-00d74021df49,0.433,EUR,AD_HOC_PAYMENT,20,2026-02-23T00:00:00
FRVIAE20161003041,5ac8fc13-69bd-4238-91fc-00d74021df49,0.433,EUR,AD_HOC_PAYMENT,20,2026-02-23T00:00:00
FRVIAE20164004022,5ac8fc13-69bd-4238-91fc-00d74021df49,0.433,EUR,AD_HOC_PAYMENT,20,2026-02-23T00:00:00
FRVIAE20164004021,5ac8fc13-69bd-4238-91fc-00d74021df49,0.433,EUR,AD_HOC_PAYMENT,20,2026-02-23T00:00:00
FRVIAE10001371643,64cfd72818304ee28d3a875aef64d31b,0.45,EUR,AD_HOC_PAYMENT,20,2025-11-19T13:00:00
FRVIAE10001371642,64cfd72818304ee28d3a875aef64d31b,0.45,EUR,AD_HOC_PAYMENT,20,2025-11-19T13:00:00
FRVIAE10001371641,64cfd72818304ee28d3a875aef64d31b,0.45,EUR,AD_HOC_PAYMENT,20,2025-11-19T13:00:00
FRVIAE12346155292,1b4c8df3140c49899a53d6c614ef431e,0.4,EUR,AD_HOC_PAYMENT,20,2025-11-19T13:00:00
FRVIAE12346155291,1b4c8df3140c49899a53d6c614ef431e,0.4,EUR,AD_HOC_PAYMENT,20,2025-11-19T13:00:00
FRVIAE12346219722,63b9a2fb-f35c-4dfb-bf27-4a42039521dd,0.55,EUR,AD_HOC_PAYMENT,20,2026-03-09T00:00:00
FRVIAE12346219721,63b9a2fb-f35c-4dfb-bf27-4a42039521dd,0.55,EUR,AD_HOC_PAYMENT,20,2026-03-09T00:00:00
FRVIAE12345955269,1b4c8df3140c49899a53d6c614ef431e,0.4,EUR,AD_HOC_PAYMENT,20,2025-11-19T13:00:00
FRVIAE12345955268,1b4c8df3140c49899a53d6c614ef431e,0.4,EUR,AD_HOC_PAYMENT,20,2025-11-19T13:00:00
FRVIAE12345955267,1b4c8df3140c49899a53d6c614ef431e,0.4,EUR,AD_HOC_PAYMENT,20,2025-11-19T13:00:00
FRVIAE12345955266,1b4c8df3140c49899a53d6c614ef431e,0.4,EUR,AD_HOC_PAYMENT,20,2025-11-19T13:00:00
FRVIAE12345955265,1b4c8df3140c49899a53d6c614ef431e,0.4,EUR,AD_HOC_PAYMENT,20,2025-11-19T13:00:00
FRVIAE12345955264,1b4c8df3140c49899a53d6c614ef431e,0.4,EUR,AD_HOC_PAYMENT,20,2025-11-19T13:00:00
FRVIAE12345955263,1b4c8df3140c49899a53d6c614ef431e,0.4,EUR,AD_HOC_PAYMENT,20,2025-11-19T13:00:00
FRVIAE12345955262,1b4c8df3140c49899a53d6c614ef431e,0.4,EUR,AD_HOC_PAYMENT,20,2025-11-19T13:00:00
FRVIAE123459552612,1b4c8df3140c49899a53d6c614ef431e,0.4,EUR,AD_HOC_PAYMENT,20,2025-11-19T13:00:00
FRVIAE123459552611,1b4c8df3140c49899a53d6c614ef431e,0.4,EUR,AD_HOC_PAYMENT,20,2025-11-19T13:00:00
FRVIAE123459552610,1b4c8df3140c49899a53d6c614ef431e,0.4,EUR,AD_HOC_PAYMENT,20,2025-11-19T13:00:00
FRVIAE12345955261,1b4c8df3140c49899a53d6c614ef431e,0.4,EUR,AD_HOC_PAYMENT,20,2025-11-19T13:00:00
FRVIAE10001444682,1b4c8df3140c49899a53d6c614ef431e,0.4,EUR,AD_HOC_PAYMENT,20,2025-11-19T13:00:00
FRVIAE10001444681,1b4c8df3140c49899a53d6c614ef431e,0.4,EUR,AD_HOC_PAYMENT,20,2025-11-19T13:00:00
FRVIAE10000988232,0b46268150cf4976ad848e9cfbe14c78,0.5,EUR,AD_HOC_PAYMENT,20,2025-11-19T13:00:00
FRVIAE10000988231,0b46268150cf4976ad848e9cfbe14c78,0.5,EUR,AD_HOC_PAYMENT,20,2025-11-19T13:00:00
FRVIAE10001181412,87b962cf-5c99-4812-8f03-16f2047aba80,0.525,EUR,AD_HOC_PAYMENT,20,2026-02-23T00:00:00
FRVIAE10001181411,87b962cf-5c99-4812-8f03-16f2047aba80,0.525,EUR,AD_HOC_PAYMENT,20,2026-02-23T00:00:00
FRVIAE10001480112,0f286212-cb69-4cd7-abda-c0368a02ccbf,0.325,EUR,AD_HOC_PAYMENT,20,2026-03-09T00:00:00
FRVIAE10001480111,0f286212-cb69-4cd7-abda-c0368a02ccbf,0.325,EUR,AD_HOC_PAYMENT,20,2026-03-09T00:00:00
FRVIAE12346216512,1b4c8df3140c49899a53d6c614ef431e,0.4,EUR,AD_HOC_PAYMENT,20,2025-11-19T13:00:00
FRVIAE12346216511,1b4c8df3140c49899a53d6c614ef431e,0.4,EUR,AD_HOC_PAYMENT,20,2025-11-19T13:00:00
FRVIAE12346402402,1b4c8df3140c49899a53d6c614ef431e,0.4,EUR,AD_HOC_PAYMENT,20,2025-11-19T13:00:00
FRVIAE12346402401,1b4c8df3140c49899a53d6c614ef431e,0.4,EUR,AD_HOC_PAYMENT,20,2025-11-19T13:00:00
FRVIAE20101104102,87b962cf-5c99-4812-8f03-16f2047aba80,0.525,EUR,AD_HOC_PAYMENT,20,2026-02-23T00:00:00
FRVIAE20101104101,87b962cf-5c99-4812-8f03-16f2047aba80,0.525,EUR,AD_HOC_PAYMENT,20,2026-02-23T00:00:00
FRVIAE12346431472,1b4c8df3140c49899a53d6c614ef431e,0.4,EUR,AD_HOC_PAYMENT,20,2025-11-19T13:00:00
FRVIAE12346431471,1b4c8df3140c49899a53d6c614ef431e,0.4,EUR,AD_HOC_PAYMENT,20,2025-11-19T13:00:00
FRVIAE12346374122,1b4c8df3140c49899a53d6c614ef431e,0.4,EUR,AD_HOC_PAYMENT,20,2025-11-19T13:00:00
FRVIAE12346374121,1b4c8df3140c49899a53d6c614ef431e,0.4,EUR,AD_HOC_PAYMENT,20,2025-11-19T13:00:00
FRVIAE12345954859,1b4c8df3140c49899a53d6c614ef431e,0.4,EUR,AD_HOC_PAYMENT,20,2025-11-19T13:00:00
FRVIAE12345954858,1b4c8df3140c49899a53d6c614ef431e,0.4,EUR,AD_HOC_PAYMENT,20,2025-11-19T13:00:00
FRVIAE12345954857,1b4c8df3140c49899a53d6c614ef431e,0.4,EUR,AD_HOC_PAYMENT,20,2025-11-19T13:00:00
FRVIAE12345954856,1b4c8df3140c49899a53d6c614ef431e,0.4,EUR,AD_HOC_PAYMENT,20,2025-11-19T13:00:00
FRVIAE12345954855,1b4c8df3140c49899a53d6c614ef431e,0.4,EUR,AD_HOC_PAYMENT,20,2025-11-19T13:00:00
FRVIAE12345954854,1b4c8df3140c49899a53d6c614ef431e,0.4,EUR,AD_HOC_PAYMENT,20,2025-11-19T13:00:00
FRVIAE12345954853,1b4c8df3140c49899a53d6c614ef431e,0.4,EUR,AD_HOC_PAYMENT,20,2025-11-19T13:00:00
FRVIAE12345954852,1b4c8df3140c49899a53d6c614ef431e,0.4,EUR,AD_HOC_PAYMENT,20,2025-11-19T13:00:00
FRVIAE123459548512,1b4c8df3140c49899a53d6c614ef431e,0.4,EUR,AD_HOC_PAYMENT,20,2025-11-19T13:00:00
FRVIAE123459548511,1b4c8df3140c49899a53d6c614ef431e,0.4,EUR,AD_HOC_PAYMENT,20,2025-11-19T13:00:00
FRVIAE123459548510,1b4c8df3140c49899a53d6c614ef431e,0.4,EUR,AD_HOC_PAYMENT,20,2025-11-19T13:00:00
FRVIAE12345954851,1b4c8df3140c49899a53d6c614ef431e,0.4,EUR,AD_HOC_PAYMENT,20,2025-11-19T13:00:00
FRVIAE12346225512,1b4c8df3140c49899a53d6c614ef431e,0.4,EUR,AD_HOC_PAYMENT,20,2025-11-19T13:00:00
FRVIAE12346225511,1b4c8df3140c49899a53d6c614ef431e,0.4,EUR,AD_HOC_PAYMENT,20,2025-11-19T13:00:00
FRVIAE12346431052,1b4c8df3140c49899a53d6c614ef431e,0.4,EUR,AD_HOC_PAYMENT,20,2025-11-19T13:00:00
FRVIAE12346431051,1b4c8df3140c49899a53d6c614ef431e,0.4,EUR,AD_HOC_PAYMENT,20,2025-11-19T13:00:00
FRVIAE20122071062,1b4c8df3140c49899a53d6c614ef431e,0.4,EUR,AD_HOC_PAYMENT,20,2025-11-19T13:00:00
FRVIAE20122071061,1b4c8df3140c49899a53d6c614ef431e,0.4,EUR,AD_HOC_PAYMENT,20,2025-11-19T13:00:00
FRVIAE20122097062,1b4c8df3140c49899a53d6c614ef431e,0.4,EUR,AD_HOC_PAYMENT,20,2025-11-19T13:00:00
FRVIAE20122097061,1b4c8df3140c49899a53d6c614ef431e,0.4,EUR,AD_HOC_PAYMENT,20,2025-11-19T13:00:00
FRVIAE12346402312,1b4c8df3140c49899a53d6c614ef431e,0.4,EUR,AD_HOC_PAYMENT,20,2025-11-19T13:00:00
FRVIAE12346402311,1b4c8df3140c49899a53d6c614ef431e,0.4,EUR,AD_HOC_PAYMENT,20,2025-11-19T13:00:00
FRVIAE12346372292,1b4c8df3140c49899a53d6c614ef431e,0.4,EUR,AD_HOC_PAYMENT,20,2025-11-19T13:00:00
FRVIAE12346372291,1b4c8df3140c49899a53d6c614ef431e,0.4,EUR,AD_HOC_PAYMENT,20,2025-11-19T13:00:00
FRVIAE20122058052,1b4c8df3140c49899a53d6c614ef431e,0.4,EUR,AD_HOC_PAYMENT,20,2025-11-19T13:00:00
FRVIAE20122058051,1b4c8df3140c49899a53d6c614ef431e,0.4,EUR,AD_HOC_PAYMENT,20,2025-11-19T13:00:00
FRVIAE20142089012,64cfd72818304ee28d3a875aef64d31b,0.45,EUR,AD_HOC_PAYMENT,20,2025-11-19T13:00:00
FRVIAE20142089011,64cfd72818304ee28d3a875aef64d31b,0.45,EUR,AD_HOC_PAYMENT,20,2025-11-19T13:00:00
FRVIAE10001180902,87b962cf-5c99-4812-8f03-16f2047aba80,0.525,EUR,AD_HOC_PAYMENT,20,2026-02-23T00:00:00
FRVIAE10001180901,87b962cf-5c99-4812-8f03-16f2047aba80,0.525,EUR,AD_HOC_PAYMENT,20,2026-02-23T00:00:00
FRVIAE12345724842,1b4c8df3140c49899a53d6c614ef431e,0.4,EUR,AD_HOC_PAYMENT,20,2025-11-19T13:00:00
FRVIAE12345724841,1b4c8df3140c49899a53d6c614ef431e,0.4,EUR,AD_HOC_PAYMENT,20,2025-11-19T13:00:00
FRVIAE12346281512,1b4c8df3140c49899a53d6c614ef431e,0.4,EUR,AD_HOC_PAYMENT,20,2025-11-19T13:00:00
FRVIAE12346281511,1b4c8df3140c49899a53d6c614ef431e,0.4,EUR,AD_HOC_PAYMENT,20,2025-11-19T13:00:00
FRVIAE20122092052,1b4c8df3140c49899a53d6c614ef431e,0.4,EUR,AD_HOC_PAYMENT,20,2025-11-19T13:00:00
FRVIAE20122092051,1b4c8df3140c49899a53d6c614ef431e,0.4,EUR,AD_HOC_PAYMENT,20,2025-11-19T13:00:00
FRVIAE10001444612,1b4c8df3140c49899a53d6c614ef431e,0.4,EUR,AD_HOC_PAYMENT,20,2025-11-19T13:00:00
FRVIAE10001444611,1b4c8df3140c49899a53d6c614ef431e,0.4,EUR,AD_HOC_PAYMENT,20,2025-11-19T13:00:00
FRVIAE12346329072,1b4c8df3140c49899a53d6c614ef431e,0.4,EUR,AD_HOC_PAYMENT,20,2025-11-19T13:00:00
FRVIAE12346329071,1b4c8df3140c49899a53d6c614ef431e,0.4,EUR,AD_HOC_PAYMENT,20,2025-11-19T13:00:00
FRVIAE20164006032,5ac8fc13-69bd-4238-91fc-00d74021df49,0.433,EUR,AD_HOC_PAYMENT,20,2026-02-23T00:00:00
FRVIAE20164006031,5ac8fc13-69bd-4238-91fc-00d74021df49,0.433,EUR,AD_HOC_PAYMENT,20,2026-02-23T00:00:00
FRVIAE12346100412,1b4c8df3140c49899a53d6c614ef431e,0.4,EUR,AD_HOC_PAYMENT,20,2025-11-19T13:00:00
FRVIAE12346100411,1b4c8df3140c49899a53d6c614ef431e,0.4,EUR,AD_HOC_PAYMENT,20,2025-11-19T13:00:00
FRVIAE20142093012,64cfd72818304ee28d3a875aef64d31b,0.45,EUR,AD_HOC_PAYMENT,20,2025-11-19T13:00:00
FRVIAE20142093011,64cfd72818304ee28d3a875aef64d31b,0.45,EUR,AD_HOC_PAYMENT,20,2025-11-19T13:00:00
FRVIAE20122069062,1b4c8df3140c49899a53d6c614ef431e,0.4,EUR,AD_HOC_PAYMENT,20,2025-11-19T13:00:00
FRVIAE20122069061,1b4c8df3140c49899a53d6c614ef431e,0.4,EUR,AD_HOC_PAYMENT,20,2025-11-19T13:00:00
FRVIAE10001240782,87b962cf-5c99-4812-8f03-16f2047aba80,0.525,EUR,AD_HOC_PAYMENT,20,2026-02-23T00:00:00
FRVIAE10001240781,87b962cf-5c99-4812-8f03-16f2047aba80,0.525,EUR,AD_HOC_PAYMENT,20,2026-02-23T00:00:00
FRVIAE20125004022,64cfd72818304ee28d3a875aef64d31b,0.45,EUR,AD_HOC_PAYMENT,20,2025-11-19T13:00:00
FRVIAE20125004021,64cfd72818304ee28d3a875aef64d31b,0.45,EUR,AD_HOC_PAYMENT,20,2025-11-19T13:00:00
FRVIAE20122177052,1b4c8df3140c49899a53d6c614ef431e,0.4,EUR,AD_HOC_PAYMENT,20,2025-11-19T13:00:00
FRVIAE20122177051,1b4c8df3140c49899a53d6c614ef431e,0.4,EUR,AD_HOC_PAYMENT,20,2025-11-19T13:00:00
FRVIAE20164001052,5ac8fc13-69bd-4238-91fc-00d74021df49,0.433,EUR,AD_HOC_PAYMENT,20,2026-02-23T00:00:00
FRVIAE20164001051,5ac8fc13-69bd-4238-91fc-00d74021df49,0.433,EUR,AD_HOC_PAYMENT,20,2026-02-23T00:00:00
FRVIAE20161010132,5ac8fc13-69bd-4238-91fc-00d74021df49,0.433,EUR,AD_HOC_PAYMENT,20,2026-02-23T00:00:00
FRVIAE20161010131,5ac8fc13-69bd-4238-91fc-00d74021df49,0.433,EUR,AD_HOC_PAYMENT,20,2026-02-23T00:00:00
FRVIAE20122080052,1b4c8df3140c49899a53d6c614ef431e,0.4,EUR,AD_HOC_PAYMENT,20,2025-11-19T13:00:00
FRVIAE20122080051,1b4c8df3140c49899a53d6c614ef431e,0.4,EUR,AD_HOC_PAYMENT,20,2025-11-19T13:00:00
FRVIAE10001444802,1b4c8df3140c49899a53d6c614ef431e,0.4,EUR,AD_HOC_PAYMENT,20,2025-11-19T13:00:00
FRVIAE10001444801,1b4c8df3140c49899a53d6c614ef431e,0.4,EUR,AD_HOC_PAYMENT,20,2025-11-19T13:00:00
FRVIAE10001301122,663d278c-7663-41ea-86aa-015b9a5dd8e4,0.5,EUR,AD_HOC_PAYMENT,20,2026-03-09T00:00:00
FRVIAE10001301121,663d278c-7663-41ea-86aa-015b9a5dd8e4,0.5,EUR,AD_HOC_PAYMENT,20,2026-03-09T00:00:00
FRVIAE10001181442,663d278c-7663-41ea-86aa-015b9a5dd8e4,0.5,EUR,AD_HOC_PAYMENT,20,2026-03-09T00:00:00
FRVIAE10001181441,663d278c-7663-41ea-86aa-015b9a5dd8e4,0.5,EUR,AD_HOC_PAYMENT,20,2026-03-09T00:00:00
FRVIAE12346137262,1b4c8df3140c49899a53d6c614ef431e,0.4,EUR,AD_HOC_PAYMENT,20,2025-11-19T13:00:00
FRVIAE12346137261,1b4c8df3140c49899a53d6c614ef431e,0.4,EUR,AD_HOC_PAYMENT,20,2025-11-19T13:00:00
FRVIAE12346402252,1b4c8df3140c49899a53d6c614ef431e,0.4,EUR,AD_HOC_PAYMENT,20,2025-11-19T13:00:00
FRVIAE12346402251,1b4c8df3140c49899a53d6c614ef431e,0.4,EUR,AD_HOC_PAYMENT,20,2025-11-19T13:00:00
FRVIAE12346033532,85ec0d43-7f2d-4e2e-828e-c173e0afe657,0.55,EUR,AD_HOC_PAYMENT,20,2025-11-19T13:00:00
FRVIAE12346033531,85ec0d43-7f2d-4e2e-828e-c173e0afe657,0.55,EUR,AD_HOC_PAYMENT,20,2025-11-19T13:00:00
FRVIAE12346235782,1b4c8df3140c49899a53d6c614ef431e,0.4,EUR,AD_HOC_PAYMENT,20,2025-11-19T13:00:00
FRVIAE12346235781,1b4c8df3140c49899a53d6c614ef431e,0.4,EUR,AD_HOC_PAYMENT,20,2025-11-19T13:00:00
FRVIAE20122025082,1b4c8df3140c49899a53d6c614ef431e,0.4,EUR,AD_HOC_PAYMENT,20,2025-11-19T13:00:00
FRVIAE20122025081,1b4c8df3140c49899a53d6c614ef431e,0.4,EUR,AD_HOC_PAYMENT,20,2025-11-19T13:00:00
FRVIAE20125003012,64cfd72818304ee28d3a875aef64d31b,0.45,EUR,AD_HOC_PAYMENT,20,2025-11-19T13:00:00
FRVIAE20125003011,64cfd72818304ee28d3a875aef64d31b,0.45,EUR,AD_HOC_PAYMENT,20,2025-11-19T13:00:00
FRVIAE20164012072,7d814e34-8d08-4c97-82ce-5e3887f2aaaf,0.416,EUR,AD_HOC_PAYMENT,20,2026-02-23T00:00:00
FRVIAE20164012071,7d814e34-8d08-4c97-82ce-5e3887f2aaaf,0.416,EUR,AD_HOC_PAYMENT,20,2026-02-23T00:00:00
FRVIAE20161009042,fa6213d8-d5b6-4194-9c4e-3d089601e0b6,0.458,EUR,AD_HOC_PAYMENT,20,2026-02-23T00:00:00
FRVIAE20161009041,fa6213d8-d5b6-4194-9c4e-3d089601e0b6,0.458,EUR,AD_HOC_PAYMENT,20,2026-02-23T00:00:00
FRVIAE10001480212,0f286212-cb69-4cd7-abda-c0368a02ccbf,0.325,EUR,AD_HOC_PAYMENT,20,2026-03-09T00:00:00
FRVIAE10001480211,0f286212-cb69-4cd7-abda-c0368a02ccbf,0.325,EUR,AD_HOC_PAYMENT,20,2026-03-09T00:00:00
FRVIAE20122060052,1b4c8df3140c49899a53d6c614ef431e,0.4,EUR,AD_HOC_PAYMENT,20,2025-11-19T13:00:00
FRVIAE20122060051,1b4c8df3140c49899a53d6c614ef431e,0.4,EUR,AD_HOC_PAYMENT,20,2025-11-19T13:00:00
FRVIAE20122088062,1b4c8df3140c49899a53d6c614ef431e,0.4,EUR,AD_HOC_PAYMENT,20,2025-11-19T13:00:00
FRVIAE20122088061,1b4c8df3140c49899a53d6c614ef431e,0.4,EUR,AD_HOC_PAYMENT,20,2025-11-19T13:00:00
FRVIAE20122062062,1b4c8df3140c49899a53d6c614ef431e,0.4,EUR,AD_HOC_PAYMENT,20,2025-11-19T13:00:00
FRVIAE20122062061,1b4c8df3140c49899a53d6c614ef431e,0.4,EUR,AD_HOC_PAYMENT,20,2025-11-19T13:00:00
FRVIAE10001229622,87b962cf-5c99-4812-8f03-16f2047aba80,0.525,EUR,AD_HOC_PAYMENT,20,2026-02-23T00:00:00
FRVIAE10001229621,87b962cf-5c99-4812-8f03-16f2047aba80,0.525,EUR,AD_HOC_PAYMENT,20,2026-02-23T00:00:00
FRVIAE10001181462,663d278c-7663-41ea-86aa-015b9a5dd8e4,0.5,EUR,AD_HOC_PAYMENT,20,2026-03-09T00:00:00
FRVIAE10001181461,663d278c-7663-41ea-86aa-015b9a5dd8e4,0.5,EUR,AD_HOC_PAYMENT,20,2026-03-09T00:00:00
FRVIAE20142030013,1b4c8df3140c49899a53d6c614ef431e,0.4,EUR,AD_HOC_PAYMENT,20,2025-11-19T13:00:00
FRVIAE20142030012,1b4c8df3140c49899a53d6c614ef431e,0.4,EUR,AD_HOC_PAYMENT,20,2025-11-19T13:00:00
FRVIAE20142030011,1b4c8df3140c49899a53d6c614ef431e,0.4,EUR,AD_HOC_PAYMENT,20,2025-11-19T13:00:00
FRVIAE20142142012,1b4c8df3140c49899a53d6c614ef431e,0.4,EUR,AD_HOC_PAYMENT,20,2025-11-19T13:00:00
FRVIAE20142142011,1b4c8df3140c49899a53d6c614ef431e,0.4,EUR,AD_HOC_PAYMENT,20,2025-11-19T13:00:00
FRVIAE20161002042,5ac8fc13-69bd-4238-91fc-00d74021df49,0.433,EUR,AD_HOC_PAYMENT,20,2026-02-23T00:00:00
FRVIAE20161002041,5ac8fc13-69bd-4238-91fc-00d74021df49,0.433,EUR,AD_HOC_PAYMENT,20,2026-02-23T00:00:00
FRVIAE20164007012,fa6213d8-d5b6-4194-9c4e-3d089601e0b6,0.458,EUR,AD_HOC_PAYMENT,20,2026-02-23T00:00:00
FRVIAE20164007011,fa6213d8-d5b6-4194-9c4e-3d089601e0b6,0.458,EUR,AD_HOC_PAYMENT,20,2026-02-23T00:00:00
FRVIAE10001453312,d57690eb-0476-4bdf-862a-4fd2da26302f,0.5,EUR,AD_HOC_PAYMENT,20,2026-03-09T00:00:00
FRVIAE10001453311,d57690eb-0476-4bdf-862a-4fd2da26302f,0.5,EUR,AD_HOC_PAYMENT,20,2026-03-09T00:00:00
FRVIAE20142107012,64cfd72818304ee28d3a875aef64d31b,0.45,EUR,AD_HOC_PAYMENT,20,2025-11-19T13:00:00
FRVIAE20142107011,64cfd72818304ee28d3a875aef64d31b,0.45,EUR,AD_HOC_PAYMENT,20,2025-11-19T13:00:00
FRVIAE20142037013,1b4c8df3140c49899a53d6c614ef431e,0.4,EUR,AD_HOC_PAYMENT,20,2025-11-19T13:00:00
FRVIAE20142037012,64cfd72818304ee28d3a875aef64d31b,0.45,EUR,AD_HOC_PAYMENT,20,2025-11-19T13:00:00
FRVIAE20142037011,64cfd72818304ee28d3a875aef64d31b,0.45,EUR,AD_HOC_PAYMENT,20,2025-11-19T13:00:00
FRVIAE20142068013,1b4c8df3140c49899a53d6c614ef431e,0.4,EUR,AD_HOC_PAYMENT,20,2025-11-19T13:00:00
FRVIAE20142068012,64cfd72818304ee28d3a875aef64d31b,0.45,EUR,AD_HOC_PAYMENT,20,2025-11-19T13:00:00
FRVIAE20142068011,64cfd72818304ee28d3a875aef64d31b,0.45,EUR,AD_HOC_PAYMENT,20,2025-11-19T13:00:00
FRVIAE10001169833,84ba7e49-a9d1-41d9-85f4-d72d875ec724,0.575,EUR,AD_HOC_PAYMENT,20,2026-03-09T00:00:00
FRVIAE10001169832,84ba7e49-a9d1-41d9-85f4-d72d875ec724,0.575,EUR,AD_HOC_PAYMENT,20,2026-03-09T00:00:00
FRVIAE10001169831,84ba7e49-a9d1-41d9-85f4-d72d875ec724,0.575,EUR,AD_HOC_PAYMENT,20,2026-03-09T00:00:00
FRVIAE20142065013,1b4c8df3140c49899a53d6c614ef431e,0.4,EUR,AD_HOC_PAYMENT,20,2025-11-19T13:00:00
FRVIAE20142065012,64cfd72818304ee28d3a875aef64d31b,0.45,EUR,AD_HOC_PAYMENT,20,2025-11-19T13:00:00
FRVIAE20142065011,64cfd72818304ee28d3a875aef64d31b,0.45,EUR,AD_HOC_PAYMENT,20,2025-11-19T13:00:00
FRVIAE12345703813,0f286212-cb69-4cd7-abda-c0368a02ccbf,0.325,EUR,AD_HOC_PAYMENT,20,2026-03-09T00:00:00
FRVIAE12345703812,0f286212-cb69-4cd7-abda-c0368a02ccbf,0.325,EUR,AD_HOC_PAYMENT,20,2026-03-09T00:00:00
FRVIAE12345703811,0f286212-cb69-4cd7-abda-c0368a02ccbf,0.325,EUR,AD_HOC_PAYMENT,20,2026-03-09T00:00:00
FRVIAE10001218572,64cfd72818304ee28d3a875aef64d31b,0.45,EUR,AD_HOC_PAYMENT,20,2025-11-19T13:00:00
FRVIAE10001218571,64cfd72818304ee28d3a875aef64d31b,0.45,EUR,AD_HOC_PAYMENT,20,2025-11-19T13:00:00
FRVIAE10001169633,84ba7e49-a9d1-41d9-85f4-d72d875ec724,0.575,EUR,AD_HOC_PAYMENT,20,2026-03-09T00:00:00
FRVIAE10001169632,84ba7e49-a9d1-41d9-85f4-d72d875ec724,0.575,EUR,AD_HOC_PAYMENT,20,2026-03-09T00:00:00
FRVIAE10001169631,84ba7e49-a9d1-41d9-85f4-d72d875ec724,0.575,EUR,AD_HOC_PAYMENT,20,2026-03-09T00:00:00
FRVIAE10001169723,84ba7e49-a9d1-41d9-85f4-d72d875ec724,0.575,EUR,AD_HOC_PAYMENT,20,2026-03-09T00:00:00
FRVIAE10001169722,84ba7e49-a9d1-41d9-85f4-d72d875ec724,0.575,EUR,AD_HOC_PAYMENT,20,2026-03-09T00:00:00
FRVIAE10001169721,84ba7e49-a9d1-41d9-85f4-d72d875ec724,0.575,EUR,AD_HOC_PAYMENT,20,2026-03-09T00:00:00
FRVIAE10001456393,0f286212-cb69-4cd7-abda-c0368a02ccbf,0.325,EUR,AD_HOC_PAYMENT,20,2026-03-09T00:00:00
FRVIAE10001456392,0f286212-cb69-4cd7-abda-c0368a02ccbf,0.325,EUR,AD_HOC_PAYMENT,20,2026-03-09T00:00:00
FRVIAE10001456391,0f286212-cb69-4cd7-abda-c0368a02ccbf,0.325,EUR,AD_HOC_PAYMENT,20,2026-03-09T00:00:00
FRVIAE10001169783,84ba7e49-a9d1-41d9-85f4-d72d875ec724,0.575,EUR,AD_HOC_PAYMENT,20,2026-03-09T00:00:00
FRVIAE10001169782,84ba7e49-a9d1-41d9-85f4-d72d875ec724,0.575,EUR,AD_HOC_PAYMENT,20,2026-03-09T00:00:00
FRVIAE10001169781,84ba7e49-a9d1-41d9-85f4-d72d875ec724,0.575,EUR,AD_HOC_PAYMENT,20,2026-03-09T00:00:00
FRVIAE10001181382,663d278c-7663-41ea-86aa-015b9a5dd8e4,0.5,EUR,AD_HOC_PAYMENT,20,2026-03-09T00:00:00
FRVIAE10001181381,663d278c-7663-41ea-86aa-015b9a5dd8e4,0.5,EUR,AD_HOC_PAYMENT,20,2026-03-09T00:00:00
FRVIAE10001169873,64cfd72818304ee28d3a875aef64d31b,0.45,EUR,AD_HOC_PAYMENT,20,2025-11-19T13:00:00
FRVIAE10001169872,64cfd72818304ee28d3a875aef64d31b,0.45,EUR,AD_HOC_PAYMENT,20,2025-11-19T13:00:00
FRVIAE10001169871,64cfd72818304ee28d3a875aef64d31b,0.45,EUR,AD_HOC_PAYMENT,20,2025-11-19T13:00:00
FRVIAE10001169563,84ba7e49-a9d1-41d9-85f4-d72d875ec724,0.575,EUR,AD_HOC_PAYMENT,20,2026-03-09T00:00:00
FRVIAE10001169562,84ba7e49-a9d1-41d9-85f4-d72d875ec724,0.575,EUR,AD_HOC_PAYMENT,20,2026-03-09T00:00:00
FRVIAE10001169561,84ba7e49-a9d1-41d9-85f4-d72d875ec724,0.575,EUR,AD_HOC_PAYMENT,20,2026-03-09T00:00:00
FRVIAE10001301093,84ba7e49-a9d1-41d9-85f4-d72d875ec724,0.575,EUR,AD_HOC_PAYMENT,20,2026-03-09T00:00:00
FRVIAE10001301092,84ba7e49-a9d1-41d9-85f4-d72d875ec724,0.575,EUR,AD_HOC_PAYMENT,20,2026-03-09T00:00:00
FRVIAE10001301091,84ba7e49-a9d1-41d9-85f4-d72d875ec724,0.575,EUR,AD_HOC_PAYMENT,20,2026-03-09T00:00:00
FRVIAE10001475733,63b9a2fb-f35c-4dfb-bf27-4a42039521dd,0.55,EUR,AD_HOC_PAYMENT,20,2026-03-09T00:00:00
FRVIAE10001475732,7e5797d5-0da9-4ea1-beb7-9e3d0fa7e71f,0.325,EUR,AD_HOC_PAYMENT,20,2025-11-19T13:00:00
FRVIAE10001475731,7e5797d5-0da9-4ea1-beb7-9e3d0fa7e71f,0.325,EUR,AD_HOC_PAYMENT,20,2025-11-19T13:00:00
FRVIAE20142040013,1b4c8df3140c49899a53d6c614ef431e,0.4,EUR,AD_HOC_PAYMENT,20,2025-11-19T13:00:00
FRVIAE20142040012,1b4c8df3140c49899a53d6c614ef431e,0.4,EUR,AD_HOC_PAYMENT,20,2025-11-19T13:00:00
FRVIAE20142040011,1b4c8df3140c49899a53d6c614ef431e,0.4,EUR,AD_HOC_PAYMENT,20,2025-11-19T13:00:00
FRVIAE12346063533,0f286212-cb69-4cd7-abda-c0368a02ccbf,0.325,EUR,AD_HOC_PAYMENT,20,2026-03-09T00:00:00
FRVIAE12346063532,0f286212-cb69-4cd7-abda-c0368a02ccbf,0.325,EUR,AD_HOC_PAYMENT,20,2026-03-09T00:00:00
FRVIAE12346063531,0f286212-cb69-4cd7-abda-c0368a02ccbf,0.325,EUR,AD_HOC_PAYMENT,20,2026-03-09T00:00:00
FRVIAE10001170113,84ba7e49-a9d1-41d9-85f4-d72d875ec724,0.575,EUR,AD_HOC_PAYMENT,20,2026-03-09T00:00:00
FRVIAE10001170112,84ba7e49-a9d1-41d9-85f4-d72d875ec724,0.575,EUR,AD_HOC_PAYMENT,20,2026-03-09T00:00:00
FRVIAE10001170111,84ba7e49-a9d1-41d9-85f4-d72d875ec724,0.575,EUR,AD_HOC_PAYMENT,20,2026-03-09T00:00:00
FRVIAE10001170143,84ba7e49-a9d1-41d9-85f4-d72d875ec724,0.575,EUR,AD_HOC_PAYMENT,20,2026-03-09T00:00:00
FRVIAE10001170142,84ba7e49-a9d1-41d9-85f4-d72d875ec724,0.575,EUR,AD_HOC_PAYMENT,20,2026-03-09T00:00:00
FRVIAE10001170141,84ba7e49-a9d1-41d9-85f4-d72d875ec724,0.575,EUR,AD_HOC_PAYMENT,20,2026-03-09T00:00:00
FRVIAE10001170073,48b30eb5-5751-41d6-aeb6-80e1ecd57409,0.5,EUR,AD_HOC_PAYMENT,20,2026-03-09T00:00:00
FRVIAE10001170072,48b30eb5-5751-41d6-aeb6-80e1ecd57409,0.5,EUR,AD_HOC_PAYMENT,20,2026-03-09T00:00:00
FRVIAE10001170071,48b30eb5-5751-41d6-aeb6-80e1ecd57409,0.5,EUR,AD_HOC_PAYMENT,20,2026-03-09T00:00:00
FRVIAE10001169733,84ba7e49-a9d1-41d9-85f4-d72d875ec724,0.575,EUR,AD_HOC_PAYMENT,20,2026-03-09T00:00:00
FRVIAE10001169732,84ba7e49-a9d1-41d9-85f4-d72d875ec724,0.575,EUR,AD_HOC_PAYMENT,20,2026-03-09T00:00:00
FRVIAE10001169731,84ba7e49-a9d1-41d9-85f4-d72d875ec724,0.575,EUR,AD_HOC_PAYMENT,20,2026-03-09T00:00:00
FRVIAE10001390463,f7ca5dfe-173b-4b98-86ba-db712a2e6118,0.575,EUR,AD_HOC_PAYMENT,20,2026-03-09T00:00:00
FRVIAE10001390462,f7ca5dfe-173b-4b98-86ba-db712a2e6118,0.575,EUR,AD_HOC_PAYMENT,20,2026-03-09T00:00:00
FRVIAE10001390461,f7ca5dfe-173b-4b98-86ba-db712a2e6118,0.575,EUR,AD_HOC_PAYMENT,20,2026-03-09T00:00:00
FRVIAE10001456383,0f286212-cb69-4cd7-abda-c0368a02ccbf,0.325,EUR,AD_HOC_PAYMENT,20,2026-03-09T00:00:00
FRVIAE10001456382,0f286212-cb69-4cd7-abda-c0368a02ccbf,0.325,EUR,AD_HOC_PAYMENT,20,2026-03-09T00:00:00
FRVIAE10001456381,0f286212-cb69-4cd7-abda-c0368a02ccbf,0.325,EUR,AD_HOC_PAYMENT,20,2026-03-09T00:00:00
FRVIAE12346029842,1b4c8df3140c49899a53d6c614ef431e,0.4,EUR,AD_HOC_PAYMENT,20,2025-11-19T13:00:00
FRVIAE12346029841,1b4c8df3140c49899a53d6c614ef431e,0.4,EUR,AD_HOC_PAYMENT,20,2025-11-19T13:00:00
FRVIAE20122077052,1b4c8df3140c49899a53d6c614ef431e,0.4,EUR,AD_HOC_PAYMENT,20,2025-11-19T13:00:00
FRVIAE20122077051,1b4c8df3140c49899a53d6c614ef431e,0.4,EUR,AD_HOC_PAYMENT,20,2025-11-19T13:00:00
FRVIAE20123014012,e9a95d1a-7f0c-49b8-a860-4f450bce162c,0.241,EUR,AD_HOC_PAYMENT,20,2026-03-09T00:00:00
FRVIAE20123014011,e9a95d1a-7f0c-49b8-a860-4f450bce162c,0.241,EUR,AD_HOC_PAYMENT,20,2026-03-09T00:00:00
FRVIAE12345951858,1b4c8df3140c49899a53d6c614ef431e,0.4,EUR,AD_HOC_PAYMENT,20,2025-11-19T13:00:00
FRVIAE12345951857,1b4c8df3140c49899a53d6c614ef431e,0.4,EUR,AD_HOC_PAYMENT,20,2025-11-19T13:00:00
FRVIAE12345951856,1b4c8df3140c49899a53d6c614ef431e,0.4,EUR,AD_HOC_PAYMENT,20,2025-11-19T13:00:00
FRVIAE12345951855,1b4c8df3140c49899a53d6c614ef431e,0.4,EUR,AD_HOC_PAYMENT,20,2025-11-19T13:00:00
FRVIAE12345951854,1b4c8df3140c49899a53d6c614ef431e,0.4,EUR,AD_HOC_PAYMENT,20,2025-11-19T13:00:00
FRVIAE12345951853,1b4c8df3140c49899a53d6c614ef431e,0.4,EUR,AD_HOC_PAYMENT,20,2025-11-19T13:00:00
FRVIAE12345951852,1b4c8df3140c49899a53d6c614ef431e,0.4,EUR,AD_HOC_PAYMENT,20,2025-11-19T13:00:00
FRVIAE12345951851,1b4c8df3140c49899a53d6c614ef431e,0.4,EUR,AD_HOC_PAYMENT,20,2025-11-19T13:00:00
FRVIAE10001181152,663d278c-7663-41ea-86aa-015b9a5dd8e4,0.5,EUR,AD_HOC_PAYMENT,20,2026-03-09T00:00:00
FRVIAE10001181151,663d278c-7663-41ea-86aa-015b9a5dd8e4,0.5,EUR,AD_HOC_PAYMENT,20,2026-03-09T00:00:00
FRVIAE20142109012,64cfd72818304ee28d3a875aef64d31b,0.45,EUR,AD_HOC_PAYMENT,20,2025-11-19T13:00:00
FRVIAE20142109011,64cfd72818304ee28d3a875aef64d31b,0.45,EUR,AD_HOC_PAYMENT,20,2025-11-19T13:00:00
FRVIAE20122091052,1b4c8df3140c49899a53d6c614ef431e,0.4,EUR,AD_HOC_PAYMENT,20,2025-11-19T13:00:00
FRVIAE20122091051,1b4c8df3140c49899a53d6c614ef431e,0.4,EUR,AD_HOC_PAYMENT,20,2025-11-19T13:00:00
FRVIAE12346057082,1b4c8df3140c49899a53d6c614ef431e,0.4,EUR,AD_HOC_PAYMENT,20,2025-11-19T13:00:00
FRVIAE12346057081,1b4c8df3140c49899a53d6c614ef431e,0.4,EUR,AD_HOC_PAYMENT,20,2025-11-19T13:00:00
FRVIAE20101103092,87b962cf-5c99-4812-8f03-16f2047aba80,0.525,EUR,AD_HOC_PAYMENT,20,2026-02-23T00:00:00
FRVIAE20101103091,87b962cf-5c99-4812-8f03-16f2047aba80,0.525,EUR,AD_HOC_PAYMENT,20,2026-02-23T00:00:00
FRVIAE12346374592,1b4c8df3140c49899a53d6c614ef431e,0.4,EUR,AD_HOC_PAYMENT,20,2025-11-19T13:00:00
FRVIAE12346374591,1b4c8df3140c49899a53d6c614ef431e,0.4,EUR,AD_HOC_PAYMENT,20,2025-11-19T13:00:00
FRVIAE10001231232,663d278c-7663-41ea-86aa-015b9a5dd8e4,0.5,EUR,AD_HOC_PAYMENT,20,2026-03-09T00:00:00
FRVIAE10001231231,663d278c-7663-41ea-86aa-015b9a5dd8e4,0.5,EUR,AD_HOC_PAYMENT,20,2026-03-09T00:00:00
FRVIAE10001444852,1b4c8df3140c49899a53d6c614ef431e,0.4,EUR,AD_HOC_PAYMENT,20,2025-11-19T13:00:00
FRVIAE10001444851,1b4c8df3140c49899a53d6c614ef431e,0.4,EUR,AD_HOC_PAYMENT,20,2025-11-19T13:00:00
FRVIAE10001345082,87b962cf-5c99-4812-8f03-16f2047aba80,0.525,EUR,AD_HOC_PAYMENT,20,2026-02-23T00:00:00
FRVIAE10001345081,87b962cf-5c99-4812-8f03-16f2047aba80,0.525,EUR,AD_HOC_PAYMENT,20,2026-02-23T00:00:00
FRVIAE12346328742,1b4c8df3140c49899a53d6c614ef431e,0.4,EUR,AD_HOC_PAYMENT,20,2025-11-19T13:00:00
FRVIAE12346328741,1b4c8df3140c49899a53d6c614ef431e,0.4,EUR,AD_HOC_PAYMENT,20,2025-11-19T13:00:00
FRVIAE20122098052,1b4c8df3140c49899a53d6c614ef431e,0.4,EUR,AD_HOC_PAYMENT,20,2025-11-19T13:00:00
FRVIAE20122098051,1b4c8df3140c49899a53d6c614ef431e,0.4,EUR,AD_HOC_PAYMENT,20,2025-11-19T13:00:00
FRVIAE20122181052,1b4c8df3140c49899a53d6c614ef431e,0.4,EUR,AD_HOC_PAYMENT,20,2025-11-19T13:00:00
FRVIAE20122181051,1b4c8df3140c49899a53d6c614ef431e,0.4,EUR,AD_HOC_PAYMENT,20,2025-11-19T13:00:00
FRVIAE20161005072,5ac8fc13-69bd-4238-91fc-00d74021df49,0.433,EUR,AD_HOC_PAYMENT,20,2026-02-23T00:00:00
FRVIAE20161005071,5ac8fc13-69bd-4238-91fc-00d74021df49,0.433,EUR,AD_HOC_PAYMENT,20,2026-02-23T00:00:00
FRVIAE20122089052,1b4c8df3140c49899a53d6c614ef431e,0.4,EUR,AD_HOC_PAYMENT,20,2025-11-19T13:00:00
FRVIAE20122089051,1b4c8df3140c49899a53d6c614ef431e,0.4,EUR,AD_HOC_PAYMENT,20,2025-11-19T13:00:00
FRVIAE10001181072,87b962cf-5c99-4812-8f03-16f2047aba80,0.525,EUR,AD_HOC_PAYMENT,20,2026-02-23T00:00:00
FRVIAE10001181071,87b962cf-5c99-4812-8f03-16f2047aba80,0.525,EUR,AD_HOC_PAYMENT,20,2026-02-23T00:00:00
FRVIAE10001232112,87b962cf-5c99-4812-8f03-16f2047aba80,0.525,EUR,AD_HOC_PAYMENT,20,2026-02-23T00:00:00
FRVIAE10001232111,87b962cf-5c99-4812-8f03-16f2047aba80,0.525,EUR,AD_HOC_PAYMENT,20,2026-02-23T00:00:00
FRVIAE10001275982,663d278c-7663-41ea-86aa-015b9a5dd8e4,0.5,EUR,AD_HOC_PAYMENT,20,2026-03-09T00:00:00
FRVIAE10001275981,663d278c-7663-41ea-86aa-015b9a5dd8e4,0.5,EUR,AD_HOC_PAYMENT,20,2026-03-09T00:00:00
FRVIAE20122239072,1b4c8df3140c49899a53d6c614ef431e,0.4,EUR,AD_HOC_PAYMENT,20,2025-11-19T13:00:00
FRVIAE20122239071,1b4c8df3140c49899a53d6c614ef431e,0.4,EUR,AD_HOC_PAYMENT,20,2025-11-19T13:00:00
FRVIAE20124001012,64cfd72818304ee28d3a875aef64d31b,0.45,EUR,AD_HOC_PAYMENT,20,2025-11-19T13:00:00
FRVIAE20124001011,64cfd72818304ee28d3a875aef64d31b,0.45,EUR,AD_HOC_PAYMENT,20,2025-11-19T13:00:00
FRVIAE10001230852,87b962cf-5c99-4812-8f03-16f2047aba80,0.525,EUR,AD_HOC_PAYMENT,20,2026-02-23T00:00:00
FRVIAE10001230851,87b962cf-5c99-4812-8f03-16f2047aba80,0.525,EUR,AD_HOC_PAYMENT,20,2026-02-23T00:00:00
FRVIAE20122063102,1b4c8df3140c49899a53d6c614ef431e,0.4,EUR,AD_HOC_PAYMENT,20,2025-11-19T13:00:00
FRVIAE20122063101,1b4c8df3140c49899a53d6c614ef431e,0.4,EUR,AD_HOC_PAYMENT,20,2025-11-19T13:00:00
FRVIAE10001231762,663d278c-7663-41ea-86aa-015b9a5dd8e4,0.5,EUR,AD_HOC_PAYMENT,20,2026-03-09T00:00:00
FRVIAE10001231761,663d278c-7663-41ea-86aa-015b9a5dd8e4,0.5,EUR,AD_HOC_PAYMENT,20,2026-03-09T00:00:00
FRVIAE20122072052,1b4c8df3140c49899a53d6c614ef431e,0.4,EUR,AD_HOC_PAYMENT,20,2025-11-19T13:00:00
FRVIAE20122072051,1b4c8df3140c49899a53d6c614ef431e,0.4,EUR,AD_HOC_PAYMENT,20,2025-11-19T13:00:00
FRVIAE20102002012,663d278c-7663-41ea-86aa-015b9a5dd8e4,0.5,EUR,AD_HOC_PAYMENT,20,2026-03-09T00:00:00
FRVIAE20102002011,663d278c-7663-41ea-86aa-015b9a5dd8e4,0.5,EUR,AD_HOC_PAYMENT,20,2026-03-09T00:00:00
FRVIAE12346339082,1b4c8df3140c49899a53d6c614ef431e,0.4,EUR,AD_HOC_PAYMENT,20,2025-11-19T13:00:00
FRVIAE12346339081,1b4c8df3140c49899a53d6c614ef431e,0.4,EUR,AD_HOC_PAYMENT,20,2025-11-19T13:00:00
FRVIAE10001333372,87b962cf-5c99-4812-8f03-16f2047aba80,0.525,EUR,AD_HOC_PAYMENT,20,2026-02-23T00:00:00
FRVIAE10001333371,87b962cf-5c99-4812-8f03-16f2047aba80,0.525,EUR,AD_HOC_PAYMENT,20,2026-02-23T00:00:00
FRVIAE10001180872,87b962cf-5c99-4812-8f03-16f2047aba80,0.525,EUR,AD_HOC_PAYMENT,20,2026-02-23T00:00:00
FRVIAE10001180871,87b962cf-5c99-4812-8f03-16f2047aba80,0.525,EUR,AD_HOC_PAYMENT,20,2026-02-23T00:00:00
FRVIAE10001225522,663d278c-7663-41ea-86aa-015b9a5dd8e4,0.5,EUR,AD_HOC_PAYMENT,20,2026-03-09T00:00:00
FRVIAE10001225521,663d278c-7663-41ea-86aa-015b9a5dd8e4,0.5,EUR,AD_HOC_PAYMENT,20,2026-03-09T00:00:00
FRVIAE20122087052,1b4c8df3140c49899a53d6c614ef431e,0.4,EUR,AD_HOC_PAYMENT,20,2025-11-19T13:00:00
FRVIAE20122087051,1b4c8df3140c49899a53d6c614ef431e,0.4,EUR,AD_HOC_PAYMENT,20,2025-11-19T13:00:00
FRVIAE20161001032,fa6213d8-d5b6-4194-9c4e-3d089601e0b6,0.458,EUR,AD_HOC_PAYMENT,20,2026-02-23T00:00:00
FRVIAE20161001031,fa6213d8-d5b6-4194-9c4e-3d089601e0b6,0.458,EUR,AD_HOC_PAYMENT,20,2026-02-23T00:00:00
FRVIAE20161004092,5ac8fc13-69bd-4238-91fc-00d74021df49,0.433,EUR,AD_HOC_PAYMENT,20,2026-02-23T00:00:00
FRVIAE20161004091,5ac8fc13-69bd-4238-91fc-00d74021df49,0.433,EUR,AD_HOC_PAYMENT,20,2026-02-23T00:00:00
FRVIAE10001393742,63b9a2fb-f35c-4dfb-bf27-4a42039521dd,0.55,EUR,AD_HOC_PAYMENT,20,2026-03-09T00:00:00
FRVIAE10001393741,63b9a2fb-f35c-4dfb-bf27-4a42039521dd,0.55,EUR,AD_HOC_PAYMENT,20,2026-03-09T00:00:00
FRVIAE12345727972,1b4c8df3140c49899a53d6c614ef431e,0.4,EUR,AD_HOC_PAYMENT,20,2025-11-19T13:00:00
FRVIAE12345727971,1b4c8df3140c49899a53d6c614ef431e,0.4,EUR,AD_HOC_PAYMENT,20,2025-11-19T13:00:00
FRVIAE10001170163,84ba7e49-a9d1-41d9-85f4-d72d875ec724,0.575,EUR,AD_HOC_PAYMENT,20,2026-03-09T00:00:00
FRVIAE10001170162,84ba7e49-a9d1-41d9-85f4-d72d875ec724,0.575,EUR,AD_HOC_PAYMENT,20,2026-03-09T00:00:00
FRVIAE10001170161,84ba7e49-a9d1-41d9-85f4-d72d875ec724,0.575,EUR,AD_HOC_PAYMENT,20,2026-03-09T00:00:00
FRVIAE10001231022,87b962cf-5c99-4812-8f03-16f2047aba80,0.525,EUR,AD_HOC_PAYMENT,20,2026-02-23T00:00:00
FRVIAE10001231021,87b962cf-5c99-4812-8f03-16f2047aba80,0.525,EUR,AD_HOC_PAYMENT,20,2026-02-23T00:00:00
FRVIAE20111101012,64cfd72818304ee28d3a875aef64d31b,0.45,EUR,AD_HOC_PAYMENT,20,2025-11-19T13:00:00
FRVIAE20111101011,64cfd72818304ee28d3a875aef64d31b,0.45,EUR,AD_HOC_PAYMENT,20,2025-11-19T13:00:00
FRVIAE10001231992,87b962cf-5c99-4812-8f03-16f2047aba80,0.525,EUR,AD_HOC_PAYMENT,20,2026-02-23T00:00:00
FRVIAE10001231991,87b962cf-5c99-4812-8f03-16f2047aba80,0.525,EUR,AD_HOC_PAYMENT,20,2026-02-23T00:00:00
FRVIAE20122082072,1b4c8df3140c49899a53d6c614ef431e,0.4,EUR,AD_HOC_PAYMENT,20,2025-11-19T13:00:00
FRVIAE20122082071,1b4c8df3140c49899a53d6c614ef431e,0.4,EUR,AD_HOC_PAYMENT,20,2025-11-19T13:00:00
FRVIAE20152003032,0b46268150cf4976ad848e9cfbe14c78,0.5,EUR,AD_HOC_PAYMENT,20,2025-11-19T13:00:00
FRVIAE20152003031,0b46268150cf4976ad848e9cfbe14c78,0.5,EUR,AD_HOC_PAYMENT,20,2025-11-19T13:00:00
FRVIAE10001444742,1b4c8df3140c49899a53d6c614ef431e,0.4,EUR,AD_HOC_PAYMENT,20,2025-11-19T13:00:00
FRVIAE10001444741,1b4c8df3140c49899a53d6c614ef431e,0.4,EUR,AD_HOC_PAYMENT,20,2025-11-19T13:00:00
FRVIAE20103001042,84ba7e49-a9d1-41d9-85f4-d72d875ec724,0.575,EUR,AD_HOC_PAYMENT,20,2026-03-09T00:00:00
FRVIAE20103001041,84ba7e49-a9d1-41d9-85f4-d72d875ec724,0.575,EUR,AD_HOC_PAYMENT,20,2026-03-09T00:00:00
FRVIAE10001231122,87b962cf-5c99-4812-8f03-16f2047aba80,0.525,EUR,AD_HOC_PAYMENT,20,2026-02-23T00:00:00
FRVIAE10001231121,87b962cf-5c99-4812-8f03-16f2047aba80,0.525,EUR,AD_HOC_PAYMENT,20,2026-02-23T00:00:00
FRVIAE20122070052,1b4c8df3140c49899a53d6c614ef431e,0.4,EUR,AD_HOC_PAYMENT,20,2025-11-19T13:00:00
FRVIAE20122070051,1b4c8df3140c49899a53d6c614ef431e,0.4,EUR,AD_HOC_PAYMENT,20,2025-11-19T13:00:00
FRVIAE10001231852,663d278c-7663-41ea-86aa-015b9a5dd8e4,0.5,EUR,AD_HOC_PAYMENT,20,2026-03-09T00:00:00
FRVIAE10001231851,663d278c-7663-41ea-86aa-015b9a5dd8e4,0.5,EUR,AD_HOC_PAYMENT,20,2026-03-09T00:00:00
FRVIAE20122101032,1b4c8df3140c49899a53d6c614ef431e,0.4,EUR,AD_HOC_PAYMENT,20,2025-11-19T13:00:00
FRVIAE20122101031,1b4c8df3140c49899a53d6c614ef431e,0.4,EUR,AD_HOC_PAYMENT,20,2025-11-19T13:00:00
FRVIAE20131003042,64cfd72818304ee28d3a875aef64d31b,0.45,EUR,AD_HOC_PAYMENT,20,2025-11-19T13:00:00
FRVIAE20131003041,64cfd72818304ee28d3a875aef64d31b,0.45,EUR,AD_HOC_PAYMENT,20,2025-11-19T13:00:00
FRVIAE20164002022,5ac8fc13-69bd-4238-91fc-00d74021df49,0.433,EUR,AD_HOC_PAYMENT,20,2026-02-23T00:00:00
FRVIAE20164002021,5ac8fc13-69bd-4238-91fc-00d74021df49,0.433,EUR,AD_HOC_PAYMENT,20,2026-02-23T00:00:00
FRVIAE12346355122,1b4c8df3140c49899a53d6c614ef431e,0.4,EUR,AD_HOC_PAYMENT,20,2025-11-19T13:00:00
FRVIAE12346355121,1b4c8df3140c49899a53d6c614ef431e,0.4,EUR,AD_HOC_PAYMENT,20,2025-11-19T13:00:00
FRVIAE12345703902,63b9a2fb-f35c-4dfb-bf27-4a42039521dd,0.55,EUR,AD_HOC_PAYMENT,20,2026-03-09T00:00:00
FRVIAE12345703901,63b9a2fb-f35c-4dfb-bf27-4a42039521dd,0.55,EUR,AD_HOC_PAYMENT,20,2026-03-09T00:00:00
FRVIAE12346030372,64cfd72818304ee28d3a875aef64d31b,0.45,EUR,AD_HOC_PAYMENT,20,2025-11-19T13:00:00
FRVIAE12346030371,64cfd72818304ee28d3a875aef64d31b,0.45,EUR,AD_HOC_PAYMENT,20,2025-11-19T13:00:00
FRVIAE20122064072,1b4c8df3140c49899a53d6c614ef431e,0.4,EUR,AD_HOC_PAYMENT,20,2025-11-19T13:00:00
FRVIAE20122064071,1b4c8df3140c49899a53d6c614ef431e,0.4,EUR,AD_HOC_PAYMENT,20,2025-11-19T13:00:00
FRVIAE12346298542,1b4c8df3140c49899a53d6c614ef431e,0.4,EUR,AD_HOC_PAYMENT,20,2025-11-19T13:00:00
FRVIAE12346298541,1b4c8df3140c49899a53d6c614ef431e,0.4,EUR,AD_HOC_PAYMENT,20,2025-11-19T13:00:00
FRVIAE20122076052,1b4c8df3140c49899a53d6c614ef431e,0.4,EUR,AD_HOC_PAYMENT,20,2025-11-19T13:00:00
FRVIAE20122076051,1b4c8df3140c49899a53d6c614ef431e,0.4,EUR,AD_HOC_PAYMENT,20,2025-11-19T13:00:00
FRVIAE20103002012,84ba7e49-a9d1-41d9-85f4-d72d875ec724,0.575,EUR,AD_HOC_PAYMENT,20,2026-03-09T00:00:00
FRVIAE20103002011,84ba7e49-a9d1-41d9-85f4-d72d875ec724,0.575,EUR,AD_HOC_PAYMENT,20,2026-03-09T00:00:00
FRVIAE10001181352,663d278c-7663-41ea-86aa-015b9a5dd8e4,0.5,EUR,AD_HOC_PAYMENT,20,2026-03-09T00:00:00
FRVIAE10001181351,663d278c-7663-41ea-86aa-015b9a5dd8e4,0.5,EUR,AD_HOC_PAYMENT,20,2026-03-09T00:00:00
FRVIAE12346141572,1b4c8df3140c49899a53d6c614ef431e,0.4,EUR,AD_HOC_PAYMENT,20,2025-11-19T13:00:00
FRVIAE12346141571,1b4c8df3140c49899a53d6c614ef431e,0.4,EUR,AD_HOC_PAYMENT,20,2025-11-19T13:00:00
FRVIAE10001276072,663d278c-7663-41ea-86aa-015b9a5dd8e4,0.5,EUR,AD_HOC_PAYMENT,20,2026-03-09T00:00:00
FRVIAE10001276071,663d278c-7663-41ea-86aa-015b9a5dd8e4,0.5,EUR,AD_HOC_PAYMENT,20,2026-03-09T00:00:00
FRVIAE10001231172,87b962cf-5c99-4812-8f03-16f2047aba80,0.525,EUR,AD_HOC_PAYMENT,20,2026-02-23T00:00:00
FRVIAE10001231171,87b962cf-5c99-4812-8f03-16f2047aba80,0.525,EUR,AD_HOC_PAYMENT,20,2026-02-23T00:00:00
FRVIAE12346378902,1b4c8df3140c49899a53d6c614ef431e,0.4,EUR,AD_HOC_PAYMENT,20,2025-11-19T13:00:00
FRVIAE12346378901,1b4c8df3140c49899a53d6c614ef431e,0.4,EUR,AD_HOC_PAYMENT,20,2025-11-19T13:00:00
FRVIAE20122168042,7e5797d5-0da9-4ea1-beb7-9e3d0fa7e71f,0.325,EUR,AD_HOC_PAYMENT,20,2025-11-19T13:00:00
FRVIAE20122168041,7e5797d5-0da9-4ea1-beb7-9e3d0fa7e71f,0.325,EUR,AD_HOC_PAYMENT,20,2025-11-19T13:00:00
FRVIAE20125001012,64cfd72818304ee28d3a875aef64d31b,0.45,EUR,AD_HOC_PAYMENT,20,2025-11-19T13:00:00
FRVIAE20125001011,64cfd72818304ee28d3a875aef64d31b,0.45,EUR,AD_HOC_PAYMENT,20,2025-11-19T13:00:00
FRVIAE20161003032,5ac8fc13-69bd-4238-91fc-00d74021df49,0.433,EUR,AD_HOC_PAYMENT,20,2026-02-23T00:00:00
FRVIAE20161003031,5ac8fc13-69bd-4238-91fc-00d74021df49,0.433,EUR,AD_HOC_PAYMENT,20,2026-02-23T00:00:00
FRVIAE20164004012,fa6213d8-d5b6-4194-9c4e-3d089601e0b6,0.458,EUR,AD_HOC_PAYMENT,20,2026-02-23T00:00:00
FRVIAE20164004011,fa6213d8-d5b6-4194-9c4e-3d089601e0b6,0.458,EUR,AD_HOC_PAYMENT,20,2026-02-23T00:00:00
FRVIAE12346030062,7e5797d5-0da9-4ea1-beb7-9e3d0fa7e71f,0.325,EUR,AD_HOC_PAYMENT,20,2025-11-19T13:00:00
FRVIAE12346030061,7e5797d5-0da9-4ea1-beb7-9e3d0fa7e71f,0.325,EUR,AD_HOC_PAYMENT,20,2025-11-19T13:00:00
FRVIAE12346219712,63b9a2fb-f35c-4dfb-bf27-4a42039521dd,0.55,EUR,AD_HOC_PAYMENT,20,2026-03-09T00:00:00
FRVIAE12346219711,63b9a2fb-f35c-4dfb-bf27-4a42039521dd,0.55,EUR,AD_HOC_PAYMENT,20,2026-03-09T00:00:00
FRVIAE10001444672,1b4c8df3140c49899a53d6c614ef431e,0.4,EUR,AD_HOC_PAYMENT,20,2025-11-19T13:00:00
FRVIAE10001444671,1b4c8df3140c49899a53d6c614ef431e,0.4,EUR,AD_HOC_PAYMENT,20,2025-11-19T13:00:00
FRVIAE10000988222,0b46268150cf4976ad848e9cfbe14c78,0.5,EUR,AD_HOC_PAYMENT,20,2025-11-19T13:00:00
FRVIAE10000988221,0b46268150cf4976ad848e9cfbe14c78,0.5,EUR,AD_HOC_PAYMENT,20,2025-11-19T13:00:00
FRVIAE10001181022,87b962cf-5c99-4812-8f03-16f2047aba80,0.525,EUR,AD_HOC_PAYMENT,20,2026-02-23T00:00:00
FRVIAE10001181021,87b962cf-5c99-4812-8f03-16f2047aba80,0.525,EUR,AD_HOC_PAYMENT,20,2026-02-23T00:00:00
FRVIAE10001453142,63b9a2fb-f35c-4dfb-bf27-4a42039521dd,0.55,EUR,AD_HOC_PAYMENT,20,2026-03-09T00:00:00
FRVIAE10001453141,63b9a2fb-f35c-4dfb-bf27-4a42039521dd,0.55,EUR,AD_HOC_PAYMENT,20,2026-03-09T00:00:00
FRVIAE12346216492,1b4c8df3140c49899a53d6c614ef431e,0.4,EUR,AD_HOC_PAYMENT,20,2025-11-19T13:00:00
FRVIAE12346216491,1b4c8df3140c49899a53d6c614ef431e,0.4,EUR,AD_HOC_PAYMENT,20,2025-11-19T13:00:00
FRVIAE12346030742,7e5797d5-0da9-4ea1-beb7-9e3d0fa7e71f,0.325,EUR,AD_HOC_PAYMENT,20,2025-11-19T13:00:00
FRVIAE12346030741,7e5797d5-0da9-4ea1-beb7-9e3d0fa7e71f,0.325,EUR,AD_HOC_PAYMENT,20,2025-11-19T13:00:00
FRVIAE20101104092,87b962cf-5c99-4812-8f03-16f2047aba80,0.525,EUR,AD_HOC_PAYMENT,20,2026-02-23T00:00:00
FRVIAE20101104091,87b962cf-5c99-4812-8f03-16f2047aba80,0.525,EUR,AD_HOC_PAYMENT,20,2026-02-23T00:00:00
FRVIAE12346431462,0b46268150cf4976ad848e9cfbe14c78,0.5,EUR,AD_HOC_PAYMENT,20,2025-11-19T13:00:00
FRVIAE12346431461,0b46268150cf4976ad848e9cfbe14c78,0.5,EUR,AD_HOC_PAYMENT,20,2025-11-19T13:00:00
FRVIAE12346373612,1b4c8df3140c49899a53d6c614ef431e,0.4,EUR,AD_HOC_PAYMENT,20,2025-11-19T13:00:00
FRVIAE12346373611,1b4c8df3140c49899a53d6c614ef431e,0.4,EUR,AD_HOC_PAYMENT,20,2025-11-19T13:00:00
FRVIAE12346225092,1b4c8df3140c49899a53d6c614ef431e,0.4,EUR,AD_HOC_PAYMENT,20,2025-11-19T13:00:00
FRVIAE12346225091,1b4c8df3140c49899a53d6c614ef431e,0.4,EUR,AD_HOC_PAYMENT,20,2025-11-19T13:00:00
FRVIAE20122084042,7e5797d5-0da9-4ea1-beb7-9e3d0fa7e71f,0.325,EUR,AD_HOC_PAYMENT,20,2025-11-19T13:00:00
FRVIAE20122084041,7e5797d5-0da9-4ea1-beb7-9e3d0fa7e71f,0.325,EUR,AD_HOC_PAYMENT,20,2025-11-19T13:00:00
FRVIAE12346431042,1b4c8df3140c49899a53d6c614ef431e,0.4,EUR,AD_HOC_PAYMENT,20,2025-11-19T13:00:00
FRVIAE12346431041,1b4c8df3140c49899a53d6c614ef431e,0.4,EUR,AD_HOC_PAYMENT,20,2025-11-19T13:00:00
FRVIAE20122071052,1b4c8df3140c49899a53d6c614ef431e,0.4,EUR,AD_HOC_PAYMENT,20,2025-11-19T13:00:00
FRVIAE20122071051,1b4c8df3140c49899a53d6c614ef431e,0.4,EUR,AD_HOC_PAYMENT,20,2025-11-19T13:00:00
FRVIAE20122097052,1b4c8df3140c49899a53d6c614ef431e,0.4,EUR,AD_HOC_PAYMENT,20,2025-11-19T13:00:00
FRVIAE20122097051,1b4c8df3140c49899a53d6c614ef431e,0.4,EUR,AD_HOC_PAYMENT,20,2025-11-19T13:00:00
FRVIAE12346402302,1b4c8df3140c49899a53d6c614ef431e,0.4,EUR,AD_HOC_PAYMENT,20,2025-11-19T13:00:00
FRVIAE12346402301,1b4c8df3140c49899a53d6c614ef431e,0.4,EUR,AD_HOC_PAYMENT,20,2025-11-19T13:00:00
FRVIAE12346030612,7e5797d5-0da9-4ea1-beb7-9e3d0fa7e71f,0.325,EUR,AD_HOC_PAYMENT,20,2025-11-19T13:00:00
FRVIAE12346030611,7e5797d5-0da9-4ea1-beb7-9e3d0fa7e71f,0.325,EUR,AD_HOC_PAYMENT,20,2025-11-19T13:00:00
FRVIAE20122058042,64cfd72818304ee28d3a875aef64d31b,0.45,EUR,AD_HOC_PAYMENT,20,2025-11-19T13:00:00
FRVIAE20122058041,64cfd72818304ee28d3a875aef64d31b,0.45,EUR,AD_HOC_PAYMENT,20,2025-11-19T13:00:00
FRVIAE10001180892,87b962cf-5c99-4812-8f03-16f2047aba80,0.525,EUR,AD_HOC_PAYMENT,20,2026-02-23T00:00:00
FRVIAE10001180891,87b962cf-5c99-4812-8f03-16f2047aba80,0.525,EUR,AD_HOC_PAYMENT,20,2026-02-23T00:00:00
FRVIAE12345724822,1b4c8df3140c49899a53d6c614ef431e,0.4,EUR,AD_HOC_PAYMENT,20,2025-11-19T13:00:00
FRVIAE12345724821,1b4c8df3140c49899a53d6c614ef431e,0.4,EUR,AD_HOC_PAYMENT,20,2025-11-19T13:00:00
FRVIAE12346281502,1b4c8df3140c49899a53d6c614ef431e,0.4,EUR,AD_HOC_PAYMENT,20,2025-11-19T13:00:00
FRVIAE12346281501,1b4c8df3140c49899a53d6c614ef431e,0.4,EUR,AD_HOC_PAYMENT,20,2025-11-19T13:00:00
FRVIAE20122092042,7e5797d5-0da9-4ea1-beb7-9e3d0fa7e71f,0.325,EUR,AD_HOC_PAYMENT,20,2025-11-19T13:00:00
FRVIAE20122092041,7e5797d5-0da9-4ea1-beb7-9e3d0fa7e71f,0.325,EUR,AD_HOC_PAYMENT,20,2025-11-19T13:00:00
FRVIAE10001444602,1b4c8df3140c49899a53d6c614ef431e,0.4,EUR,AD_HOC_PAYMENT,20,2025-11-19T13:00:00
FRVIAE10001444601,1b4c8df3140c49899a53d6c614ef431e,0.4,EUR,AD_HOC_PAYMENT,20,2025-11-19T13:00:00
FRVIAE12346329052,1b4c8df3140c49899a53d6c614ef431e,0.4,EUR,AD_HOC_PAYMENT,20,2025-11-19T13:00:00
FRVIAE12346329051,1b4c8df3140c49899a53d6c614ef431e,0.4,EUR,AD_HOC_PAYMENT,20,2025-11-19T13:00:00
FRVIAE20164006022,fa6213d8-d5b6-4194-9c4e-3d089601e0b6,0.458,EUR,AD_HOC_PAYMENT,20,2026-02-23T00:00:00
FRVIAE20164006021,fa6213d8-d5b6-4194-9c4e-3d089601e0b6,0.458,EUR,AD_HOC_PAYMENT,20,2026-02-23T00:00:00
FRVIAE12346100402,1b4c8df3140c49899a53d6c614ef431e,0.4,EUR,AD_HOC_PAYMENT,20,2025-11-19T13:00:00
FRVIAE12346100401,1b4c8df3140c49899a53d6c614ef431e,0.4,EUR,AD_HOC_PAYMENT,20,2025-11-19T13:00:00
FRVIAE20122069052,1b4c8df3140c49899a53d6c614ef431e,0.4,EUR,AD_HOC_PAYMENT,20,2025-11-19T13:00:00
FRVIAE20122069051,1b4c8df3140c49899a53d6c614ef431e,0.4,EUR,AD_HOC_PAYMENT,20,2025-11-19T13:00:00
FRVIAE10001240772,87b962cf-5c99-4812-8f03-16f2047aba80,0.525,EUR,AD_HOC_PAYMENT,20,2026-02-23T00:00:00
FRVIAE10001240771,87b962cf-5c99-4812-8f03-16f2047aba80,0.525,EUR,AD_HOC_PAYMENT,20,2026-02-23T00:00:00
FRVIAE20125004012,64cfd72818304ee28d3a875aef64d31b,0.45,EUR,AD_HOC_PAYMENT,20,2025-11-19T13:00:00
FRVIAE20125004011,64cfd72818304ee28d3a875aef64d31b,0.45,EUR,AD_HOC_PAYMENT,20,2025-11-19T13:00:00
FRVIAE20122177042,7e5797d5-0da9-4ea1-beb7-9e3d0fa7e71f,0.325,EUR,AD_HOC_PAYMENT,20,2025-11-19T13:00:00
FRVIAE20122177041,7e5797d5-0da9-4ea1-beb7-9e3d0fa7e71f,0.325,EUR,AD_HOC_PAYMENT,20,2025-11-19T13:00:00
FRVIAE20164001042,fa6213d8-d5b6-4194-9c4e-3d089601e0b6,0.458,EUR,AD_HOC_PAYMENT,20,2026-02-23T00:00:00
FRVIAE20164001041,fa6213d8-d5b6-4194-9c4e-3d089601e0b6,0.458,EUR,AD_HOC_PAYMENT,20,2026-02-23T00:00:00
FRVIAE20161010122,5ac8fc13-69bd-4238-91fc-00d74021df49,0.433,EUR,AD_HOC_PAYMENT,20,2026-02-23T00:00:00
FRVIAE20161010121,5ac8fc13-69bd-4238-91fc-00d74021df49,0.433,EUR,AD_HOC_PAYMENT,20,2026-02-23T00:00:00
FRVIAE20122080042,64cfd72818304ee28d3a875aef64d31b,0.45,EUR,AD_HOC_PAYMENT,20,2025-11-19T13:00:00
FRVIAE20122080041,64cfd72818304ee28d3a875aef64d31b,0.45,EUR,AD_HOC_PAYMENT,20,2025-11-19T13:00:00
FRVIAE10001444792,1b4c8df3140c49899a53d6c614ef431e,0.4,EUR,AD_HOC_PAYMENT,20,2025-11-19T13:00:00
FRVIAE10001444791,1b4c8df3140c49899a53d6c614ef431e,0.4,EUR,AD_HOC_PAYMENT,20,2025-11-19T13:00:00
FRVIAE10001301112,663d278c-7663-41ea-86aa-015b9a5dd8e4,0.5,EUR,AD_HOC_PAYMENT,20,2026-03-09T00:00:00
FRVIAE10001301111,663d278c-7663-41ea-86aa-015b9a5dd8e4,0.5,EUR,AD_HOC_PAYMENT,20,2026-03-09T00:00:00
FRVIAE10001181432,663d278c-7663-41ea-86aa-015b9a5dd8e4,0.5,EUR,AD_HOC_PAYMENT,20,2026-03-09T00:00:00
FRVIAE10001181431,663d278c-7663-41ea-86aa-015b9a5dd8e4,0.5,EUR,AD_HOC_PAYMENT,20,2026-03-09T00:00:00
FRVIAE12346116922,7e5797d5-0da9-4ea1-beb7-9e3d0fa7e71f,0.325,EUR,AD_HOC_PAYMENT,20,2025-11-19T13:00:00
FRVIAE12346116921,7e5797d5-0da9-4ea1-beb7-9e3d0fa7e71f,0.325,EUR,AD_HOC_PAYMENT,20,2025-11-19T13:00:00
FRVIAE12346402242,1b4c8df3140c49899a53d6c614ef431e,0.4,EUR,AD_HOC_PAYMENT,20,2025-11-19T13:00:00
FRVIAE12346402241,1b4c8df3140c49899a53d6c614ef431e,0.4,EUR,AD_HOC_PAYMENT,20,2025-11-19T13:00:00
FRVIAE12346033512,63b9a2fb-f35c-4dfb-bf27-4a42039521dd,0.55,EUR,AD_HOC_PAYMENT,20,2026-03-09T00:00:00
FRVIAE12346033511,63b9a2fb-f35c-4dfb-bf27-4a42039521dd,0.55,EUR,AD_HOC_PAYMENT,20,2026-03-09T00:00:00
FRVIAE12346031402,7e5797d5-0da9-4ea1-beb7-9e3d0fa7e71f,0.325,EUR,AD_HOC_PAYMENT,20,2025-11-19T13:00:00
FRVIAE12346031401,7e5797d5-0da9-4ea1-beb7-9e3d0fa7e71f,0.325,EUR,AD_HOC_PAYMENT,20,2025-11-19T13:00:00
FRVIAE20122025072,1b4c8df3140c49899a53d6c614ef431e,0.4,EUR,AD_HOC_PAYMENT,20,2025-11-19T13:00:00
FRVIAE20122025071,1b4c8df3140c49899a53d6c614ef431e,0.4,EUR,AD_HOC_PAYMENT,20,2025-11-19T13:00:00
FRVIAE20164012062,fa6213d8-d5b6-4194-9c4e-3d089601e0b6,0.458,EUR,AD_HOC_PAYMENT,20,2026-02-23T00:00:00
FRVIAE20164012061,fa6213d8-d5b6-4194-9c4e-3d089601e0b6,0.458,EUR,AD_HOC_PAYMENT,20,2026-02-23T00:00:00
FRVIAE20161009032,fa6213d8-d5b6-4194-9c4e-3d089601e0b6,0.458,EUR,AD_HOC_PAYMENT,20,2026-02-23T00:00:00
FRVIAE20161009031,fa6213d8-d5b6-4194-9c4e-3d089601e0b6,0.458,EUR,AD_HOC_PAYMENT,20,2026-02-23T00:00:00
FRVIAE10001454052,63b9a2fb-f35c-4dfb-bf27-4a42039521dd,0.55,EUR,AD_HOC_PAYMENT,20,2026-03-09T00:00:00
FRVIAE10001454051,63b9a2fb-f35c-4dfb-bf27-4a42039521dd,0.55,EUR,AD_HOC_PAYMENT,20,2026-03-09T00:00:00
FRVIAE20122060042,1b4c8df3140c49899a53d6c614ef431e,0.4,EUR,AD_HOC_PAYMENT,20,2025-11-19T13:00:00
FRVIAE20122060041,1b4c8df3140c49899a53d6c614ef431e,0.4,EUR,AD_HOC_PAYMENT,20,2025-11-19T13:00:00
FRVIAE20122088052,1b4c8df3140c49899a53d6c614ef431e,0.4,EUR,AD_HOC_PAYMENT,20,2025-11-19T13:00:00
FRVIAE20122088051,1b4c8df3140c49899a53d6c614ef431e,0.4,EUR,AD_HOC_PAYMENT,20,2025-11-19T13:00:00
FRVIAE20122062052,1b4c8df3140c49899a53d6c614ef431e,0.4,EUR,AD_HOC_PAYMENT,20,2025-11-19T13:00:00
FRVIAE20122062051,1b4c8df3140c49899a53d6c614ef431e,0.4,EUR,AD_HOC_PAYMENT,20,2025-11-19T13:00:00
FRVIAE10001229612,87b962cf-5c99-4812-8f03-16f2047aba80,0.525,EUR,AD_HOC_PAYMENT,20,2026-02-23T00:00:00
FRVIAE10001229611,87b962cf-5c99-4812-8f03-16f2047aba80,0.525,EUR,AD_HOC_PAYMENT,20,2026-02-23T00:00:00
FRVIAE10001181422,663d278c-7663-41ea-86aa-015b9a5dd8e4,0.5,EUR,AD_HOC_PAYMENT,20,2026-03-09T00:00:00
FRVIAE10001181421,663d278c-7663-41ea-86aa-015b9a5dd8e4,0.5,EUR,AD_HOC_PAYMENT,20,2026-03-09T00:00:00
FRVIAE20161002032,5ac8fc13-69bd-4238-91fc-00d74021df49,0.433,EUR,AD_HOC_PAYMENT,20,2026-02-23T00:00:00
FRVIAE20161002031,5ac8fc13-69bd-4238-91fc-00d74021df49,0.433,EUR,AD_HOC_PAYMENT,20,2026-02-23T00:00:00
FRVIAE10001453222,d57690eb-0476-4bdf-862a-4fd2da26302f,0.5,EUR,AD_HOC_PAYMENT,20,2026-03-09T00:00:00
FRVIAE10001453221,d57690eb-0476-4bdf-862a-4fd2da26302f,0.5,EUR,AD_HOC_PAYMENT,20,2026-03-09T00:00:00
FRVIAE10001181372,663d278c-7663-41ea-86aa-015b9a5dd8e4,0.5,EUR,AD_HOC_PAYMENT,20,2026-03-09T00:00:00
FRVIAE10001181371,663d278c-7663-41ea-86aa-015b9a5dd8e4,0.5,EUR,AD_HOC_PAYMENT,20,2026-03-09T00:00:00
FRVIAE12346063553,0f286212-cb69-4cd7-abda-c0368a02ccbf,0.325,EUR,AD_HOC_PAYMENT,20,2026-03-09T00:00:00
FRVIAE12346063552,0f286212-cb69-4cd7-abda-c0368a02ccbf,0.325,EUR,AD_HOC_PAYMENT,20,2026-03-09T00:00:00
FRVIAE12346063551,0f286212-cb69-4cd7-abda-c0368a02ccbf,0.325,EUR,AD_HOC_PAYMENT,20,2026-03-09T00:00:00
FRVIAE12346219633,0f286212-cb69-4cd7-abda-c0368a02ccbf,0.325,EUR,AD_HOC_PAYMENT,20,2026-03-09T00:00:00
FRVIAE12346219632,0f286212-cb69-4cd7-abda-c0368a02ccbf,0.325,EUR,AD_HOC_PAYMENT,20,2026-03-09T00:00:00
FRVIAE12346219631,0f286212-cb69-4cd7-abda-c0368a02ccbf,0.325,EUR,AD_HOC_PAYMENT,20,2026-03-09T00:00:00
FRVIAE12346029832,1b4c8df3140c49899a53d6c614ef431e,0.4,EUR,AD_HOC_PAYMENT,20,2025-11-19T13:00:00
FRVIAE12346029831,1b4c8df3140c49899a53d6c614ef431e,0.4,EUR,AD_HOC_PAYMENT,20,2025-11-19T13:00:00
FRVIAE20122077042,7e5797d5-0da9-4ea1-beb7-9e3d0fa7e71f,0.325,EUR,AD_HOC_PAYMENT,20,2025-11-19T13:00:00
FRVIAE20122077041,7e5797d5-0da9-4ea1-beb7-9e3d0fa7e71f,0.325,EUR,AD_HOC_PAYMENT,20,2025-11-19T13:00:00
FRVIAE12346438456,1b4c8df3140c49899a53d6c614ef431e,0.4,EUR,AD_HOC_PAYMENT,20,2025-11-19T13:00:00
FRVIAE12346438455,1b4c8df3140c49899a53d6c614ef431e,0.4,EUR,AD_HOC_PAYMENT,20,2025-11-19T13:00:00
FRVIAE12346438454,1b4c8df3140c49899a53d6c614ef431e,0.4,EUR,AD_HOC_PAYMENT,20,2025-11-19T13:00:00
FRVIAE12346438453,1b4c8df3140c49899a53d6c614ef431e,0.4,EUR,AD_HOC_PAYMENT,20,2025-11-19T13:00:00
FRVIAE12346438452,1b4c8df3140c49899a53d6c614ef431e,0.4,EUR,AD_HOC_PAYMENT,20,2025-11-19T13:00:00
FRVIAE12346438451,1b4c8df3140c49899a53d6c614ef431e,0.4,EUR,AD_HOC_PAYMENT,20,2025-11-19T13:00:00
FRVIAE10001181142,663d278c-7663-41ea-86aa-015b9a5dd8e4,0.5,EUR,AD_HOC_PAYMENT,20,2026-03-09T00:00:00
FRVIAE10001181141,663d278c-7663-41ea-86aa-015b9a5dd8e4,0.5,EUR,AD_HOC_PAYMENT,20,2026-03-09T00:00:00
FRVIAE10001169793,84ba7e49-a9d1-41d9-85f4-d72d875ec724,0.575,EUR,AD_HOC_PAYMENT,20,2026-03-09T00:00:00
FRVIAE10001169792,84ba7e49-a9d1-41d9-85f4-d72d875ec724,0.575,EUR,AD_HOC_PAYMENT,20,2026-03-09T00:00:00
FRVIAE10001169791,84ba7e49-a9d1-41d9-85f4-d72d875ec724,0.575,EUR,AD_HOC_PAYMENT,20,2026-03-09T00:00:00
FRVIAE20122091042,7e5797d5-0da9-4ea1-beb7-9e3d0fa7e71f,0.325,EUR,AD_HOC_PAYMENT,20,2025-11-19T13:00:00
FRVIAE20122091041,7e5797d5-0da9-4ea1-beb7-9e3d0fa7e71f,0.325,EUR,AD_HOC_PAYMENT,20,2025-11-19T13:00:00
FRVIAE12346029882,7e5797d5-0da9-4ea1-beb7-9e3d0fa7e71f,0.325,EUR,AD_HOC_PAYMENT,20,2025-11-19T13:00:00
FRVIAE12346029881,7e5797d5-0da9-4ea1-beb7-9e3d0fa7e71f,0.325,EUR,AD_HOC_PAYMENT,20,2025-11-19T13:00:00
FRVIAE20101103082,87b962cf-5c99-4812-8f03-16f2047aba80,0.525,EUR,AD_HOC_PAYMENT,20,2026-02-23T00:00:00
FRVIAE20101103081,87b962cf-5c99-4812-8f03-16f2047aba80,0.525,EUR,AD_HOC_PAYMENT,20,2026-02-23T00:00:00
FRVIAE12346030952,7e5797d5-0da9-4ea1-beb7-9e3d0fa7e71f,0.325,EUR,AD_HOC_PAYMENT,20,2025-11-19T13:00:00
FRVIAE12346030951,7e5797d5-0da9-4ea1-beb7-9e3d0fa7e71f,0.325,EUR,AD_HOC_PAYMENT,20,2025-11-19T13:00:00
FRVIAE10001181312,663d278c-7663-41ea-86aa-015b9a5dd8e4,0.5,EUR,AD_HOC_PAYMENT,20,2026-03-09T00:00:00
FRVIAE10001181311,663d278c-7663-41ea-86aa-015b9a5dd8e4,0.5,EUR,AD_HOC_PAYMENT,20,2026-03-09T00:00:00
FRVIAE10001444842,1b4c8df3140c49899a53d6c614ef431e,0.4,EUR,AD_HOC_PAYMENT,20,2025-11-19T13:00:00
FRVIAE10001444841,1b4c8df3140c49899a53d6c614ef431e,0.4,EUR,AD_HOC_PAYMENT,20,2025-11-19T13:00:00
FRVIAE10001345072,87b962cf-5c99-4812-8f03-16f2047aba80,0.525,EUR,AD_HOC_PAYMENT,20,2026-02-23T00:00:00
FRVIAE10001345071,87b962cf-5c99-4812-8f03-16f2047aba80,0.525,EUR,AD_HOC_PAYMENT,20,2026-02-23T00:00:00
FRVIAE12346031292,7e5797d5-0da9-4ea1-beb7-9e3d0fa7e71f,0.325,EUR,AD_HOC_PAYMENT,20,2025-11-19T13:00:00
FRVIAE12346031291,7e5797d5-0da9-4ea1-beb7-9e3d0fa7e71f,0.325,EUR,AD_HOC_PAYMENT,20,2025-11-19T13:00:00
FRVIAE20122098042,64cfd72818304ee28d3a875aef64d31b,0.45,EUR,AD_HOC_PAYMENT,20,2025-11-19T13:00:00
FRVIAE20122098041,64cfd72818304ee28d3a875aef64d31b,0.45,EUR,AD_HOC_PAYMENT,20,2025-11-19T13:00:00
FRVIAE20122181042,7e5797d5-0da9-4ea1-beb7-9e3d0fa7e71f,0.325,EUR,AD_HOC_PAYMENT,20,2025-11-19T13:00:00
FRVIAE20122181041,7e5797d5-0da9-4ea1-beb7-9e3d0fa7e71f,0.325,EUR,AD_HOC_PAYMENT,20,2025-11-19T13:00:00
FRVIAE20161005062,5ac8fc13-69bd-4238-91fc-00d74021df49,0.433,EUR,AD_HOC_PAYMENT,20,2026-02-23T00:00:00
FRVIAE20161005061,5ac8fc13-69bd-4238-91fc-00d74021df49,0.433,EUR,AD_HOC_PAYMENT,20,2026-02-23T00:00:00
FRVIAE20122089042,7e5797d5-0da9-4ea1-beb7-9e3d0fa7e71f,0.325,EUR,AD_HOC_PAYMENT,20,2025-11-19T13:00:00
FRVIAE20122089041,7e5797d5-0da9-4ea1-beb7-9e3d0fa7e71f,0.325,EUR,AD_HOC_PAYMENT,20,2025-11-19T13:00:00
FRVIAE10001181062,87b962cf-5c99-4812-8f03-16f2047aba80,0.525,EUR,AD_HOC_PAYMENT,20,2026-02-23T00:00:00
FRVIAE10001181061,87b962cf-5c99-4812-8f03-16f2047aba80,0.525,EUR,AD_HOC_PAYMENT,20,2026-02-23T00:00:00
FRVIAE10001232102,87b962cf-5c99-4812-8f03-16f2047aba80,0.525,EUR,AD_HOC_PAYMENT,20,2026-02-23T00:00:00
FRVIAE10001232101,87b962cf-5c99-4812-8f03-16f2047aba80,0.525,EUR,AD_HOC_PAYMENT,20,2026-02-23T00:00:00
FRVIAE12345703802,63b9a2fb-f35c-4dfb-bf27-4a42039521dd,0.55,EUR,AD_HOC_PAYMENT,20,2026-03-09T00:00:00
FRVIAE12345703801,63b9a2fb-f35c-4dfb-bf27-4a42039521dd,0.55,EUR,AD_HOC_PAYMENT,20,2026-03-09T00:00:00
FRVIAE10001275972,663d278c-7663-41ea-86aa-015b9a5dd8e4,0.5,EUR,AD_HOC_PAYMENT,20,2026-03-09T00:00:00
FRVIAE10001275971,663d278c-7663-41ea-86aa-015b9a5dd8e4,0.5,EUR,AD_HOC_PAYMENT,20,2026-03-09T00:00:00
FRVIAE20122239062,1b4c8df3140c49899a53d6c614ef431e,0.4,EUR,AD_HOC_PAYMENT,20,2025-11-19T13:00:00
FRVIAE20122239061,1b4c8df3140c49899a53d6c614ef431e,0.4,EUR,AD_HOC_PAYMENT,20,2025-11-19T13:00:00
FRVIAE10001230842,87b962cf-5c99-4812-8f03-16f2047aba80,0.525,EUR,AD_HOC_PAYMENT,20,2026-02-23T00:00:00
FRVIAE10001230841,87b962cf-5c99-4812-8f03-16f2047aba80,0.525,EUR,AD_HOC_PAYMENT,20,2026-02-23T00:00:00
FRVIAE20122063092,1b4c8df3140c49899a53d6c614ef431e,0.4,EUR,AD_HOC_PAYMENT,20,2025-11-19T13:00:00
FRVIAE20122063091,1b4c8df3140c49899a53d6c614ef431e,0.4,EUR,AD_HOC_PAYMENT,20,2025-11-19T13:00:00
FRVIAE10001231752,663d278c-7663-41ea-86aa-015b9a5dd8e4,0.5,EUR,AD_HOC_PAYMENT,20,2026-03-09T00:00:00
FRVIAE10001231751,663d278c-7663-41ea-86aa-015b9a5dd8e4,0.5,EUR,AD_HOC_PAYMENT,20,2026-03-09T00:00:00
FRVIAE12345954826,1b4c8df3140c49899a53d6c614ef431e,0.4,EUR,AD_HOC_PAYMENT,20,2025-11-19T13:00:00
FRVIAE12345954825,1b4c8df3140c49899a53d6c614ef431e,0.4,EUR,AD_HOC_PAYMENT,20,2025-11-19T13:00:00
FRVIAE12345954824,1b4c8df3140c49899a53d6c614ef431e,0.4,EUR,AD_HOC_PAYMENT,20,2025-11-19T13:00:00
FRVIAE12345954823,1b4c8df3140c49899a53d6c614ef431e,0.4,EUR,AD_HOC_PAYMENT,20,2025-11-19T13:00:00
FRVIAE12345954822,1b4c8df3140c49899a53d6c614ef431e,0.4,EUR,AD_HOC_PAYMENT,20,2025-11-19T13:00:00
FRVIAE12345954821,1b4c8df3140c49899a53d6c614ef431e,0.4,EUR,AD_HOC_PAYMENT,20,2025-11-19T13:00:00
FRVIAE10001169623,84ba7e49-a9d1-41d9-85f4-d72d875ec724,0.575,EUR,AD_HOC_PAYMENT,20,2026-03-09T00:00:00
FRVIAE10001169622,84ba7e49-a9d1-41d9-85f4-d72d875ec724,0.575,EUR,AD_HOC_PAYMENT,20,2026-03-09T00:00:00
FRVIAE10001169621,84ba7e49-a9d1-41d9-85f4-d72d875ec724,0.575,EUR,AD_HOC_PAYMENT,20,2026-03-09T00:00:00
FRVIAE20122072042,7e5797d5-0da9-4ea1-beb7-9e3d0fa7e71f,0.325,EUR,AD_HOC_PAYMENT,20,2025-11-19T13:00:00
FRVIAE20122072041,7e5797d5-0da9-4ea1-beb7-9e3d0fa7e71f,0.325,EUR,AD_HOC_PAYMENT,20,2025-11-19T13:00:00
FRVIAE10001476522,663d278c-7663-41ea-86aa-015b9a5dd8e4,0.5,EUR,AD_HOC_PAYMENT,20,2026-03-09T00:00:00
FRVIAE10001476521,663d278c-7663-41ea-86aa-015b9a5dd8e4,0.5,EUR,AD_HOC_PAYMENT,20,2026-03-09T00:00:00
FRVIAE10001181263,663d278c-7663-41ea-86aa-015b9a5dd8e4,0.5,EUR,AD_HOC_PAYMENT,20,2026-03-09T00:00:00
FRVIAE12346029962,7e5797d5-0da9-4ea1-beb7-9e3d0fa7e71f,0.325,EUR,AD_HOC_PAYMENT,20,2025-11-19T13:00:00
FRVIAE12346029961,7e5797d5-0da9-4ea1-beb7-9e3d0fa7e71f,0.325,EUR,AD_HOC_PAYMENT,20,2025-11-19T13:00:00
FRVIAE10001231952,87b962cf-5c99-4812-8f03-16f2047aba80,0.525,EUR,AD_HOC_PAYMENT,20,2026-02-23T00:00:00
FRVIAE10001231951,87b962cf-5c99-4812-8f03-16f2047aba80,0.525,EUR,AD_HOC_PAYMENT,20,2026-02-23T00:00:00
FRVIAE10001180852,87b962cf-5c99-4812-8f03-16f2047aba80,0.525,EUR,AD_HOC_PAYMENT,20,2026-02-23T00:00:00
FRVIAE10001180851,87b962cf-5c99-4812-8f03-16f2047aba80,0.525,EUR,AD_HOC_PAYMENT,20,2026-02-23T00:00:00
FRVIAE10001181262,663d278c-7663-41ea-86aa-015b9a5dd8e4,0.5,EUR,AD_HOC_PAYMENT,20,2026-03-09T00:00:00
FRVIAE10001181261,663d278c-7663-41ea-86aa-015b9a5dd8e4,0.5,EUR,AD_HOC_PAYMENT,20,2026-03-09T00:00:00
FRVIAE20122087042,7e5797d5-0da9-4ea1-beb7-9e3d0fa7e71f,0.325,EUR,AD_HOC_PAYMENT,20,2025-11-19T13:00:00
FRVIAE20122087041,7e5797d5-0da9-4ea1-beb7-9e3d0fa7e71f,0.325,EUR,AD_HOC_PAYMENT,20,2025-11-19T13:00:00
FRVIAE20161001022,fa6213d8-d5b6-4194-9c4e-3d089601e0b6,0.458,EUR,AD_HOC_PAYMENT,20,2026-02-23T00:00:00
FRVIAE20161001021,fa6213d8-d5b6-4194-9c4e-3d089601e0b6,0.458,EUR,AD_HOC_PAYMENT,20,2026-02-23T00:00:00
FRVIAE20161004082,5ac8fc13-69bd-4238-91fc-00d74021df49,0.433,EUR,AD_HOC_PAYMENT,20,2026-02-23T00:00:00
FRVIAE20161004081,5ac8fc13-69bd-4238-91fc-00d74021df49,0.433,EUR,AD_HOC_PAYMENT,20,2026-02-23T00:00:00
FRVIAE10001169713,84ba7e49-a9d1-41d9-85f4-d72d875ec724,0.575,EUR,AD_HOC_PAYMENT,20,2026-03-09T00:00:00
FRVIAE10001169712,84ba7e49-a9d1-41d9-85f4-d72d875ec724,0.575,EUR,AD_HOC_PAYMENT,20,2026-03-09T00:00:00
FRVIAE10001169711,84ba7e49-a9d1-41d9-85f4-d72d875ec724,0.575,EUR,AD_HOC_PAYMENT,20,2026-03-09T00:00:00
FRVIAE10001393732,63b9a2fb-f35c-4dfb-bf27-4a42039521dd,0.55,EUR,AD_HOC_PAYMENT,20,2026-03-09T00:00:00
FRVIAE10001393731,63b9a2fb-f35c-4dfb-bf27-4a42039521dd,0.55,EUR,AD_HOC_PAYMENT,20,2026-03-09T00:00:00
FRVIAE12345727952,1b4c8df3140c49899a53d6c614ef431e,0.4,EUR,AD_HOC_PAYMENT,20,2025-11-19T13:00:00
FRVIAE12345727951,1b4c8df3140c49899a53d6c614ef431e,0.4,EUR,AD_HOC_PAYMENT,20,2025-11-19T13:00:00
FRVIAE10001231012,87b962cf-5c99-4812-8f03-16f2047aba80,0.525,EUR,AD_HOC_PAYMENT,20,2026-02-23T00:00:00
FRVIAE10001231011,87b962cf-5c99-4812-8f03-16f2047aba80,0.525,EUR,AD_HOC_PAYMENT,20,2026-02-23T00:00:00
FRVIAE10001231982,87b962cf-5c99-4812-8f03-16f2047aba80,0.525,EUR,AD_HOC_PAYMENT,20,2026-02-23T00:00:00
FRVIAE10001231981,87b962cf-5c99-4812-8f03-16f2047aba80,0.525,EUR,AD_HOC_PAYMENT,20,2026-02-23T00:00:00
FRVIAE20122082062,1b4c8df3140c49899a53d6c614ef431e,0.4,EUR,AD_HOC_PAYMENT,20,2025-11-19T13:00:00
FRVIAE20122082061,1b4c8df3140c49899a53d6c614ef431e,0.4,EUR,AD_HOC_PAYMENT,20,2025-11-19T13:00:00
FRVIAE20152003022,0b46268150cf4976ad848e9cfbe14c78,0.5,EUR,AD_HOC_PAYMENT,20,2025-11-19T13:00:00
FRVIAE20152003021,0b46268150cf4976ad848e9cfbe14c78,0.5,EUR,AD_HOC_PAYMENT,20,2025-11-19T13:00:00
FRVIAE10001453922,63b9a2fb-f35c-4dfb-bf27-4a42039521dd,0.55,EUR,AD_HOC_PAYMENT,20,2026-03-09T00:00:00
FRVIAE10001453921,63b9a2fb-f35c-4dfb-bf27-4a42039521dd,0.55,EUR,AD_HOC_PAYMENT,20,2026-03-09T00:00:00
FRVIAE10001444732,1b4c8df3140c49899a53d6c614ef431e,0.4,EUR,AD_HOC_PAYMENT,20,2025-11-19T13:00:00
FRVIAE10001444731,1b4c8df3140c49899a53d6c614ef431e,0.4,EUR,AD_HOC_PAYMENT,20,2025-11-19T13:00:00
FRVIAE20103001032,84ba7e49-a9d1-41d9-85f4-d72d875ec724,0.575,EUR,AD_HOC_PAYMENT,20,2026-03-09T00:00:00
FRVIAE20103001031,84ba7e49-a9d1-41d9-85f4-d72d875ec724,0.575,EUR,AD_HOC_PAYMENT,20,2026-03-09T00:00:00
FRVIAE12345955376,1b4c8df3140c49899a53d6c614ef431e,0.4,EUR,AD_HOC_PAYMENT,20,2025-11-19T13:00:00
FRVIAE12345955375,1b4c8df3140c49899a53d6c614ef431e,0.4,EUR,AD_HOC_PAYMENT,20,2025-11-19T13:00:00
FRVIAE12345955374,1b4c8df3140c49899a53d6c614ef431e,0.4,EUR,AD_HOC_PAYMENT,20,2025-11-19T13:00:00
FRVIAE12345955373,1b4c8df3140c49899a53d6c614ef431e,0.4,EUR,AD_HOC_PAYMENT,20,2025-11-19T13:00:00
FRVIAE12345955372,1b4c8df3140c49899a53d6c614ef431e,0.4,EUR,AD_HOC_PAYMENT,20,2025-11-19T13:00:00
FRVIAE12345955371,1b4c8df3140c49899a53d6c614ef431e,0.4,EUR,AD_HOC_PAYMENT,20,2025-11-19T13:00:00
FRVIAE10001205412,65df1f1d-34c8-4886-a465-c0943f5e9ba2,0.45,EUR,AD_HOC_PAYMENT,20,2026-05-11T00:00:00
FRVIAE10001205411,65df1f1d-34c8-4886-a465-c0943f5e9ba2,0.45,EUR,AD_HOC_PAYMENT,20,2026-05-11T00:00:00
FRVIAE10001169743,84ba7e49-a9d1-41d9-85f4-d72d875ec724,0.575,EUR,AD_HOC_PAYMENT,20,2026-03-09T00:00:00
FRVIAE10001169742,84ba7e49-a9d1-41d9-85f4-d72d875ec724,0.575,EUR,AD_HOC_PAYMENT,20,2026-03-09T00:00:00
FRVIAE10001169741,84ba7e49-a9d1-41d9-85f4-d72d875ec724,0.575,EUR,AD_HOC_PAYMENT,20,2026-03-09T00:00:00
FRVIAE20122070042,7e5797d5-0da9-4ea1-beb7-9e3d0fa7e71f,0.325,EUR,AD_HOC_PAYMENT,20,2025-11-19T13:00:00
FRVIAE20122070041,7e5797d5-0da9-4ea1-beb7-9e3d0fa7e71f,0.325,EUR,AD_HOC_PAYMENT,20,2025-11-19T13:00:00
FRVIAE10001231842,663d278c-7663-41ea-86aa-015b9a5dd8e4,0.5,EUR,AD_HOC_PAYMENT,20,2026-03-09T00:00:00
FRVIAE10001231841,663d278c-7663-41ea-86aa-015b9a5dd8e4,0.5,EUR,AD_HOC_PAYMENT,20,2026-03-09T00:00:00
FRVIAE20122101022,64cfd72818304ee28d3a875aef64d31b,0.45,EUR,AD_HOC_PAYMENT,20,2025-11-19T13:00:00
FRVIAE20122101021,64cfd72818304ee28d3a875aef64d31b,0.45,EUR,AD_HOC_PAYMENT,20,2025-11-19T13:00:00
FRVIAE20131003032,64cfd72818304ee28d3a875aef64d31b,0.45,EUR,AD_HOC_PAYMENT,20,2025-11-19T13:00:00
FRVIAE20131003031,64cfd72818304ee28d3a875aef64d31b,0.45,EUR,AD_HOC_PAYMENT,20,2025-11-19T13:00:00
FRVIAE20164002012,7d814e34-8d08-4c97-82ce-5e3887f2aaaf,0.416,EUR,AD_HOC_PAYMENT,20,2026-02-23T00:00:00
FRVIAE20164002011,7d814e34-8d08-4c97-82ce-5e3887f2aaaf,0.416,EUR,AD_HOC_PAYMENT,20,2026-02-23T00:00:00
FRVIAE12346031132,7e5797d5-0da9-4ea1-beb7-9e3d0fa7e71f,0.325,EUR,AD_HOC_PAYMENT,20,2025-11-19T13:00:00
FRVIAE12346031131,7e5797d5-0da9-4ea1-beb7-9e3d0fa7e71f,0.325,EUR,AD_HOC_PAYMENT,20,2025-11-19T13:00:00
FRVIAE12345703882,63b9a2fb-f35c-4dfb-bf27-4a42039521dd,0.55,EUR,AD_HOC_PAYMENT,20,2026-03-09T00:00:00
FRVIAE12345703881,63b9a2fb-f35c-4dfb-bf27-4a42039521dd,0.55,EUR,AD_HOC_PAYMENT,20,2026-03-09T00:00:00
FRVIAE12346030302,64cfd72818304ee28d3a875aef64d31b,0.45,EUR,AD_HOC_PAYMENT,20,2025-11-19T13:00:00
FRVIAE12346030301,64cfd72818304ee28d3a875aef64d31b,0.45,EUR,AD_HOC_PAYMENT,20,2025-11-19T13:00:00
FRVIAE20122064062,1b4c8df3140c49899a53d6c614ef431e,0.4,EUR,AD_HOC_PAYMENT,20,2025-11-19T13:00:00
FRVIAE20122064061,1b4c8df3140c49899a53d6c614ef431e,0.4,EUR,AD_HOC_PAYMENT,20,2025-11-19T13:00:00
FRVIAE12346030832,7e5797d5-0da9-4ea1-beb7-9e3d0fa7e71f,0.325,EUR,AD_HOC_PAYMENT,20,2025-11-19T13:00:00
FRVIAE12346030831,7e5797d5-0da9-4ea1-beb7-9e3d0fa7e71f,0.325,EUR,AD_HOC_PAYMENT,20,2025-11-19T13:00:00
FRVIAE20122076042,7e5797d5-0da9-4ea1-beb7-9e3d0fa7e71f,0.325,EUR,AD_HOC_PAYMENT,20,2025-11-19T13:00:00
FRVIAE20122076041,7e5797d5-0da9-4ea1-beb7-9e3d0fa7e71f,0.325,EUR,AD_HOC_PAYMENT,20,2025-11-19T13:00:00
FRVIAE10001221133,84ba7e49-a9d1-41d9-85f4-d72d875ec724,0.575,EUR,AD_HOC_PAYMENT,20,2026-03-09T00:00:00
FRVIAE10001221132,84ba7e49-a9d1-41d9-85f4-d72d875ec724,0.575,EUR,AD_HOC_PAYMENT,20,2026-03-09T00:00:00
FRVIAE10001221131,84ba7e49-a9d1-41d9-85f4-d72d875ec724,0.575,EUR,AD_HOC_PAYMENT,20,2026-03-09T00:00:00
FRVIAE10001181342,663d278c-7663-41ea-86aa-015b9a5dd8e4,0.5,EUR,AD_HOC_PAYMENT,20,2026-03-09T00:00:00
FRVIAE10001181341,663d278c-7663-41ea-86aa-015b9a5dd8e4,0.5,EUR,AD_HOC_PAYMENT,20,2026-03-09T00:00:00
FRVIAE12346030022,7e5797d5-0da9-4ea1-beb7-9e3d0fa7e71f,0.325,EUR,AD_HOC_PAYMENT,20,2025-11-19T13:00:00
FRVIAE12346030021,7e5797d5-0da9-4ea1-beb7-9e3d0fa7e71f,0.325,EUR,AD_HOC_PAYMENT,20,2025-11-19T13:00:00
FRVIAE10001276032,663d278c-7663-41ea-86aa-015b9a5dd8e4,0.5,EUR,AD_HOC_PAYMENT,20,2026-03-09T00:00:00
FRVIAE10001276031,663d278c-7663-41ea-86aa-015b9a5dd8e4,0.5,EUR,AD_HOC_PAYMENT,20,2026-03-09T00:00:00
FRVIAE10001181513,663d278c-7663-41ea-86aa-015b9a5dd8e4,0.5,EUR,AD_HOC_PAYMENT,20,2026-03-09T00:00:00
FRVIAE10001231162,87b962cf-5c99-4812-8f03-16f2047aba80,0.525,EUR,AD_HOC_PAYMENT,20,2026-02-23T00:00:00
FRVIAE10001231161,87b962cf-5c99-4812-8f03-16f2047aba80,0.525,EUR,AD_HOC_PAYMENT,20,2026-02-23T00:00:00
FRVIAE12346031362,7e5797d5-0da9-4ea1-beb7-9e3d0fa7e71f,0.325,EUR,AD_HOC_PAYMENT,20,2025-11-19T13:00:00
FRVIAE12346031361,7e5797d5-0da9-4ea1-beb7-9e3d0fa7e71f,0.325,EUR,AD_HOC_PAYMENT,20,2025-11-19T13:00:00
FRVIAE20122168032,7e5797d5-0da9-4ea1-beb7-9e3d0fa7e71f,0.325,EUR,AD_HOC_PAYMENT,20,2025-11-19T13:00:00
FRVIAE20122168031,7e5797d5-0da9-4ea1-beb7-9e3d0fa7e71f,0.325,EUR,AD_HOC_PAYMENT,20,2025-11-19T13:00:00
FRVIAE20161003022,5ac8fc13-69bd-4238-91fc-00d74021df49,0.433,EUR,AD_HOC_PAYMENT,20,2026-02-23T00:00:00
FRVIAE20161003021,5ac8fc13-69bd-4238-91fc-00d74021df49,0.433,EUR,AD_HOC_PAYMENT,20,2026-02-23T00:00:00
FRVIAE12346030052,7e5797d5-0da9-4ea1-beb7-9e3d0fa7e71f,0.325,EUR,AD_HOC_PAYMENT,20,2025-11-19T13:00:00
FRVIAE12346030051,7e5797d5-0da9-4ea1-beb7-9e3d0fa7e71f,0.325,EUR,AD_HOC_PAYMENT,20,2025-11-19T13:00:00
FRVIAE12346219702,63b9a2fb-f35c-4dfb-bf27-4a42039521dd,0.55,EUR,AD_HOC_PAYMENT,20,2026-03-09T00:00:00
FRVIAE12346219701,63b9a2fb-f35c-4dfb-bf27-4a42039521dd,0.55,EUR,AD_HOC_PAYMENT,20,2026-03-09T00:00:00
FRVIAE10001444662,1b4c8df3140c49899a53d6c614ef431e,0.4,EUR,AD_HOC_PAYMENT,20,2025-11-19T13:00:00
FRVIAE10001444661,1b4c8df3140c49899a53d6c614ef431e,0.4,EUR,AD_HOC_PAYMENT,20,2025-11-19T13:00:00
FRVIAE10000988212,0b46268150cf4976ad848e9cfbe14c78,0.5,EUR,AD_HOC_PAYMENT,20,2025-11-19T13:00:00
FRVIAE10000988211,0b46268150cf4976ad848e9cfbe14c78,0.5,EUR,AD_HOC_PAYMENT,20,2025-11-19T13:00:00
FRVIAE10001181002,87b962cf-5c99-4812-8f03-16f2047aba80,0.525,EUR,AD_HOC_PAYMENT,20,2026-02-23T00:00:00
FRVIAE10001181001,87b962cf-5c99-4812-8f03-16f2047aba80,0.525,EUR,AD_HOC_PAYMENT,20,2026-02-23T00:00:00
FRVIAE10001453132,63b9a2fb-f35c-4dfb-bf27-4a42039521dd,0.55,EUR,AD_HOC_PAYMENT,20,2026-03-09T00:00:00
FRVIAE10001453131,63b9a2fb-f35c-4dfb-bf27-4a42039521dd,0.55,EUR,AD_HOC_PAYMENT,20,2026-03-09T00:00:00
FRVIAE12346216482,1b4c8df3140c49899a53d6c614ef431e,0.4,EUR,AD_HOC_PAYMENT,20,2025-11-19T13:00:00
FRVIAE12346216481,1b4c8df3140c49899a53d6c614ef431e,0.4,EUR,AD_HOC_PAYMENT,20,2025-11-19T13:00:00
FRVIAE12346030472,7e5797d5-0da9-4ea1-beb7-9e3d0fa7e71f,0.325,EUR,AD_HOC_PAYMENT,20,2025-11-19T13:00:00
FRVIAE12346030471,7e5797d5-0da9-4ea1-beb7-9e3d0fa7e71f,0.325,EUR,AD_HOC_PAYMENT,20,2025-11-19T13:00:00
FRVIAE20101104082,87b962cf-5c99-4812-8f03-16f2047aba80,0.525,EUR,AD_HOC_PAYMENT,20,2026-02-23T00:00:00
FRVIAE20101104081,87b962cf-5c99-4812-8f03-16f2047aba80,0.525,EUR,AD_HOC_PAYMENT,20,2026-02-23T00:00:00
FRVIAE10001169863,64cfd72818304ee28d3a875aef64d31b,0.45,EUR,AD_HOC_PAYMENT,20,2025-11-19T13:00:00
FRVIAE10001169862,64cfd72818304ee28d3a875aef64d31b,0.45,EUR,AD_HOC_PAYMENT,20,2025-11-19T13:00:00
FRVIAE10001169861,64cfd72818304ee28d3a875aef64d31b,0.45,EUR,AD_HOC_PAYMENT,20,2025-11-19T13:00:00
FRVIAE12346431452,0b46268150cf4976ad848e9cfbe14c78,0.5,EUR,AD_HOC_PAYMENT,20,2025-11-19T13:00:00
FRVIAE12346431451,0b46268150cf4976ad848e9cfbe14c78,0.5,EUR,AD_HOC_PAYMENT,20,2025-11-19T13:00:00
FRVIAE12346031032,7e5797d5-0da9-4ea1-beb7-9e3d0fa7e71f,0.325,EUR,AD_HOC_PAYMENT,20,2025-11-19T13:00:00
FRVIAE12346031031,7e5797d5-0da9-4ea1-beb7-9e3d0fa7e71f,0.325,EUR,AD_HOC_PAYMENT,20,2025-11-19T13:00:00
FRVIAE12346031342,7e5797d5-0da9-4ea1-beb7-9e3d0fa7e71f,0.325,EUR,AD_HOC_PAYMENT,20,2025-11-19T13:00:00
FRVIAE12346031341,7e5797d5-0da9-4ea1-beb7-9e3d0fa7e71f,0.325,EUR,AD_HOC_PAYMENT,20,2025-11-19T13:00:00
FRVIAE20122084032,7e5797d5-0da9-4ea1-beb7-9e3d0fa7e71f,0.325,EUR,AD_HOC_PAYMENT,20,2025-11-19T13:00:00
FRVIAE20122084031,7e5797d5-0da9-4ea1-beb7-9e3d0fa7e71f,0.325,EUR,AD_HOC_PAYMENT,20,2025-11-19T13:00:00
FRVIAE12346031142,7e5797d5-0da9-4ea1-beb7-9e3d0fa7e71f,0.325,EUR,AD_HOC_PAYMENT,20,2025-11-19T13:00:00
FRVIAE12346031141,7e5797d5-0da9-4ea1-beb7-9e3d0fa7e71f,0.325,EUR,AD_HOC_PAYMENT,20,2025-11-19T13:00:00
FRVIAE20122071042,7e5797d5-0da9-4ea1-beb7-9e3d0fa7e71f,0.325,EUR,AD_HOC_PAYMENT,20,2025-11-19T13:00:00
FRVIAE20122071041,7e5797d5-0da9-4ea1-beb7-9e3d0fa7e71f,0.325,EUR,AD_HOC_PAYMENT,20,2025-11-19T13:00:00
FRVIAE20122097042,7e5797d5-0da9-4ea1-beb7-9e3d0fa7e71f,0.325,EUR,AD_HOC_PAYMENT,20,2025-11-19T13:00:00
FRVIAE20122097041,7e5797d5-0da9-4ea1-beb7-9e3d0fa7e71f,0.325,EUR,AD_HOC_PAYMENT,20,2025-11-19T13:00:00
FRVIAE12346031092,64cfd72818304ee28d3a875aef64d31b,0.45,EUR,AD_HOC_PAYMENT,20,2025-11-19T13:00:00
FRVIAE12346031091,64cfd72818304ee28d3a875aef64d31b,0.45,EUR,AD_HOC_PAYMENT,20,2025-11-19T13:00:00
FRVIAE12346030602,7e5797d5-0da9-4ea1-beb7-9e3d0fa7e71f,0.325,EUR,AD_HOC_PAYMENT,20,2025-11-19T13:00:00
FRVIAE12346030601,7e5797d5-0da9-4ea1-beb7-9e3d0fa7e71f,0.325,EUR,AD_HOC_PAYMENT,20,2025-11-19T13:00:00
FRVIAE20122058032,64cfd72818304ee28d3a875aef64d31b,0.45,EUR,AD_HOC_PAYMENT,20,2025-11-19T13:00:00
FRVIAE20122058031,64cfd72818304ee28d3a875aef64d31b,0.45,EUR,AD_HOC_PAYMENT,20,2025-11-19T13:00:00
FRVIAE10001180862,87b962cf-5c99-4812-8f03-16f2047aba80,0.525,EUR,AD_HOC_PAYMENT,20,2026-02-23T00:00:00
FRVIAE10001180861,87b962cf-5c99-4812-8f03-16f2047aba80,0.525,EUR,AD_HOC_PAYMENT,20,2026-02-23T00:00:00
FRVIAE12345724812,1b4c8df3140c49899a53d6c614ef431e,0.4,EUR,AD_HOC_PAYMENT,20,2025-11-19T13:00:00
FRVIAE12345724811,1b4c8df3140c49899a53d6c614ef431e,0.4,EUR,AD_HOC_PAYMENT,20,2025-11-19T13:00:00
FRVIAE12346030262,7e5797d5-0da9-4ea1-beb7-9e3d0fa7e71f,0.325,EUR,AD_HOC_PAYMENT,20,2025-11-19T13:00:00
FRVIAE12346030261,7e5797d5-0da9-4ea1-beb7-9e3d0fa7e71f,0.325,EUR,AD_HOC_PAYMENT,20,2025-11-19T13:00:00
FRVIAE20122092032,7e5797d5-0da9-4ea1-beb7-9e3d0fa7e71f,0.325,EUR,AD_HOC_PAYMENT,20,2025-11-19T13:00:00
FRVIAE20122092031,7e5797d5-0da9-4ea1-beb7-9e3d0fa7e71f,0.325,EUR,AD_HOC_PAYMENT,20,2025-11-19T13:00:00
FRVIAE10001444592,1b4c8df3140c49899a53d6c614ef431e,0.4,EUR,AD_HOC_PAYMENT,20,2025-11-19T13:00:00
FRVIAE10001444591,1b4c8df3140c49899a53d6c614ef431e,0.4,EUR,AD_HOC_PAYMENT,20,2025-11-19T13:00:00
FRVIAE12346030272,7e5797d5-0da9-4ea1-beb7-9e3d0fa7e71f,0.325,EUR,AD_HOC_PAYMENT,20,2025-11-19T13:00:00
FRVIAE12346030271,7e5797d5-0da9-4ea1-beb7-9e3d0fa7e71f,0.325,EUR,AD_HOC_PAYMENT,20,2025-11-19T13:00:00
FRVIAE10001169543,84ba7e49-a9d1-41d9-85f4-d72d875ec724,0.575,EUR,AD_HOC_PAYMENT,20,2026-03-09T00:00:00
FRVIAE10001169542,84ba7e49-a9d1-41d9-85f4-d72d875ec724,0.575,EUR,AD_HOC_PAYMENT,20,2026-03-09T00:00:00
FRVIAE10001169541,84ba7e49-a9d1-41d9-85f4-d72d875ec724,0.575,EUR,AD_HOC_PAYMENT,20,2026-03-09T00:00:00
FRVIAE20164006012,7d814e34-8d08-4c97-82ce-5e3887f2aaaf,0.416,EUR,AD_HOC_PAYMENT,20,2026-02-23T00:00:00
FRVIAE20164006011,7d814e34-8d08-4c97-82ce-5e3887f2aaaf,0.416,EUR,AD_HOC_PAYMENT,20,2026-02-23T00:00:00
FRVIAE20122093016,1b4c8df3140c49899a53d6c614ef431e,0.4,EUR,AD_HOC_PAYMENT,20,2025-11-19T13:00:00
FRVIAE20122093015,1b4c8df3140c49899a53d6c614ef431e,0.4,EUR,AD_HOC_PAYMENT,20,2025-11-19T13:00:00
FRVIAE20122093014,1b4c8df3140c49899a53d6c614ef431e,0.4,EUR,AD_HOC_PAYMENT,20,2025-11-19T13:00:00
FRVIAE20122093013,1b4c8df3140c49899a53d6c614ef431e,0.4,EUR,AD_HOC_PAYMENT,20,2025-11-19T13:00:00
FRVIAE20122093012,1b4c8df3140c49899a53d6c614ef431e,0.4,EUR,AD_HOC_PAYMENT,20,2025-11-19T13:00:00
FRVIAE20122093011,1b4c8df3140c49899a53d6c614ef431e,0.4,EUR,AD_HOC_PAYMENT,20,2025-11-19T13:00:00
FRVIAE12346029922,1b4c8df3140c49899a53d6c614ef431e,0.4,EUR,AD_HOC_PAYMENT,20,2025-11-19T13:00:00
FRVIAE12346029921,1b4c8df3140c49899a53d6c614ef431e,0.4,EUR,AD_HOC_PAYMENT,20,2025-11-19T13:00:00
FRVIAE10001301083,84ba7e49-a9d1-41d9-85f4-d72d875ec724,0.575,EUR,AD_HOC_PAYMENT,20,2026-03-09T00:00:00
FRVIAE10001301082,84ba7e49-a9d1-41d9-85f4-d72d875ec724,0.575,EUR,AD_HOC_PAYMENT,20,2026-03-09T00:00:00
FRVIAE10001301081,84ba7e49-a9d1-41d9-85f4-d72d875ec724,0.575,EUR,AD_HOC_PAYMENT,20,2026-03-09T00:00:00
FRVIAE20122069042,64cfd72818304ee28d3a875aef64d31b,0.45,EUR,AD_HOC_PAYMENT,20,2025-11-19T13:00:00
FRVIAE20122069041,64cfd72818304ee28d3a875aef64d31b,0.45,EUR,AD_HOC_PAYMENT,20,2025-11-19T13:00:00
FRVIAE10001240762,87b962cf-5c99-4812-8f03-16f2047aba80,0.525,EUR,AD_HOC_PAYMENT,20,2026-02-23T00:00:00
FRVIAE10001240761,87b962cf-5c99-4812-8f03-16f2047aba80,0.525,EUR,AD_HOC_PAYMENT,20,2026-02-23T00:00:00
FRVIAE10001475722,63b9a2fb-f35c-4dfb-bf27-4a42039521dd,0.55,EUR,AD_HOC_PAYMENT,20,2026-03-09T00:00:00
FRVIAE10001475721,63b9a2fb-f35c-4dfb-bf27-4a42039521dd,0.55,EUR,AD_HOC_PAYMENT,20,2026-03-09T00:00:00
FRVIAE20122177032,7e5797d5-0da9-4ea1-beb7-9e3d0fa7e71f,0.325,EUR,AD_HOC_PAYMENT,20,2025-11-19T13:00:00
FRVIAE20122177031,7e5797d5-0da9-4ea1-beb7-9e3d0fa7e71f,0.325,EUR,AD_HOC_PAYMENT,20,2025-11-19T13:00:00
FRVIAE20164001032,fa6213d8-d5b6-4194-9c4e-3d089601e0b6,0.458,EUR,AD_HOC_PAYMENT,20,2026-02-23T00:00:00
FRVIAE20164001031,fa6213d8-d5b6-4194-9c4e-3d089601e0b6,0.458,EUR,AD_HOC_PAYMENT,20,2026-02-23T00:00:00
FRVIAE20161010112,5ac8fc13-69bd-4238-91fc-00d74021df49,0.433,EUR,AD_HOC_PAYMENT,20,2026-02-23T00:00:00
FRVIAE20161010111,5ac8fc13-69bd-4238-91fc-00d74021df49,0.433,EUR,AD_HOC_PAYMENT,20,2026-02-23T00:00:00
FRVIAE20122080032,64cfd72818304ee28d3a875aef64d31b,0.45,EUR,AD_HOC_PAYMENT,20,2025-11-19T13:00:00
FRVIAE20122080031,64cfd72818304ee28d3a875aef64d31b,0.45,EUR,AD_HOC_PAYMENT,20,2025-11-19T13:00:00
FRVIAE10001444782,1b4c8df3140c49899a53d6c614ef431e,0.4,EUR,AD_HOC_PAYMENT,20,2025-11-19T13:00:00
FRVIAE10001444781,1b4c8df3140c49899a53d6c614ef431e,0.4,EUR,AD_HOC_PAYMENT,20,2025-11-19T13:00:00
FRVIAE10001181512,663d278c-7663-41ea-86aa-015b9a5dd8e4,0.5,EUR,AD_HOC_PAYMENT,20,2026-03-09T00:00:00
FRVIAE10001181511,663d278c-7663-41ea-86aa-015b9a5dd8e4,0.5,EUR,AD_HOC_PAYMENT,20,2026-03-09T00:00:00
FRVIAE10001181233,663d278c-7663-41ea-86aa-015b9a5dd8e4,0.5,EUR,AD_HOC_PAYMENT,20,2026-03-09T00:00:00
FRVIAE10001181232,663d278c-7663-41ea-86aa-015b9a5dd8e4,0.5,EUR,AD_HOC_PAYMENT,20,2026-03-09T00:00:00
FRVIAE10001181231,663d278c-7663-41ea-86aa-015b9a5dd8e4,0.5,EUR,AD_HOC_PAYMENT,20,2026-03-09T00:00:00
FRVIAE10001181243,663d278c-7663-41ea-86aa-015b9a5dd8e4,0.5,EUR,AD_HOC_PAYMENT,20,2026-03-09T00:00:00
FRVIAE12346116912,7e5797d5-0da9-4ea1-beb7-9e3d0fa7e71f,0.325,EUR,AD_HOC_PAYMENT,20,2025-11-19T13:00:00
FRVIAE12346116911,7e5797d5-0da9-4ea1-beb7-9e3d0fa7e71f,0.325,EUR,AD_HOC_PAYMENT,20,2025-11-19T13:00:00
FRVIAE12346402232,1b4c8df3140c49899a53d6c614ef431e,0.4,EUR,AD_HOC_PAYMENT,20,2025-11-19T13:00:00
FRVIAE12346402231,1b4c8df3140c49899a53d6c614ef431e,0.4,EUR,AD_HOC_PAYMENT,20,2025-11-19T13:00:00
FRVIAE12346033502,63b9a2fb-f35c-4dfb-bf27-4a42039521dd,0.55,EUR,AD_HOC_PAYMENT,20,2026-03-09T00:00:00
FRVIAE12346033501,63b9a2fb-f35c-4dfb-bf27-4a42039521dd,0.55,EUR,AD_HOC_PAYMENT,20,2026-03-09T00:00:00
FRVIAE12346031392,7e5797d5-0da9-4ea1-beb7-9e3d0fa7e71f,0.325,EUR,AD_HOC_PAYMENT,20,2025-11-19T13:00:00
FRVIAE12346031391,7e5797d5-0da9-4ea1-beb7-9e3d0fa7e71f,0.325,EUR,AD_HOC_PAYMENT,20,2025-11-19T13:00:00
FRVIAE20122025062,1b4c8df3140c49899a53d6c614ef431e,0.4,EUR,AD_HOC_PAYMENT,20,2025-11-19T13:00:00
FRVIAE20122025061,1b4c8df3140c49899a53d6c614ef431e,0.4,EUR,AD_HOC_PAYMENT,20,2025-11-19T13:00:00
FRVIAE20164012052,fa6213d8-d5b6-4194-9c4e-3d089601e0b6,0.458,EUR,AD_HOC_PAYMENT,20,2026-02-23T00:00:00
FRVIAE20164012051,fa6213d8-d5b6-4194-9c4e-3d089601e0b6,0.458,EUR,AD_HOC_PAYMENT,20,2026-02-23T00:00:00
FRVIAE20161009022,fa6213d8-d5b6-4194-9c4e-3d089601e0b6,0.458,EUR,AD_HOC_PAYMENT,20,2026-02-23T00:00:00
FRVIAE20161009021,fa6213d8-d5b6-4194-9c4e-3d089601e0b6,0.458,EUR,AD_HOC_PAYMENT,20,2026-02-23T00:00:00
FRVIAE10001454032,63b9a2fb-f35c-4dfb-bf27-4a42039521dd,0.55,EUR,AD_HOC_PAYMENT,20,2026-03-09T00:00:00
FRVIAE10001454031,63b9a2fb-f35c-4dfb-bf27-4a42039521dd,0.55,EUR,AD_HOC_PAYMENT,20,2026-03-09T00:00:00
FRVIAE20122060032,1b4c8df3140c49899a53d6c614ef431e,0.4,EUR,AD_HOC_PAYMENT,20,2025-11-19T13:00:00
FRVIAE20122060031,1b4c8df3140c49899a53d6c614ef431e,0.4,EUR,AD_HOC_PAYMENT,20,2025-11-19T13:00:00
FRVIAE20122088042,7e5797d5-0da9-4ea1-beb7-9e3d0fa7e71f,0.325,EUR,AD_HOC_PAYMENT,20,2025-11-19T13:00:00
FRVIAE20122088041,7e5797d5-0da9-4ea1-beb7-9e3d0fa7e71f,0.325,EUR,AD_HOC_PAYMENT,20,2025-11-19T13:00:00
FRVIAE12346063462,63b9a2fb-f35c-4dfb-bf27-4a42039521dd,0.55,EUR,AD_HOC_PAYMENT,20,2026-03-09T00:00:00
FRVIAE12346063461,63b9a2fb-f35c-4dfb-bf27-4a42039521dd,0.55,EUR,AD_HOC_PAYMENT,20,2026-03-09T00:00:00
FRVIAE20122062042,64cfd72818304ee28d3a875aef64d31b,0.45,EUR,AD_HOC_PAYMENT,20,2025-11-19T13:00:00
FRVIAE20122062041,64cfd72818304ee28d3a875aef64d31b,0.45,EUR,AD_HOC_PAYMENT,20,2025-11-19T13:00:00
FRVIAE10001169963,84ba7e49-a9d1-41d9-85f4-d72d875ec724,0.575,EUR,AD_HOC_PAYMENT,20,2026-03-09T00:00:00
FRVIAE10001169962,84ba7e49-a9d1-41d9-85f4-d72d875ec724,0.575,EUR,AD_HOC_PAYMENT,20,2026-03-09T00:00:00
FRVIAE10001169961,84ba7e49-a9d1-41d9-85f4-d72d875ec724,0.575,EUR,AD_HOC_PAYMENT,20,2026-03-09T00:00:00
FRVIAE10001170133,84ba7e49-a9d1-41d9-85f4-d72d875ec724,0.575,EUR,AD_HOC_PAYMENT,20,2026-03-09T00:00:00
FRVIAE10001170132,84ba7e49-a9d1-41d9-85f4-d72d875ec724,0.575,EUR,AD_HOC_PAYMENT,20,2026-03-09T00:00:00
FRVIAE10001170131,84ba7e49-a9d1-41d9-85f4-d72d875ec724,0.575,EUR,AD_HOC_PAYMENT,20,2026-03-09T00:00:00
FRVIAE10001229602,87b962cf-5c99-4812-8f03-16f2047aba80,0.525,EUR,AD_HOC_PAYMENT,20,2026-02-23T00:00:00
FRVIAE10001229601,87b962cf-5c99-4812-8f03-16f2047aba80,0.525,EUR,AD_HOC_PAYMENT,20,2026-02-23T00:00:00
FRVIAE10001170063,48b30eb5-5751-41d6-aeb6-80e1ecd57409,0.5,EUR,AD_HOC_PAYMENT,20,2026-03-09T00:00:00
FRVIAE10001170062,48b30eb5-5751-41d6-aeb6-80e1ecd57409,0.5,EUR,AD_HOC_PAYMENT,20,2026-03-09T00:00:00
FRVIAE10001170061,48b30eb5-5751-41d6-aeb6-80e1ecd57409,0.5,EUR,AD_HOC_PAYMENT,20,2026-03-09T00:00:00
FRVIAE10001181242,663d278c-7663-41ea-86aa-015b9a5dd8e4,0.5,EUR,AD_HOC_PAYMENT,20,2026-03-09T00:00:00
FRVIAE10001181241,663d278c-7663-41ea-86aa-015b9a5dd8e4,0.5,EUR,AD_HOC_PAYMENT,20,2026-03-09T00:00:00
FRVIAE10001169703,84ba7e49-a9d1-41d9-85f4-d72d875ec724,0.575,EUR,AD_HOC_PAYMENT,20,2026-03-09T00:00:00
FRVIAE10001169702,84ba7e49-a9d1-41d9-85f4-d72d875ec724,0.575,EUR,AD_HOC_PAYMENT,20,2026-03-09T00:00:00
FRVIAE10001169701,84ba7e49-a9d1-41d9-85f4-d72d875ec724,0.575,EUR,AD_HOC_PAYMENT,20,2026-03-09T00:00:00
FRVIAE10001170213,84ba7e49-a9d1-41d9-85f4-d72d875ec724,0.575,EUR,AD_HOC_PAYMENT,20,2026-03-09T00:00:00
FRVIAE10001170212,84ba7e49-a9d1-41d9-85f4-d72d875ec724,0.575,EUR,AD_HOC_PAYMENT,20,2026-03-09T00:00:00
FRVIAE10001170211,84ba7e49-a9d1-41d9-85f4-d72d875ec724,0.575,EUR,AD_HOC_PAYMENT,20,2026-03-09T00:00:00
FRVIAE12345951848,1b4c8df3140c49899a53d6c614ef431e,0.4,EUR,AD_HOC_PAYMENT,20,2025-11-19T13:00:00
FRVIAE12345951847,1b4c8df3140c49899a53d6c614ef431e,0.4,EUR,AD_HOC_PAYMENT,20,2025-11-19T13:00:00
FRVIAE12345951846,1b4c8df3140c49899a53d6c614ef431e,0.4,EUR,AD_HOC_PAYMENT,20,2025-11-19T13:00:00
FRVIAE12345951845,1b4c8df3140c49899a53d6c614ef431e,0.4,EUR,AD_HOC_PAYMENT,20,2025-11-19T13:00:00
FRVIAE12345951844,1b4c8df3140c49899a53d6c614ef431e,0.4,EUR,AD_HOC_PAYMENT,20,2025-11-19T13:00:00
FRVIAE12345951843,1b4c8df3140c49899a53d6c614ef431e,0.4,EUR,AD_HOC_PAYMENT,20,2025-11-19T13:00:00
FRVIAE12345951842,1b4c8df3140c49899a53d6c614ef431e,0.4,EUR,AD_HOC_PAYMENT,20,2025-11-19T13:00:00
FRVIAE12345951841,1b4c8df3140c49899a53d6c614ef431e,0.4,EUR,AD_HOC_PAYMENT,20,2025-11-19T13:00:00
FRVIAE10001453952,63b9a2fb-f35c-4dfb-bf27-4a42039521dd,0.55,EUR,AD_HOC_PAYMENT,20,2026-03-09T00:00:00
FRVIAE10001453951,63b9a2fb-f35c-4dfb-bf27-4a42039521dd,0.55,EUR,AD_HOC_PAYMENT,20,2026-03-09T00:00:00
FRVIAE20161002022,5ac8fc13-69bd-4238-91fc-00d74021df49,0.433,EUR,AD_HOC_PAYMENT,20,2026-02-23T00:00:00
FRVIAE20161002021,5ac8fc13-69bd-4238-91fc-00d74021df49,0.433,EUR,AD_HOC_PAYMENT,20,2026-02-23T00:00:00
FRVIAE10001453203,d57690eb-0476-4bdf-862a-4fd2da26302f,0.5,EUR,AD_HOC_PAYMENT,20,2026-03-09T00:00:00
FRVIAE10001453202,7e5797d5-0da9-4ea1-beb7-9e3d0fa7e71f,0.325,EUR,AD_HOC_PAYMENT,20,2025-11-19T13:00:00
FRVIAE10001453201,d57690eb-0476-4bdf-862a-4fd2da26302f,0.5,EUR,AD_HOC_PAYMENT,20,2026-03-09T00:00:00
FRVIAE10001170093,84ba7e49-a9d1-41d9-85f4-d72d875ec724,0.575,EUR,AD_HOC_PAYMENT,20,2026-03-09T00:00:00
FRVIAE10001170092,84ba7e49-a9d1-41d9-85f4-d72d875ec724,0.575,EUR,AD_HOC_PAYMENT,20,2026-03-09T00:00:00
FRVIAE10001170091,84ba7e49-a9d1-41d9-85f4-d72d875ec724,0.575,EUR,AD_HOC_PAYMENT,20,2026-03-09T00:00:00
FRVIAE10001181322,663d278c-7663-41ea-86aa-015b9a5dd8e4,0.5,EUR,AD_HOC_PAYMENT,20,2026-03-09T00:00:00
FRVIAE10001181321,663d278c-7663-41ea-86aa-015b9a5dd8e4,0.5,EUR,AD_HOC_PAYMENT,20,2026-03-09T00:00:00
FRVIAE12346029822,1b4c8df3140c49899a53d6c614ef431e,0.4,EUR,AD_HOC_PAYMENT,20,2025-11-19T13:00:00
FRVIAE12346029821,1b4c8df3140c49899a53d6c614ef431e,0.4,EUR,AD_HOC_PAYMENT,20,2025-11-19T13:00:00
FRVIAE20122077032,7e5797d5-0da9-4ea1-beb7-9e3d0fa7e71f,0.325,EUR,AD_HOC_PAYMENT,20,2025-11-19T13:00:00
FRVIAE20122077031,7e5797d5-0da9-4ea1-beb7-9e3d0fa7e71f,0.325,EUR,AD_HOC_PAYMENT,20,2025-11-19T13:00:00
FRVIAE10001181132,663d278c-7663-41ea-86aa-015b9a5dd8e4,0.5,EUR,AD_HOC_PAYMENT,20,2026-03-09T00:00:00
FRVIAE10001181131,663d278c-7663-41ea-86aa-015b9a5dd8e4,0.5,EUR,AD_HOC_PAYMENT,20,2026-03-09T00:00:00
FRVIAE10001181273,663d278c-7663-41ea-86aa-015b9a5dd8e4,0.5,EUR,AD_HOC_PAYMENT,20,2026-03-09T00:00:00
FRVIAE20122091032,7e5797d5-0da9-4ea1-beb7-9e3d0fa7e71f,0.325,EUR,AD_HOC_PAYMENT,20,2025-11-19T13:00:00
FRVIAE20122091031,7e5797d5-0da9-4ea1-beb7-9e3d0fa7e71f,0.325,EUR,AD_HOC_PAYMENT,20,2025-11-19T13:00:00
FRVIAE12346029872,7e5797d5-0da9-4ea1-beb7-9e3d0fa7e71f,0.325,EUR,AD_HOC_PAYMENT,20,2025-11-19T13:00:00
FRVIAE12346029871,7e5797d5-0da9-4ea1-beb7-9e3d0fa7e71f,0.325,EUR,AD_HOC_PAYMENT,20,2025-11-19T13:00:00
FRVIAE20101103072,87b962cf-5c99-4812-8f03-16f2047aba80,0.525,EUR,AD_HOC_PAYMENT,20,2026-02-23T00:00:00
FRVIAE20101103071,87b962cf-5c99-4812-8f03-16f2047aba80,0.525,EUR,AD_HOC_PAYMENT,20,2026-02-23T00:00:00
FRVIAE12346030672,7e5797d5-0da9-4ea1-beb7-9e3d0fa7e71f,0.325,EUR,AD_HOC_PAYMENT,20,2025-11-19T13:00:00
FRVIAE12346030671,7e5797d5-0da9-4ea1-beb7-9e3d0fa7e71f,0.325,EUR,AD_HOC_PAYMENT,20,2025-11-19T13:00:00
FRVIAE10001181272,663d278c-7663-41ea-86aa-015b9a5dd8e4,0.5,EUR,AD_HOC_PAYMENT,20,2026-03-09T00:00:00
FRVIAE10001181271,663d278c-7663-41ea-86aa-015b9a5dd8e4,0.5,EUR,AD_HOC_PAYMENT,20,2026-03-09T00:00:00
FRVIAE10001181533,663d278c-7663-41ea-86aa-015b9a5dd8e4,0.5,EUR,AD_HOC_PAYMENT,20,2026-03-09T00:00:00
FRVIAE10001444832,1b4c8df3140c49899a53d6c614ef431e,0.4,EUR,AD_HOC_PAYMENT,20,2025-11-19T13:00:00
FRVIAE10001444831,1b4c8df3140c49899a53d6c614ef431e,0.4,EUR,AD_HOC_PAYMENT,20,2025-11-19T13:00:00
FRVIAE10001345062,87b962cf-5c99-4812-8f03-16f2047aba80,0.525,EUR,AD_HOC_PAYMENT,20,2026-02-23T00:00:00
FRVIAE10001345061,87b962cf-5c99-4812-8f03-16f2047aba80,0.525,EUR,AD_HOC_PAYMENT,20,2026-02-23T00:00:00
FRVIAE12346031282,7e5797d5-0da9-4ea1-beb7-9e3d0fa7e71f,0.325,EUR,AD_HOC_PAYMENT,20,2025-11-19T13:00:00
FRVIAE12346031281,7e5797d5-0da9-4ea1-beb7-9e3d0fa7e71f,0.325,EUR,AD_HOC_PAYMENT,20,2025-11-19T13:00:00
FRVIAE20122098032,64cfd72818304ee28d3a875aef64d31b,0.45,EUR,AD_HOC_PAYMENT,20,2025-11-19T13:00:00
FRVIAE20122098031,64cfd72818304ee28d3a875aef64d31b,0.45,EUR,AD_HOC_PAYMENT,20,2025-11-19T13:00:00
FRVIAE20122181032,7e5797d5-0da9-4ea1-beb7-9e3d0fa7e71f,0.325,EUR,AD_HOC_PAYMENT,20,2025-11-19T13:00:00
FRVIAE20122181031,7e5797d5-0da9-4ea1-beb7-9e3d0fa7e71f,0.325,EUR,AD_HOC_PAYMENT,20,2025-11-19T13:00:00
FRVIAE20161005052,5ac8fc13-69bd-4238-91fc-00d74021df49,0.433,EUR,AD_HOC_PAYMENT,20,2026-02-23T00:00:00
FRVIAE20161005051,5ac8fc13-69bd-4238-91fc-00d74021df49,0.433,EUR,AD_HOC_PAYMENT,20,2026-02-23T00:00:00
FRVIAE20122089032,7e5797d5-0da9-4ea1-beb7-9e3d0fa7e71f,0.325,EUR,AD_HOC_PAYMENT,20,2025-11-19T13:00:00
FRVIAE20122089031,7e5797d5-0da9-4ea1-beb7-9e3d0fa7e71f,0.325,EUR,AD_HOC_PAYMENT,20,2025-11-19T13:00:00
FRVIAE10001181052,87b962cf-5c99-4812-8f03-16f2047aba80,0.525,EUR,AD_HOC_PAYMENT,20,2026-02-23T00:00:00
FRVIAE10001181051,87b962cf-5c99-4812-8f03-16f2047aba80,0.525,EUR,AD_HOC_PAYMENT,20,2026-02-23T00:00:00
FRVIAE10001205482,65df1f1d-34c8-4886-a465-c0943f5e9ba2,0.45,EUR,AD_HOC_PAYMENT,20,2026-05-11T00:00:00
FRVIAE10001205481,65df1f1d-34c8-4886-a465-c0943f5e9ba2,0.45,EUR,AD_HOC_PAYMENT,20,2026-05-11T00:00:00
FRVIAE12345703792,63b9a2fb-f35c-4dfb-bf27-4a42039521dd,0.55,EUR,AD_HOC_PAYMENT,20,2026-03-09T00:00:00
FRVIAE12345703791,63b9a2fb-f35c-4dfb-bf27-4a42039521dd,0.55,EUR,AD_HOC_PAYMENT,20,2026-03-09T00:00:00
FRVIAE10001181532,663d278c-7663-41ea-86aa-015b9a5dd8e4,0.5,EUR,AD_HOC_PAYMENT,20,2026-03-09T00:00:00
FRVIAE10001181531,663d278c-7663-41ea-86aa-015b9a5dd8e4,0.5,EUR,AD_HOC_PAYMENT,20,2026-03-09T00:00:00
FRVIAE20122239052,1b4c8df3140c49899a53d6c614ef431e,0.4,EUR,AD_HOC_PAYMENT,20,2025-11-19T13:00:00
FRVIAE20122239051,1b4c8df3140c49899a53d6c614ef431e,0.4,EUR,AD_HOC_PAYMENT,20,2025-11-19T13:00:00
FRVIAE10001230832,87b962cf-5c99-4812-8f03-16f2047aba80,0.525,EUR,AD_HOC_PAYMENT,20,2026-02-23T00:00:00
FRVIAE10001230831,87b962cf-5c99-4812-8f03-16f2047aba80,0.525,EUR,AD_HOC_PAYMENT,20,2026-02-23T00:00:00
FRVIAE20122063082,1b4c8df3140c49899a53d6c614ef431e,0.4,EUR,AD_HOC_PAYMENT,20,2025-11-19T13:00:00
FRVIAE20122063081,1b4c8df3140c49899a53d6c614ef431e,0.4,EUR,AD_HOC_PAYMENT,20,2025-11-19T13:00:00
FRVIAE10001231742,663d278c-7663-41ea-86aa-015b9a5dd8e4,0.5,EUR,AD_HOC_PAYMENT,20,2026-03-09T00:00:00
FRVIAE10001231741,663d278c-7663-41ea-86aa-015b9a5dd8e4,0.5,EUR,AD_HOC_PAYMENT,20,2026-03-09T00:00:00
FRVIAE20122072032,7e5797d5-0da9-4ea1-beb7-9e3d0fa7e71f,0.325,EUR,AD_HOC_PAYMENT,20,2025-11-19T13:00:00
FRVIAE20122072031,7e5797d5-0da9-4ea1-beb7-9e3d0fa7e71f,0.325,EUR,AD_HOC_PAYMENT,20,2025-11-19T13:00:00
FRVIAE12346029952,7e5797d5-0da9-4ea1-beb7-9e3d0fa7e71f,0.325,EUR,AD_HOC_PAYMENT,20,2025-11-19T13:00:00
FRVIAE12346029951,7e5797d5-0da9-4ea1-beb7-9e3d0fa7e71f,0.325,EUR,AD_HOC_PAYMENT,20,2025-11-19T13:00:00
FRVIAE10001231942,87b962cf-5c99-4812-8f03-16f2047aba80,0.525,EUR,AD_HOC_PAYMENT,20,2026-02-23T00:00:00
FRVIAE10001231941,87b962cf-5c99-4812-8f03-16f2047aba80,0.525,EUR,AD_HOC_PAYMENT,20,2026-02-23T00:00:00
FRVIAE10001180822,87b962cf-5c99-4812-8f03-16f2047aba80,0.525,EUR,AD_HOC_PAYMENT,20,2026-02-23T00:00:00
FRVIAE10001180821,87b962cf-5c99-4812-8f03-16f2047aba80,0.525,EUR,AD_HOC_PAYMENT,20,2026-02-23T00:00:00
FRVIAE10001476502,663d278c-7663-41ea-86aa-015b9a5dd8e4,0.5,EUR,AD_HOC_PAYMENT,20,2026-03-09T00:00:00
FRVIAE10001476501,663d278c-7663-41ea-86aa-015b9a5dd8e4,0.5,EUR,AD_HOC_PAYMENT,20,2026-03-09T00:00:00
FRVIAE20122087032,7e5797d5-0da9-4ea1-beb7-9e3d0fa7e71f,0.325,EUR,AD_HOC_PAYMENT,20,2025-11-19T13:00:00
FRVIAE20122087031,7e5797d5-0da9-4ea1-beb7-9e3d0fa7e71f,0.325,EUR,AD_HOC_PAYMENT,20,2025-11-19T13:00:00
FRVIAE20161001012,fa6213d8-d5b6-4194-9c4e-3d089601e0b6,0.458,EUR,AD_HOC_PAYMENT,20,2026-02-23T00:00:00
FRVIAE20161001011,fa6213d8-d5b6-4194-9c4e-3d089601e0b6,0.458,EUR,AD_HOC_PAYMENT,20,2026-02-23T00:00:00
FRVIAE20161004072,5ac8fc13-69bd-4238-91fc-00d74021df49,0.433,EUR,AD_HOC_PAYMENT,20,2026-02-23T00:00:00
FRVIAE20161004071,5ac8fc13-69bd-4238-91fc-00d74021df49,0.433,EUR,AD_HOC_PAYMENT,20,2026-02-23T00:00:00
FRVIAE10001393722,63b9a2fb-f35c-4dfb-bf27-4a42039521dd,0.55,EUR,AD_HOC_PAYMENT,20,2026-03-09T00:00:00
FRVIAE10001393721,63b9a2fb-f35c-4dfb-bf27-4a42039521dd,0.55,EUR,AD_HOC_PAYMENT,20,2026-03-09T00:00:00
FRVIAE12345727942,1b4c8df3140c49899a53d6c614ef431e,0.4,EUR,AD_HOC_PAYMENT,20,2025-11-19T13:00:00
FRVIAE12345727941,1b4c8df3140c49899a53d6c614ef431e,0.4,EUR,AD_HOC_PAYMENT,20,2025-11-19T13:00:00
FRVIAE10001231002,87b962cf-5c99-4812-8f03-16f2047aba80,0.525,EUR,AD_HOC_PAYMENT,20,2026-02-23T00:00:00
FRVIAE10001231001,87b962cf-5c99-4812-8f03-16f2047aba80,0.525,EUR,AD_HOC_PAYMENT,20,2026-02-23T00:00:00
FRVIAE10001231972,87b962cf-5c99-4812-8f03-16f2047aba80,0.525,EUR,AD_HOC_PAYMENT,20,2026-02-23T00:00:00
FRVIAE10001231971,87b962cf-5c99-4812-8f03-16f2047aba80,0.525,EUR,AD_HOC_PAYMENT,20,2026-02-23T00:00:00
FRVIAE20122082052,1b4c8df3140c49899a53d6c614ef431e,0.4,EUR,AD_HOC_PAYMENT,20,2025-11-19T13:00:00
FRVIAE20122082051,1b4c8df3140c49899a53d6c614ef431e,0.4,EUR,AD_HOC_PAYMENT,20,2025-11-19T13:00:00
FRVIAE20152003012,0b46268150cf4976ad848e9cfbe14c78,0.5,EUR,AD_HOC_PAYMENT,20,2025-11-19T13:00:00
FRVIAE20152003011,0b46268150cf4976ad848e9cfbe14c78,0.5,EUR,AD_HOC_PAYMENT,20,2025-11-19T13:00:00
FRVIAE10001453912,63b9a2fb-f35c-4dfb-bf27-4a42039521dd,0.55,EUR,AD_HOC_PAYMENT,20,2026-03-09T00:00:00
FRVIAE10001453911,63b9a2fb-f35c-4dfb-bf27-4a42039521dd,0.55,EUR,AD_HOC_PAYMENT,20,2026-03-09T00:00:00
FRVIAE10001444722,1b4c8df3140c49899a53d6c614ef431e,0.4,EUR,AD_HOC_PAYMENT,20,2025-11-19T13:00:00
FRVIAE10001444721,1b4c8df3140c49899a53d6c614ef431e,0.4,EUR,AD_HOC_PAYMENT,20,2025-11-19T13:00:00
FRVIAE20103001022,84ba7e49-a9d1-41d9-85f4-d72d875ec724,0.575,EUR,AD_HOC_PAYMENT,20,2026-03-09T00:00:00
FRVIAE20103001021,84ba7e49-a9d1-41d9-85f4-d72d875ec724,0.575,EUR,AD_HOC_PAYMENT,20,2026-03-09T00:00:00
FRVIAE10001181012,87b962cf-5c99-4812-8f03-16f2047aba80,0.525,EUR,AD_HOC_PAYMENT,20,2026-02-23T00:00:00
FRVIAE10001181011,87b962cf-5c99-4812-8f03-16f2047aba80,0.525,EUR,AD_HOC_PAYMENT,20,2026-02-23T00:00:00
FRVIAE20122070032,7e5797d5-0da9-4ea1-beb7-9e3d0fa7e71f,0.325,EUR,AD_HOC_PAYMENT,20,2025-11-19T13:00:00
FRVIAE20122070031,7e5797d5-0da9-4ea1-beb7-9e3d0fa7e71f,0.325,EUR,AD_HOC_PAYMENT,20,2025-11-19T13:00:00
FRVIAE10001231832,663d278c-7663-41ea-86aa-015b9a5dd8e4,0.5,EUR,AD_HOC_PAYMENT,20,2026-03-09T00:00:00
FRVIAE10001231831,663d278c-7663-41ea-86aa-015b9a5dd8e4,0.5,EUR,AD_HOC_PAYMENT,20,2026-03-09T00:00:00
FRVIAE20122101012,64cfd72818304ee28d3a875aef64d31b,0.45,EUR,AD_HOC_PAYMENT,20,2025-11-19T13:00:00
FRVIAE20122101011,64cfd72818304ee28d3a875aef64d31b,0.45,EUR,AD_HOC_PAYMENT,20,2025-11-19T13:00:00
FRVIAE20131003022,64cfd72818304ee28d3a875aef64d31b,0.45,EUR,AD_HOC_PAYMENT,20,2025-11-19T13:00:00
FRVIAE20131003021,64cfd72818304ee28d3a875aef64d31b,0.45,EUR,AD_HOC_PAYMENT,20,2025-11-19T13:00:00
FRVIAE12346031122,7e5797d5-0da9-4ea1-beb7-9e3d0fa7e71f,0.325,EUR,AD_HOC_PAYMENT,20,2025-11-19T13:00:00
FRVIAE12346031121,7e5797d5-0da9-4ea1-beb7-9e3d0fa7e71f,0.325,EUR,AD_HOC_PAYMENT,20,2025-11-19T13:00:00
FRVIAE12345703872,63b9a2fb-f35c-4dfb-bf27-4a42039521dd,0.55,EUR,AD_HOC_PAYMENT,20,2026-03-09T00:00:00
FRVIAE12345703871,63b9a2fb-f35c-4dfb-bf27-4a42039521dd,0.55,EUR,AD_HOC_PAYMENT,20,2026-03-09T00:00:00
FRVIAE12346063512,63b9a2fb-f35c-4dfb-bf27-4a42039521dd,0.55,EUR,AD_HOC_PAYMENT,20,2026-03-09T00:00:00
FRVIAE12346063511,63b9a2fb-f35c-4dfb-bf27-4a42039521dd,0.55,EUR,AD_HOC_PAYMENT,20,2026-03-09T00:00:00
FRVIAE12346030292,64cfd72818304ee28d3a875aef64d31b,0.45,EUR,AD_HOC_PAYMENT,20,2025-11-19T13:00:00
FRVIAE12346030291,64cfd72818304ee28d3a875aef64d31b,0.45,EUR,AD_HOC_PAYMENT,20,2025-11-19T13:00:00
FRVIAE20122064052,1b4c8df3140c49899a53d6c614ef431e,0.4,EUR,AD_HOC_PAYMENT,20,2025-11-19T13:00:00
FRVIAE20122064051,1b4c8df3140c49899a53d6c614ef431e,0.4,EUR,AD_HOC_PAYMENT,20,2025-11-19T13:00:00
FRVIAE12346030822,7e5797d5-0da9-4ea1-beb7-9e3d0fa7e71f,0.325,EUR,AD_HOC_PAYMENT,20,2025-11-19T13:00:00
FRVIAE12346030821,7e5797d5-0da9-4ea1-beb7-9e3d0fa7e71f,0.325,EUR,AD_HOC_PAYMENT,20,2025-11-19T13:00:00
FRVIAE20122076032,7e5797d5-0da9-4ea1-beb7-9e3d0fa7e71f,0.325,EUR,AD_HOC_PAYMENT,20,2025-11-19T13:00:00
FRVIAE20122076031,7e5797d5-0da9-4ea1-beb7-9e3d0fa7e71f,0.325,EUR,AD_HOC_PAYMENT,20,2025-11-19T13:00:00
FRVIAE12346219623,0f286212-cb69-4cd7-abda-c0368a02ccbf,0.325,EUR,AD_HOC_PAYMENT,20,2026-03-09T00:00:00
FRVIAE12346219622,0f286212-cb69-4cd7-abda-c0368a02ccbf,0.325,EUR,AD_HOC_PAYMENT,20,2026-03-09T00:00:00
FRVIAE12346219621,0f286212-cb69-4cd7-abda-c0368a02ccbf,0.325,EUR,AD_HOC_PAYMENT,20,2026-03-09T00:00:00
FRVIAE10001181332,663d278c-7663-41ea-86aa-015b9a5dd8e4,0.5,EUR,AD_HOC_PAYMENT,20,2026-03-09T00:00:00
FRVIAE10001181331,663d278c-7663-41ea-86aa-015b9a5dd8e4,0.5,EUR,AD_HOC_PAYMENT,20,2026-03-09T00:00:00
FRVIAE10001181543,663d278c-7663-41ea-86aa-015b9a5dd8e4,0.5,EUR,AD_HOC_PAYMENT,20,2026-03-09T00:00:00
FRVIAE12346030012,7e5797d5-0da9-4ea1-beb7-9e3d0fa7e71f,0.325,EUR,AD_HOC_PAYMENT,20,2025-11-19T13:00:00
FRVIAE12346030011,7e5797d5-0da9-4ea1-beb7-9e3d0fa7e71f,0.325,EUR,AD_HOC_PAYMENT,20,2025-11-19T13:00:00
FRVIAE10001231152,87b962cf-5c99-4812-8f03-16f2047aba80,0.525,EUR,AD_HOC_PAYMENT,20,2026-02-23T00:00:00
FRVIAE10001231151,87b962cf-5c99-4812-8f03-16f2047aba80,0.525,EUR,AD_HOC_PAYMENT,20,2026-02-23T00:00:00
FRVIAE12346031352,7e5797d5-0da9-4ea1-beb7-9e3d0fa7e71f,0.325,EUR,AD_HOC_PAYMENT,20,2025-11-19T13:00:00
FRVIAE12346031351,7e5797d5-0da9-4ea1-beb7-9e3d0fa7e71f,0.325,EUR,AD_HOC_PAYMENT,20,2025-11-19T13:00:00
FRVIAE20122168022,7e5797d5-0da9-4ea1-beb7-9e3d0fa7e71f,0.325,EUR,AD_HOC_PAYMENT,20,2025-11-19T13:00:00
FRVIAE20122168021,7e5797d5-0da9-4ea1-beb7-9e3d0fa7e71f,0.325,EUR,AD_HOC_PAYMENT,20,2025-11-19T13:00:00
FRVIAE20161003012,5ac8fc13-69bd-4238-91fc-00d74021df49,0.433,EUR,AD_HOC_PAYMENT,20,2026-02-23T00:00:00
FRVIAE20161003011,5ac8fc13-69bd-4238-91fc-00d74021df49,0.433,EUR,AD_HOC_PAYMENT,20,2026-02-23T00:00:00
FRVIAE12346030042,7e5797d5-0da9-4ea1-beb7-9e3d0fa7e71f,0.325,EUR,AD_HOC_PAYMENT,20,2025-11-19T13:00:00
FRVIAE12346030041,7e5797d5-0da9-4ea1-beb7-9e3d0fa7e71f,0.325,EUR,AD_HOC_PAYMENT,20,2025-11-19T13:00:00
FRVIAE12346219692,63b9a2fb-f35c-4dfb-bf27-4a42039521dd,0.55,EUR,AD_HOC_PAYMENT,20,2026-03-09T00:00:00
FRVIAE12346219691,63b9a2fb-f35c-4dfb-bf27-4a42039521dd,0.55,EUR,AD_HOC_PAYMENT,20,2026-03-09T00:00:00
FRVIAE10001444652,1b4c8df3140c49899a53d6c614ef431e,0.4,EUR,AD_HOC_PAYMENT,20,2025-11-19T13:00:00
FRVIAE10001444651,1b4c8df3140c49899a53d6c614ef431e,0.4,EUR,AD_HOC_PAYMENT,20,2025-11-19T13:00:00
FRVIAE10000815403,0b46268150cf4976ad848e9cfbe14c78,0.5,EUR,AD_HOC_PAYMENT,20,2025-11-19T13:00:00
FRVIAE10000815402,0b46268150cf4976ad848e9cfbe14c78,0.5,EUR,AD_HOC_PAYMENT,20,2025-11-19T13:00:00
FRVIAE10000815401,0b46268150cf4976ad848e9cfbe14c78,0.5,EUR,AD_HOC_PAYMENT,20,2025-11-19T13:00:00
FRVIAE10001180992,87b962cf-5c99-4812-8f03-16f2047aba80,0.525,EUR,AD_HOC_PAYMENT,20,2026-02-23T00:00:00
FRVIAE10001180991,87b962cf-5c99-4812-8f03-16f2047aba80,0.525,EUR,AD_HOC_PAYMENT,20,2026-02-23T00:00:00
FRVIAE12345955404,1b4c8df3140c49899a53d6c614ef431e,0.4,EUR,AD_HOC_PAYMENT,20,2025-11-19T13:00:00
FRVIAE12345955403,1b4c8df3140c49899a53d6c614ef431e,0.4,EUR,AD_HOC_PAYMENT,20,2025-11-19T13:00:00
FRVIAE12345955402,1b4c8df3140c49899a53d6c614ef431e,0.4,EUR,AD_HOC_PAYMENT,20,2025-11-19T13:00:00
FRVIAE12345955401,1b4c8df3140c49899a53d6c614ef431e,0.4,EUR,AD_HOC_PAYMENT,20,2025-11-19T13:00:00
FRVIAE10001453122,63b9a2fb-f35c-4dfb-bf27-4a42039521dd,0.55,EUR,AD_HOC_PAYMENT,20,2026-03-09T00:00:00
FRVIAE10001453121,63b9a2fb-f35c-4dfb-bf27-4a42039521dd,0.55,EUR,AD_HOC_PAYMENT,20,2026-03-09T00:00:00
FRVIAE12346216462,1b4c8df3140c49899a53d6c614ef431e,0.4,EUR,AD_HOC_PAYMENT,20,2025-11-19T13:00:00
FRVIAE12346216461,1b4c8df3140c49899a53d6c614ef431e,0.4,EUR,AD_HOC_PAYMENT,20,2025-11-19T13:00:00
FRVIAE12346030462,7e5797d5-0da9-4ea1-beb7-9e3d0fa7e71f,0.325,EUR,AD_HOC_PAYMENT,20,2025-11-19T13:00:00
FRVIAE12346030461,7e5797d5-0da9-4ea1-beb7-9e3d0fa7e71f,0.325,EUR,AD_HOC_PAYMENT,20,2025-11-19T13:00:00
FRVIAE20101104072,87b962cf-5c99-4812-8f03-16f2047aba80,0.525,EUR,AD_HOC_PAYMENT,20,2026-02-23T00:00:00
FRVIAE20101104071,87b962cf-5c99-4812-8f03-16f2047aba80,0.525,EUR,AD_HOC_PAYMENT,20,2026-02-23T00:00:00
FRVIAE12346031022,7e5797d5-0da9-4ea1-beb7-9e3d0fa7e71f,0.325,EUR,AD_HOC_PAYMENT,20,2025-11-19T13:00:00
FRVIAE12346031021,7e5797d5-0da9-4ea1-beb7-9e3d0fa7e71f,0.325,EUR,AD_HOC_PAYMENT,20,2025-11-19T13:00:00
FRVIAE12346031332,7e5797d5-0da9-4ea1-beb7-9e3d0fa7e71f,0.325,EUR,AD_HOC_PAYMENT,20,2025-11-19T13:00:00
FRVIAE12346031331,7e5797d5-0da9-4ea1-beb7-9e3d0fa7e71f,0.325,EUR,AD_HOC_PAYMENT,20,2025-11-19T13:00:00
FRVIAE20122084022,7e5797d5-0da9-4ea1-beb7-9e3d0fa7e71f,0.325,EUR,AD_HOC_PAYMENT,20,2025-11-19T13:00:00
FRVIAE20122084021,7e5797d5-0da9-4ea1-beb7-9e3d0fa7e71f,0.325,EUR,AD_HOC_PAYMENT,20,2025-11-19T13:00:00
FRVIAE12346031052,7e5797d5-0da9-4ea1-beb7-9e3d0fa7e71f,0.325,EUR,AD_HOC_PAYMENT,20,2025-11-19T13:00:00
FRVIAE12346031051,7e5797d5-0da9-4ea1-beb7-9e3d0fa7e71f,0.325,EUR,AD_HOC_PAYMENT,20,2025-11-19T13:00:00
FRVIAE20122071032,7e5797d5-0da9-4ea1-beb7-9e3d0fa7e71f,0.325,EUR,AD_HOC_PAYMENT,20,2025-11-19T13:00:00
FRVIAE20122071031,7e5797d5-0da9-4ea1-beb7-9e3d0fa7e71f,0.325,EUR,AD_HOC_PAYMENT,20,2025-11-19T13:00:00
FRVIAE20122097032,7e5797d5-0da9-4ea1-beb7-9e3d0fa7e71f,0.325,EUR,AD_HOC_PAYMENT,20,2025-11-19T13:00:00
FRVIAE20122097031,7e5797d5-0da9-4ea1-beb7-9e3d0fa7e71f,0.325,EUR,AD_HOC_PAYMENT,20,2025-11-19T13:00:00
FRVIAE12346031082,64cfd72818304ee28d3a875aef64d31b,0.45,EUR,AD_HOC_PAYMENT,20,2025-11-19T13:00:00
FRVIAE12346031081,64cfd72818304ee28d3a875aef64d31b,0.45,EUR,AD_HOC_PAYMENT,20,2025-11-19T13:00:00
FRVIAE12346030592,7e5797d5-0da9-4ea1-beb7-9e3d0fa7e71f,0.325,EUR,AD_HOC_PAYMENT,20,2025-11-19T13:00:00
FRVIAE12346030591,7e5797d5-0da9-4ea1-beb7-9e3d0fa7e71f,0.325,EUR,AD_HOC_PAYMENT,20,2025-11-19T13:00:00
FRVIAE20122058022,64cfd72818304ee28d3a875aef64d31b,0.45,EUR,AD_HOC_PAYMENT,20,2025-11-19T13:00:00
FRVIAE20122058021,64cfd72818304ee28d3a875aef64d31b,0.45,EUR,AD_HOC_PAYMENT,20,2025-11-19T13:00:00
FRVIAE10001180842,87b962cf-5c99-4812-8f03-16f2047aba80,0.525,EUR,AD_HOC_PAYMENT,20,2026-02-23T00:00:00
FRVIAE10001180841,87b962cf-5c99-4812-8f03-16f2047aba80,0.525,EUR,AD_HOC_PAYMENT,20,2026-02-23T00:00:00
FRVIAE12345724792,1b4c8df3140c49899a53d6c614ef431e,0.4,EUR,AD_HOC_PAYMENT,20,2025-11-19T13:00:00
FRVIAE12345724791,1b4c8df3140c49899a53d6c614ef431e,0.4,EUR,AD_HOC_PAYMENT,20,2025-11-19T13:00:00
FRVIAE12346030222,7e5797d5-0da9-4ea1-beb7-9e3d0fa7e71f,0.325,EUR,AD_HOC_PAYMENT,20,2025-11-19T13:00:00
FRVIAE12346030221,7e5797d5-0da9-4ea1-beb7-9e3d0fa7e71f,0.325,EUR,AD_HOC_PAYMENT,20,2025-11-19T13:00:00
FRVIAE20122092022,7e5797d5-0da9-4ea1-beb7-9e3d0fa7e71f,0.325,EUR,AD_HOC_PAYMENT,20,2025-11-19T13:00:00
FRVIAE20122092021,7e5797d5-0da9-4ea1-beb7-9e3d0fa7e71f,0.325,EUR,AD_HOC_PAYMENT,20,2025-11-19T13:00:00
FRVIAE10001444582,1b4c8df3140c49899a53d6c614ef431e,0.4,EUR,AD_HOC_PAYMENT,20,2025-11-19T13:00:00
FRVIAE10001444581,1b4c8df3140c49899a53d6c614ef431e,0.4,EUR,AD_HOC_PAYMENT,20,2025-11-19T13:00:00
FRVIAE12346030252,7e5797d5-0da9-4ea1-beb7-9e3d0fa7e71f,0.325,EUR,AD_HOC_PAYMENT,20,2025-11-19T13:00:00
FRVIAE12346030251,7e5797d5-0da9-4ea1-beb7-9e3d0fa7e71f,0.325,EUR,AD_HOC_PAYMENT,20,2025-11-19T13:00:00
FRVIAE12346029912,1b4c8df3140c49899a53d6c614ef431e,0.4,EUR,AD_HOC_PAYMENT,20,2025-11-19T13:00:00
FRVIAE12346029911,1b4c8df3140c49899a53d6c614ef431e,0.4,EUR,AD_HOC_PAYMENT,20,2025-11-19T13:00:00
FRVIAE20122069032,64cfd72818304ee28d3a875aef64d31b,0.45,EUR,AD_HOC_PAYMENT,20,2025-11-19T13:00:00
FRVIAE20122069031,64cfd72818304ee28d3a875aef64d31b,0.45,EUR,AD_HOC_PAYMENT,20,2025-11-19T13:00:00
FRVIAE10001240712,87b962cf-5c99-4812-8f03-16f2047aba80,0.525,EUR,AD_HOC_PAYMENT,20,2026-02-23T00:00:00
FRVIAE10001240711,87b962cf-5c99-4812-8f03-16f2047aba80,0.525,EUR,AD_HOC_PAYMENT,20,2026-02-23T00:00:00
FRVIAE10001475702,63b9a2fb-f35c-4dfb-bf27-4a42039521dd,0.55,EUR,AD_HOC_PAYMENT,20,2026-03-09T00:00:00
FRVIAE10001475701,63b9a2fb-f35c-4dfb-bf27-4a42039521dd,0.55,EUR,AD_HOC_PAYMENT,20,2026-03-09T00:00:00
FRVIAE20122177022,7e5797d5-0da9-4ea1-beb7-9e3d0fa7e71f,0.325,EUR,AD_HOC_PAYMENT,20,2025-11-19T13:00:00
FRVIAE20122177021,7e5797d5-0da9-4ea1-beb7-9e3d0fa7e71f,0.325,EUR,AD_HOC_PAYMENT,20,2025-11-19T13:00:00
FRVIAE20164001022,fa6213d8-d5b6-4194-9c4e-3d089601e0b6,0.458,EUR,AD_HOC_PAYMENT,20,2026-02-23T00:00:00
FRVIAE20164001021,fa6213d8-d5b6-4194-9c4e-3d089601e0b6,0.458,EUR,AD_HOC_PAYMENT,20,2026-02-23T00:00:00
FRVIAE20161010102,5ac8fc13-69bd-4238-91fc-00d74021df49,0.433,EUR,AD_HOC_PAYMENT,20,2026-02-23T00:00:00
FRVIAE20161010101,5ac8fc13-69bd-4238-91fc-00d74021df49,0.433,EUR,AD_HOC_PAYMENT,20,2026-02-23T00:00:00
FRVIAE20122080022,64cfd72818304ee28d3a875aef64d31b,0.45,EUR,AD_HOC_PAYMENT,20,2025-11-19T13:00:00
FRVIAE20122080021,64cfd72818304ee28d3a875aef64d31b,0.45,EUR,AD_HOC_PAYMENT,20,2025-11-19T13:00:00
FRVIAE10001444772,1b4c8df3140c49899a53d6c614ef431e,0.4,EUR,AD_HOC_PAYMENT,20,2025-11-19T13:00:00
FRVIAE10001444771,1b4c8df3140c49899a53d6c614ef431e,0.4,EUR,AD_HOC_PAYMENT,20,2025-11-19T13:00:00
FRVIAE12346116902,7e5797d5-0da9-4ea1-beb7-9e3d0fa7e71f,0.325,EUR,AD_HOC_PAYMENT,20,2025-11-19T13:00:00
FRVIAE12346116901,7e5797d5-0da9-4ea1-beb7-9e3d0fa7e71f,0.325,EUR,AD_HOC_PAYMENT,20,2025-11-19T13:00:00
FRVIAE12346402222,1b4c8df3140c49899a53d6c614ef431e,0.4,EUR,AD_HOC_PAYMENT,20,2025-11-19T13:00:00
FRVIAE12346402221,1b4c8df3140c49899a53d6c614ef431e,0.4,EUR,AD_HOC_PAYMENT,20,2025-11-19T13:00:00
FRVIAE12346033492,63b9a2fb-f35c-4dfb-bf27-4a42039521dd,0.55,EUR,AD_HOC_PAYMENT,20,2026-03-09T00:00:00
FRVIAE12346033491,63b9a2fb-f35c-4dfb-bf27-4a42039521dd,0.55,EUR,AD_HOC_PAYMENT,20,2026-03-09T00:00:00
FRVIAE12346031382,7e5797d5-0da9-4ea1-beb7-9e3d0fa7e71f,0.325,EUR,AD_HOC_PAYMENT,20,2025-11-19T13:00:00
FRVIAE12346031381,7e5797d5-0da9-4ea1-beb7-9e3d0fa7e71f,0.325,EUR,AD_HOC_PAYMENT,20,2025-11-19T13:00:00
FRVIAE20122025052,1b4c8df3140c49899a53d6c614ef431e,0.4,EUR,AD_HOC_PAYMENT,20,2025-11-19T13:00:00
FRVIAE20122025051,1b4c8df3140c49899a53d6c614ef431e,0.4,EUR,AD_HOC_PAYMENT,20,2025-11-19T13:00:00
FRVIAE20164012042,fa6213d8-d5b6-4194-9c4e-3d089601e0b6,0.458,EUR,AD_HOC_PAYMENT,20,2026-02-23T00:00:00
FRVIAE20164012041,fa6213d8-d5b6-4194-9c4e-3d089601e0b6,0.458,EUR,AD_HOC_PAYMENT,20,2026-02-23T00:00:00
FRVIAE20161009012,fa6213d8-d5b6-4194-9c4e-3d089601e0b6,0.458,EUR,AD_HOC_PAYMENT,20,2026-02-23T00:00:00
FRVIAE20161009011,fa6213d8-d5b6-4194-9c4e-3d089601e0b6,0.458,EUR,AD_HOC_PAYMENT,20,2026-02-23T00:00:00
FRVIAE12346295946,1b4c8df3140c49899a53d6c614ef431e,0.4,EUR,AD_HOC_PAYMENT,20,2025-11-19T13:00:00
FRVIAE12346295945,1b4c8df3140c49899a53d6c614ef431e,0.4,EUR,AD_HOC_PAYMENT,20,2025-11-19T13:00:00
FRVIAE12346295944,1b4c8df3140c49899a53d6c614ef431e,0.4,EUR,AD_HOC_PAYMENT,20,2025-11-19T13:00:00
FRVIAE12346295943,1b4c8df3140c49899a53d6c614ef431e,0.4,EUR,AD_HOC_PAYMENT,20,2025-11-19T13:00:00
FRVIAE12346295942,1b4c8df3140c49899a53d6c614ef431e,0.4,EUR,AD_HOC_PAYMENT,20,2025-11-19T13:00:00
FRVIAE12346295941,1b4c8df3140c49899a53d6c614ef431e,0.4,EUR,AD_HOC_PAYMENT,20,2025-11-19T13:00:00
FRVIAE10001454012,63b9a2fb-f35c-4dfb-bf27-4a42039521dd,0.55,EUR,AD_HOC_PAYMENT,20,2026-03-09T00:00:00
FRVIAE10001454011,63b9a2fb-f35c-4dfb-bf27-4a42039521dd,0.55,EUR,AD_HOC_PAYMENT,20,2026-03-09T00:00:00
FRVIAE20122060022,1b4c8df3140c49899a53d6c614ef431e,0.4,EUR,AD_HOC_PAYMENT,20,2025-11-19T13:00:00
FRVIAE20122060021,1b4c8df3140c49899a53d6c614ef431e,0.4,EUR,AD_HOC_PAYMENT,20,2025-11-19T13:00:00
FRVIAE20122088032,7e5797d5-0da9-4ea1-beb7-9e3d0fa7e71f,0.325,EUR,AD_HOC_PAYMENT,20,2025-11-19T13:00:00
FRVIAE20122088031,7e5797d5-0da9-4ea1-beb7-9e3d0fa7e71f,0.325,EUR,AD_HOC_PAYMENT,20,2025-11-19T13:00:00
FRVIAE12346063452,63b9a2fb-f35c-4dfb-bf27-4a42039521dd,0.55,EUR,AD_HOC_PAYMENT,20,2026-03-09T00:00:00
FRVIAE12346063451,63b9a2fb-f35c-4dfb-bf27-4a42039521dd,0.55,EUR,AD_HOC_PAYMENT,20,2026-03-09T00:00:00
FRVIAE20122062032,64cfd72818304ee28d3a875aef64d31b,0.45,EUR,AD_HOC_PAYMENT,20,2025-11-19T13:00:00
FRVIAE20122062031,64cfd72818304ee28d3a875aef64d31b,0.45,EUR,AD_HOC_PAYMENT,20,2025-11-19T13:00:00
FRVIAE10001229582,87b962cf-5c99-4812-8f03-16f2047aba80,0.525,EUR,AD_HOC_PAYMENT,20,2026-02-23T00:00:00
FRVIAE10001229581,87b962cf-5c99-4812-8f03-16f2047aba80,0.525,EUR,AD_HOC_PAYMENT,20,2026-02-23T00:00:00
FRVIAE10001181542,663d278c-7663-41ea-86aa-015b9a5dd8e4,0.5,EUR,AD_HOC_PAYMENT,20,2026-03-09T00:00:00
FRVIAE10001181541,663d278c-7663-41ea-86aa-015b9a5dd8e4,0.5,EUR,AD_HOC_PAYMENT,20,2026-03-09T00:00:00
FRVIAE10001181293,663d278c-7663-41ea-86aa-015b9a5dd8e4,0.5,EUR,AD_HOC_PAYMENT,20,2026-03-09T00:00:00
FRVIAE10001453942,63b9a2fb-f35c-4dfb-bf27-4a42039521dd,0.55,EUR,AD_HOC_PAYMENT,20,2026-03-09T00:00:00
FRVIAE10001453941,63b9a2fb-f35c-4dfb-bf27-4a42039521dd,0.55,EUR,AD_HOC_PAYMENT,20,2026-03-09T00:00:00
FRVIAE20161002012,5ac8fc13-69bd-4238-91fc-00d74021df49,0.433,EUR,AD_HOC_PAYMENT,20,2026-02-23T00:00:00
FRVIAE20161002011,5ac8fc13-69bd-4238-91fc-00d74021df49,0.433,EUR,AD_HOC_PAYMENT,20,2026-02-23T00:00:00
FRVIAE10001169773,84ba7e49-a9d1-41d9-85f4-d72d875ec724,0.575,EUR,AD_HOC_PAYMENT,20,2026-03-09T00:00:00
FRVIAE10001169772,84ba7e49-a9d1-41d9-85f4-d72d875ec724,0.575,EUR,AD_HOC_PAYMENT,20,2026-03-09T00:00:00
FRVIAE10001169771,84ba7e49-a9d1-41d9-85f4-d72d875ec724,0.575,EUR,AD_HOC_PAYMENT,20,2026-03-09T00:00:00
FRVIAE10001169613,84ba7e49-a9d1-41d9-85f4-d72d875ec724,0.575,EUR,AD_HOC_PAYMENT,20,2026-03-09T00:00:00
FRVIAE10001169612,84ba7e49-a9d1-41d9-85f4-d72d875ec724,0.575,EUR,AD_HOC_PAYMENT,20,2026-03-09T00:00:00
FRVIAE10001169611,84ba7e49-a9d1-41d9-85f4-d72d875ec724,0.575,EUR,AD_HOC_PAYMENT,20,2026-03-09T00:00:00
FRVIAE10001169663,84ba7e49-a9d1-41d9-85f4-d72d875ec724,0.575,EUR,AD_HOC_PAYMENT,20,2026-03-09T00:00:00
FRVIAE10001169662,84ba7e49-a9d1-41d9-85f4-d72d875ec724,0.575,EUR,AD_HOC_PAYMENT,20,2026-03-09T00:00:00
FRVIAE10001169661,84ba7e49-a9d1-41d9-85f4-d72d875ec724,0.575,EUR,AD_HOC_PAYMENT,20,2026-03-09T00:00:00
FRVIAE10001169653,84ba7e49-a9d1-41d9-85f4-d72d875ec724,0.575,EUR,AD_HOC_PAYMENT,20,2026-03-09T00:00:00
FRVIAE10001169652,84ba7e49-a9d1-41d9-85f4-d72d875ec724,0.575,EUR,AD_HOC_PAYMENT,20,2026-03-09T00:00:00
FRVIAE10001169651,84ba7e49-a9d1-41d9-85f4-d72d875ec724,0.575,EUR,AD_HOC_PAYMENT,20,2026-03-09T00:00:00
FRVIAE10001181292,663d278c-7663-41ea-86aa-015b9a5dd8e4,0.5,EUR,AD_HOC_PAYMENT,20,2026-03-09T00:00:00
FRVIAE10001181291,663d278c-7663-41ea-86aa-015b9a5dd8e4,0.5,EUR,AD_HOC_PAYMENT,20,2026-03-09T00:00:00
FRVIAE10001221123,84ba7e49-a9d1-41d9-85f4-d72d875ec724,0.575,EUR,AD_HOC_PAYMENT,20,2026-03-09T00:00:00
FRVIAE10001221122,84ba7e49-a9d1-41d9-85f4-d72d875ec724,0.575,EUR,AD_HOC_PAYMENT,20,2026-03-09T00:00:00
FRVIAE10001221121,84ba7e49-a9d1-41d9-85f4-d72d875ec724,0.575,EUR,AD_HOC_PAYMENT,20,2026-03-09T00:00:00
FRVIAE10001169853,64cfd72818304ee28d3a875aef64d31b,0.45,EUR,AD_HOC_PAYMENT,20,2025-11-19T13:00:00
FRVIAE10001169852,64cfd72818304ee28d3a875aef64d31b,0.45,EUR,AD_HOC_PAYMENT,20,2025-11-19T13:00:00
FRVIAE10001169851,64cfd72818304ee28d3a875aef64d31b,0.45,EUR,AD_HOC_PAYMENT,20,2025-11-19T13:00:00
FRVIAE10001169533,84ba7e49-a9d1-41d9-85f4-d72d875ec724,0.575,EUR,AD_HOC_PAYMENT,20,2026-03-09T00:00:00
FRVIAE10001169532,84ba7e49-a9d1-41d9-85f4-d72d875ec724,0.575,EUR,AD_HOC_PAYMENT,20,2026-03-09T00:00:00
FRVIAE10001169531,84ba7e49-a9d1-41d9-85f4-d72d875ec724,0.575,EUR,AD_HOC_PAYMENT,20,2026-03-09T00:00:00
FRVIAE10001169933,84ba7e49-a9d1-41d9-85f4-d72d875ec724,0.575,EUR,AD_HOC_PAYMENT,20,2026-03-09T00:00:00
FRVIAE10001169932,84ba7e49-a9d1-41d9-85f4-d72d875ec724,0.575,EUR,AD_HOC_PAYMENT,20,2026-03-09T00:00:00
FRVIAE10001169931,84ba7e49-a9d1-41d9-85f4-d72d875ec724,0.575,EUR,AD_HOC_PAYMENT,20,2026-03-09T00:00:00
FRVIAE10001169943,84ba7e49-a9d1-41d9-85f4-d72d875ec724,0.575,EUR,AD_HOC_PAYMENT,20,2026-03-09T00:00:00
FRVIAE10001169942,84ba7e49-a9d1-41d9-85f4-d72d875ec724,0.575,EUR,AD_HOC_PAYMENT,20,2026-03-09T00:00:00
FRVIAE10001169941,84ba7e49-a9d1-41d9-85f4-d72d875ec724,0.575,EUR,AD_HOC_PAYMENT,20,2026-03-09T00:00:00
FRVIAE10001170103,84ba7e49-a9d1-41d9-85f4-d72d875ec724,0.575,EUR,AD_HOC_PAYMENT,20,2026-03-09T00:00:00
FRVIAE10001170102,84ba7e49-a9d1-41d9-85f4-d72d875ec724,0.575,EUR,AD_HOC_PAYMENT,20,2026-03-09T00:00:00
FRVIAE10001170101,84ba7e49-a9d1-41d9-85f4-d72d875ec724,0.575,EUR,AD_HOC_PAYMENT,20,2026-03-09T00:00:00
FRVIAE10001170053,48b30eb5-5751-41d6-aeb6-80e1ecd57409,0.5,EUR,AD_HOC_PAYMENT,20,2026-03-09T00:00:00
FRVIAE10001170052,48b30eb5-5751-41d6-aeb6-80e1ecd57409,0.5,EUR,AD_HOC_PAYMENT,20,2026-03-09T00:00:00
FRVIAE10001170051,48b30eb5-5751-41d6-aeb6-80e1ecd57409,0.5,EUR,AD_HOC_PAYMENT,20,2026-03-09T00:00:00
FRVIAE10001169683,84ba7e49-a9d1-41d9-85f4-d72d875ec724,0.575,EUR,AD_HOC_PAYMENT,20,2026-03-09T00:00:00
FRVIAE10001169682,84ba7e49-a9d1-41d9-85f4-d72d875ec724,0.575,EUR,AD_HOC_PAYMENT,20,2026-03-09T00:00:00
FRVIAE10001169681,84ba7e49-a9d1-41d9-85f4-d72d875ec724,0.575,EUR,AD_HOC_PAYMENT,20,2026-03-09T00:00:00
FRVIAE10001170203,84ba7e49-a9d1-41d9-85f4-d72d875ec724,0.575,EUR,AD_HOC_PAYMENT,20,2026-03-09T00:00:00
FRVIAE10001170202,84ba7e49-a9d1-41d9-85f4-d72d875ec724,0.575,EUR,AD_HOC_PAYMENT,20,2026-03-09T00:00:00
FRVIAE10001170201,84ba7e49-a9d1-41d9-85f4-d72d875ec724,0.575,EUR,AD_HOC_PAYMENT,20,2026-03-09T00:00:00
FRVIAE12346029792,1b4c8df3140c49899a53d6c614ef431e,0.4,EUR,AD_HOC_PAYMENT,20,2025-11-19T13:00:00
FRVIAE12346029791,1b4c8df3140c49899a53d6c614ef431e,0.4,EUR,AD_HOC_PAYMENT,20,2025-11-19T13:00:00
FRVIAE10001453192,d57690eb-0476-4bdf-862a-4fd2da26302f,0.5,EUR,AD_HOC_PAYMENT,20,2026-03-09T00:00:00
FRVIAE10001453191,d57690eb-0476-4bdf-862a-4fd2da26302f,0.5,EUR,AD_HOC_PAYMENT,20,2026-03-09T00:00:00
FRVIAE20122077022,7e5797d5-0da9-4ea1-beb7-9e3d0fa7e71f,0.325,EUR,AD_HOC_PAYMENT,20,2025-11-19T13:00:00
FRVIAE20122077021,7e5797d5-0da9-4ea1-beb7-9e3d0fa7e71f,0.325,EUR,AD_HOC_PAYMENT,20,2025-11-19T13:00:00
FRVIAE12345955644,1b4c8df3140c49899a53d6c614ef431e,0.4,EUR,AD_HOC_PAYMENT,20,2025-11-19T13:00:00
FRVIAE12345955643,1b4c8df3140c49899a53d6c614ef431e,0.4,EUR,AD_HOC_PAYMENT,20,2025-11-19T13:00:00
FRVIAE12345955642,1b4c8df3140c49899a53d6c614ef431e,0.4,EUR,AD_HOC_PAYMENT,20,2025-11-19T13:00:00
FRVIAE12345955641,1b4c8df3140c49899a53d6c614ef431e,0.4,EUR,AD_HOC_PAYMENT,20,2025-11-19T13:00:00
FRVIAE20122091022,7e5797d5-0da9-4ea1-beb7-9e3d0fa7e71f,0.325,EUR,AD_HOC_PAYMENT,20,2025-11-19T13:00:00
FRVIAE20122091021,7e5797d5-0da9-4ea1-beb7-9e3d0fa7e71f,0.325,EUR,AD_HOC_PAYMENT,20,2025-11-19T13:00:00
FRVIAE12346029862,7e5797d5-0da9-4ea1-beb7-9e3d0fa7e71f,0.325,EUR,AD_HOC_PAYMENT,20,2025-11-19T13:00:00
FRVIAE12346029861,7e5797d5-0da9-4ea1-beb7-9e3d0fa7e71f,0.325,EUR,AD_HOC_PAYMENT,20,2025-11-19T13:00:00
FRVIAE10001205472,65df1f1d-34c8-4886-a465-c0943f5e9ba2,0.45,EUR,AD_HOC_PAYMENT,20,2026-05-11T00:00:00
FRVIAE10001205471,65df1f1d-34c8-4886-a465-c0943f5e9ba2,0.45,EUR,AD_HOC_PAYMENT,20,2026-05-11T00:00:00
FRVIAE12346030662,7e5797d5-0da9-4ea1-beb7-9e3d0fa7e71f,0.325,EUR,AD_HOC_PAYMENT,20,2025-11-19T13:00:00
FRVIAE12346030661,7e5797d5-0da9-4ea1-beb7-9e3d0fa7e71f,0.325,EUR,AD_HOC_PAYMENT,20,2025-11-19T13:00:00
FRVIAE10001444822,1b4c8df3140c49899a53d6c614ef431e,0.4,EUR,AD_HOC_PAYMENT,20,2025-11-19T13:00:00
FRVIAE10001444821,1b4c8df3140c49899a53d6c614ef431e,0.4,EUR,AD_HOC_PAYMENT,20,2025-11-19T13:00:00
FRVIAE12346031272,7e5797d5-0da9-4ea1-beb7-9e3d0fa7e71f,0.325,EUR,AD_HOC_PAYMENT,20,2025-11-19T13:00:00
FRVIAE12346031271,7e5797d5-0da9-4ea1-beb7-9e3d0fa7e71f,0.325,EUR,AD_HOC_PAYMENT,20,2025-11-19T13:00:00
FRVIAE20122098022,64cfd72818304ee28d3a875aef64d31b,0.45,EUR,AD_HOC_PAYMENT,20,2025-11-19T13:00:00
FRVIAE20122098021,64cfd72818304ee28d3a875aef64d31b,0.45,EUR,AD_HOC_PAYMENT,20,2025-11-19T13:00:00
FRVIAE20122181022,7e5797d5-0da9-4ea1-beb7-9e3d0fa7e71f,0.325,EUR,AD_HOC_PAYMENT,20,2025-11-19T13:00:00
FRVIAE20122181021,7e5797d5-0da9-4ea1-beb7-9e3d0fa7e71f,0.325,EUR,AD_HOC_PAYMENT,20,2025-11-19T13:00:00
FRVIAE20122214012,1b4c8df3140c49899a53d6c614ef431e,0.4,EUR,AD_HOC_PAYMENT,20,2025-11-19T13:00:00
FRVIAE20122214011,1b4c8df3140c49899a53d6c614ef431e,0.4,EUR,AD_HOC_PAYMENT,20,2025-11-19T13:00:00
FRVIAE20161005042,5ac8fc13-69bd-4238-91fc-00d74021df49,0.433,EUR,AD_HOC_PAYMENT,20,2026-02-23T00:00:00
FRVIAE20161005041,5ac8fc13-69bd-4238-91fc-00d74021df49,0.433,EUR,AD_HOC_PAYMENT,20,2026-02-23T00:00:00
FRVIAE20122089022,7e5797d5-0da9-4ea1-beb7-9e3d0fa7e71f,0.325,EUR,AD_HOC_PAYMENT,20,2025-11-19T13:00:00
FRVIAE20122089021,7e5797d5-0da9-4ea1-beb7-9e3d0fa7e71f,0.325,EUR,AD_HOC_PAYMENT,20,2025-11-19T13:00:00
FRVIAE10001181042,87b962cf-5c99-4812-8f03-16f2047aba80,0.525,EUR,AD_HOC_PAYMENT,20,2026-02-23T00:00:00
FRVIAE10001181041,87b962cf-5c99-4812-8f03-16f2047aba80,0.525,EUR,AD_HOC_PAYMENT,20,2026-02-23T00:00:00
FRVIAE12345703782,63b9a2fb-f35c-4dfb-bf27-4a42039521dd,0.55,EUR,AD_HOC_PAYMENT,20,2026-03-09T00:00:00
FRVIAE12345703781,63b9a2fb-f35c-4dfb-bf27-4a42039521dd,0.55,EUR,AD_HOC_PAYMENT,20,2026-03-09T00:00:00
FRVIAE10001181122,663d278c-7663-41ea-86aa-015b9a5dd8e4,0.5,EUR,AD_HOC_PAYMENT,20,2026-03-09T00:00:00
FRVIAE10001181121,663d278c-7663-41ea-86aa-015b9a5dd8e4,0.5,EUR,AD_HOC_PAYMENT,20,2026-03-09T00:00:00
FRVIAE20122239042,7e5797d5-0da9-4ea1-beb7-9e3d0fa7e71f,0.325,EUR,AD_HOC_PAYMENT,20,2025-11-19T13:00:00
FRVIAE20122239041,7e5797d5-0da9-4ea1-beb7-9e3d0fa7e71f,0.325,EUR,AD_HOC_PAYMENT,20,2025-11-19T13:00:00
FRVIAE10001230822,87b962cf-5c99-4812-8f03-16f2047aba80,0.525,EUR,AD_HOC_PAYMENT,20,2026-02-23T00:00:00
FRVIAE10001230821,87b962cf-5c99-4812-8f03-16f2047aba80,0.525,EUR,AD_HOC_PAYMENT,20,2026-02-23T00:00:00
FRVIAE20122063072,1b4c8df3140c49899a53d6c614ef431e,0.4,EUR,AD_HOC_PAYMENT,20,2025-11-19T13:00:00
FRVIAE20122063071,1b4c8df3140c49899a53d6c614ef431e,0.4,EUR,AD_HOC_PAYMENT,20,2025-11-19T13:00:00
FRVIAE10001231732,663d278c-7663-41ea-86aa-015b9a5dd8e4,0.5,EUR,AD_HOC_PAYMENT,20,2026-03-09T00:00:00
FRVIAE10001231731,663d278c-7663-41ea-86aa-015b9a5dd8e4,0.5,EUR,AD_HOC_PAYMENT,20,2026-03-09T00:00:00
FRVIAE20122072022,7e5797d5-0da9-4ea1-beb7-9e3d0fa7e71f,0.325,EUR,AD_HOC_PAYMENT,20,2025-11-19T13:00:00
FRVIAE20122072021,7e5797d5-0da9-4ea1-beb7-9e3d0fa7e71f,0.325,EUR,AD_HOC_PAYMENT,20,2025-11-19T13:00:00
FRVIAE12346295822,1b4c8df3140c49899a53d6c614ef431e,0.4,EUR,AD_HOC_PAYMENT,20,2025-11-19T13:00:00
FRVIAE12346295821,1b4c8df3140c49899a53d6c614ef431e,0.4,EUR,AD_HOC_PAYMENT,20,2025-11-19T13:00:00
FRVIAE12346029942,7e5797d5-0da9-4ea1-beb7-9e3d0fa7e71f,0.325,EUR,AD_HOC_PAYMENT,20,2025-11-19T13:00:00
FRVIAE12346029941,7e5797d5-0da9-4ea1-beb7-9e3d0fa7e71f,0.325,EUR,AD_HOC_PAYMENT,20,2025-11-19T13:00:00
FRVIAE10001231932,87b962cf-5c99-4812-8f03-16f2047aba80,0.525,EUR,AD_HOC_PAYMENT,20,2026-02-23T00:00:00
FRVIAE10001231931,87b962cf-5c99-4812-8f03-16f2047aba80,0.525,EUR,AD_HOC_PAYMENT,20,2026-02-23T00:00:00
FRVIAE10001181362,663d278c-7663-41ea-86aa-015b9a5dd8e4,0.5,EUR,AD_HOC_PAYMENT,20,2026-03-09T00:00:00
FRVIAE10001181361,663d278c-7663-41ea-86aa-015b9a5dd8e4,0.5,EUR,AD_HOC_PAYMENT,20,2026-03-09T00:00:00
FRVIAE20122087022,7e5797d5-0da9-4ea1-beb7-9e3d0fa7e71f,0.325,EUR,AD_HOC_PAYMENT,20,2025-11-19T13:00:00
FRVIAE20122087021,7e5797d5-0da9-4ea1-beb7-9e3d0fa7e71f,0.325,EUR,AD_HOC_PAYMENT,20,2025-11-19T13:00:00
FRVIAE20161004062,5ac8fc13-69bd-4238-91fc-00d74021df49,0.433,EUR,AD_HOC_PAYMENT,20,2026-02-23T00:00:00
FRVIAE20161004061,5ac8fc13-69bd-4238-91fc-00d74021df49,0.433,EUR,AD_HOC_PAYMENT,20,2026-02-23T00:00:00
FRVIAE12345955734,1b4c8df3140c49899a53d6c614ef431e,0.4,EUR,AD_HOC_PAYMENT,20,2025-11-19T13:00:00
FRVIAE12345955733,1b4c8df3140c49899a53d6c614ef431e,0.4,EUR,AD_HOC_PAYMENT,20,2025-11-19T13:00:00
FRVIAE12345955732,1b4c8df3140c49899a53d6c614ef431e,0.4,EUR,AD_HOC_PAYMENT,20,2025-11-19T13:00:00
FRVIAE12345955731,1b4c8df3140c49899a53d6c614ef431e,0.4,EUR,AD_HOC_PAYMENT,20,2025-11-19T13:00:00
FRVIAE10001393712,63b9a2fb-f35c-4dfb-bf27-4a42039521dd,0.55,EUR,AD_HOC_PAYMENT,20,2026-03-09T00:00:00
FRVIAE10001393711,63b9a2fb-f35c-4dfb-bf27-4a42039521dd,0.55,EUR,AD_HOC_PAYMENT,20,2026-03-09T00:00:00
FRVIAE12345727912,1b4c8df3140c49899a53d6c614ef431e,0.4,EUR,AD_HOC_PAYMENT,20,2025-11-19T13:00:00
FRVIAE12345727911,1b4c8df3140c49899a53d6c614ef431e,0.4,EUR,AD_HOC_PAYMENT,20,2025-11-19T13:00:00
FRVIAE10001169973,84ba7e49-a9d1-41d9-85f4-d72d875ec724,0.575,EUR,AD_HOC_PAYMENT,20,2026-03-09T00:00:00
FRVIAE10001169972,84ba7e49-a9d1-41d9-85f4-d72d875ec724,0.575,EUR,AD_HOC_PAYMENT,20,2026-03-09T00:00:00
FRVIAE10001169971,84ba7e49-a9d1-41d9-85f4-d72d875ec724,0.575,EUR,AD_HOC_PAYMENT,20,2026-03-09T00:00:00
FRVIAE10001230992,87b962cf-5c99-4812-8f03-16f2047aba80,0.525,EUR,AD_HOC_PAYMENT,20,2026-02-23T00:00:00
FRVIAE10001230991,87b962cf-5c99-4812-8f03-16f2047aba80,0.525,EUR,AD_HOC_PAYMENT,20,2026-02-23T00:00:00
FRVIAE10001231962,87b962cf-5c99-4812-8f03-16f2047aba80,0.525,EUR,AD_HOC_PAYMENT,20,2026-02-23T00:00:00
FRVIAE10001231961,87b962cf-5c99-4812-8f03-16f2047aba80,0.525,EUR,AD_HOC_PAYMENT,20,2026-02-23T00:00:00
FRVIAE20122082042,7e5797d5-0da9-4ea1-beb7-9e3d0fa7e71f,0.325,EUR,AD_HOC_PAYMENT,20,2025-11-19T13:00:00
FRVIAE20122082041,7e5797d5-0da9-4ea1-beb7-9e3d0fa7e71f,0.325,EUR,AD_HOC_PAYMENT,20,2025-11-19T13:00:00
FRVIAE10001453902,63b9a2fb-f35c-4dfb-bf27-4a42039521dd,0.55,EUR,AD_HOC_PAYMENT,20,2026-03-09T00:00:00
FRVIAE10001453901,63b9a2fb-f35c-4dfb-bf27-4a42039521dd,0.55,EUR,AD_HOC_PAYMENT,20,2026-03-09T00:00:00
FRVIAE10001444712,1b4c8df3140c49899a53d6c614ef431e,0.4,EUR,AD_HOC_PAYMENT,20,2025-11-19T13:00:00
FRVIAE10001444711,1b4c8df3140c49899a53d6c614ef431e,0.4,EUR,AD_HOC_PAYMENT,20,2025-11-19T13:00:00
FRVIAE20103001012,84ba7e49-a9d1-41d9-85f4-d72d875ec724,0.575,EUR,AD_HOC_PAYMENT,20,2026-03-09T00:00:00
FRVIAE20103001011,84ba7e49-a9d1-41d9-85f4-d72d875ec724,0.575,EUR,AD_HOC_PAYMENT,20,2026-03-09T00:00:00
FRVIAE10001180982,87b962cf-5c99-4812-8f03-16f2047aba80,0.525,EUR,AD_HOC_PAYMENT,20,2026-02-23T00:00:00
FRVIAE10001180981,87b962cf-5c99-4812-8f03-16f2047aba80,0.525,EUR,AD_HOC_PAYMENT,20,2026-02-23T00:00:00
FRVIAE20122070022,7e5797d5-0da9-4ea1-beb7-9e3d0fa7e71f,0.325,EUR,AD_HOC_PAYMENT,20,2025-11-19T13:00:00
FRVIAE20122070021,7e5797d5-0da9-4ea1-beb7-9e3d0fa7e71f,0.325,EUR,AD_HOC_PAYMENT,20,2025-11-19T13:00:00
FRVIAE10001231822,663d278c-7663-41ea-86aa-015b9a5dd8e4,0.5,EUR,AD_HOC_PAYMENT,20,2026-03-09T00:00:00
FRVIAE10001231821,663d278c-7663-41ea-86aa-015b9a5dd8e4,0.5,EUR,AD_HOC_PAYMENT,20,2026-03-09T00:00:00
FRVIAE20122236019,1b4c8df3140c49899a53d6c614ef431e,0.4,EUR,AD_HOC_PAYMENT,20,2025-11-19T13:00:00
FRVIAE20122236018,1b4c8df3140c49899a53d6c614ef431e,0.4,EUR,AD_HOC_PAYMENT,20,2025-11-19T13:00:00
FRVIAE20122236017,1b4c8df3140c49899a53d6c614ef431e,0.4,EUR,AD_HOC_PAYMENT,20,2025-11-19T13:00:00
FRVIAE20122236016,1b4c8df3140c49899a53d6c614ef431e,0.4,EUR,AD_HOC_PAYMENT,20,2025-11-19T13:00:00
FRVIAE20122236015,1b4c8df3140c49899a53d6c614ef431e,0.4,EUR,AD_HOC_PAYMENT,20,2025-11-19T13:00:00
FRVIAE20122236014,1b4c8df3140c49899a53d6c614ef431e,0.4,EUR,AD_HOC_PAYMENT,20,2025-11-19T13:00:00
FRVIAE20122236013,1b4c8df3140c49899a53d6c614ef431e,0.4,EUR,AD_HOC_PAYMENT,20,2025-11-19T13:00:00
FRVIAE20122236012,1b4c8df3140c49899a53d6c614ef431e,0.4,EUR,AD_HOC_PAYMENT,20,2025-11-19T13:00:00
FRVIAE201222360110,1b4c8df3140c49899a53d6c614ef431e,0.4,EUR,AD_HOC_PAYMENT,20,2025-11-19T13:00:00
FRVIAE20122236011,1b4c8df3140c49899a53d6c614ef431e,0.4,EUR,AD_HOC_PAYMENT,20,2025-11-19T13:00:00
FRVIAE20122106012,1b4c8df3140c49899a53d6c614ef431e,0.4,EUR,AD_HOC_PAYMENT,20,2025-11-19T13:00:00
FRVIAE20122106011,1b4c8df3140c49899a53d6c614ef431e,0.4,EUR,AD_HOC_PAYMENT,20,2025-11-19T13:00:00
FRVIAE20131003012,64cfd72818304ee28d3a875aef64d31b,0.45,EUR,AD_HOC_PAYMENT,20,2025-11-19T13:00:00
FRVIAE20131003011,64cfd72818304ee28d3a875aef64d31b,0.45,EUR,AD_HOC_PAYMENT,20,2025-11-19T13:00:00
FRVIAE12346031112,7e5797d5-0da9-4ea1-beb7-9e3d0fa7e71f,0.325,EUR,AD_HOC_PAYMENT,20,2025-11-19T13:00:00
FRVIAE12346031111,7e5797d5-0da9-4ea1-beb7-9e3d0fa7e71f,0.325,EUR,AD_HOC_PAYMENT,20,2025-11-19T13:00:00
FRVIAE12345703863,0f286212-cb69-4cd7-abda-c0368a02ccbf,0.325,EUR,AD_HOC_PAYMENT,20,2026-03-09T00:00:00
FRVIAE12345703862,0f286212-cb69-4cd7-abda-c0368a02ccbf,0.325,EUR,AD_HOC_PAYMENT,20,2026-03-09T00:00:00
FRVIAE12345703861,0f286212-cb69-4cd7-abda-c0368a02ccbf,0.325,EUR,AD_HOC_PAYMENT,20,2026-03-09T00:00:00
FRVIAE12346063502,63b9a2fb-f35c-4dfb-bf27-4a42039521dd,0.55,EUR,AD_HOC_PAYMENT,20,2026-03-09T00:00:00
FRVIAE12346063501,63b9a2fb-f35c-4dfb-bf27-4a42039521dd,0.55,EUR,AD_HOC_PAYMENT,20,2026-03-09T00:00:00
FRVIAE12346030282,64cfd72818304ee28d3a875aef64d31b,0.45,EUR,AD_HOC_PAYMENT,20,2025-11-19T13:00:00
FRVIAE12346030281,64cfd72818304ee28d3a875aef64d31b,0.45,EUR,AD_HOC_PAYMENT,20,2025-11-19T13:00:00
FRVIAE20122064042,7e5797d5-0da9-4ea1-beb7-9e3d0fa7e71f,0.325,EUR,AD_HOC_PAYMENT,20,2025-11-19T13:00:00
FRVIAE20122064041,7e5797d5-0da9-4ea1-beb7-9e3d0fa7e71f,0.325,EUR,AD_HOC_PAYMENT,20,2025-11-19T13:00:00
FRVIAE12346030812,7e5797d5-0da9-4ea1-beb7-9e3d0fa7e71f,0.325,EUR,AD_HOC_PAYMENT,20,2025-11-19T13:00:00
FRVIAE12346030811,7e5797d5-0da9-4ea1-beb7-9e3d0fa7e71f,0.325,EUR,AD_HOC_PAYMENT,20,2025-11-19T13:00:00
FRVIAE20122076022,7e5797d5-0da9-4ea1-beb7-9e3d0fa7e71f,0.325,EUR,AD_HOC_PAYMENT,20,2025-11-19T13:00:00
FRVIAE20122076021,7e5797d5-0da9-4ea1-beb7-9e3d0fa7e71f,0.325,EUR,AD_HOC_PAYMENT,20,2025-11-19T13:00:00
FRVIAE12346030002,7e5797d5-0da9-4ea1-beb7-9e3d0fa7e71f,0.325,EUR,AD_HOC_PAYMENT,20,2025-11-19T13:00:00
FRVIAE12346030001,7e5797d5-0da9-4ea1-beb7-9e3d0fa7e71f,0.325,EUR,AD_HOC_PAYMENT,20,2025-11-19T13:00:00
FRVIAE10001205492,65df1f1d-34c8-4886-a465-c0943f5e9ba2,0.45,EUR,AD_HOC_PAYMENT,20,2026-05-11T00:00:00
FRVIAE10001205491,65df1f1d-34c8-4886-a465-c0943f5e9ba2,0.45,EUR,AD_HOC_PAYMENT,20,2026-05-11T00:00:00
FRVIAE12346031302,7e5797d5-0da9-4ea1-beb7-9e3d0fa7e71f,0.325,EUR,AD_HOC_PAYMENT,20,2025-11-19T13:00:00
FRVIAE12346031301,7e5797d5-0da9-4ea1-beb7-9e3d0fa7e71f,0.325,EUR,AD_HOC_PAYMENT,20,2025-11-19T13:00:00
FRVIAE20122168012,7e5797d5-0da9-4ea1-beb7-9e3d0fa7e71f,0.325,EUR,AD_HOC_PAYMENT,20,2025-11-19T13:00:00
FRVIAE20122168011,7e5797d5-0da9-4ea1-beb7-9e3d0fa7e71f,0.325,EUR,AD_HOC_PAYMENT,20,2025-11-19T13:00:00
FRVIAE12346030032,7e5797d5-0da9-4ea1-beb7-9e3d0fa7e71f,0.325,EUR,AD_HOC_PAYMENT,20,2025-11-19T13:00:00
FRVIAE12346030031,7e5797d5-0da9-4ea1-beb7-9e3d0fa7e71f,0.325,EUR,AD_HOC_PAYMENT,20,2025-11-19T13:00:00
FRVIAE12346219682,63b9a2fb-f35c-4dfb-bf27-4a42039521dd,0.55,EUR,AD_HOC_PAYMENT,20,2026-03-09T00:00:00
FRVIAE12346219681,63b9a2fb-f35c-4dfb-bf27-4a42039521dd,0.55,EUR,AD_HOC_PAYMENT,20,2026-03-09T00:00:00
FRVIAE10001444642,1b4c8df3140c49899a53d6c614ef431e,0.4,EUR,AD_HOC_PAYMENT,20,2025-11-19T13:00:00
FRVIAE10001444641,1b4c8df3140c49899a53d6c614ef431e,0.4,EUR,AD_HOC_PAYMENT,20,2025-11-19T13:00:00
FRVIAE10001180972,87b962cf-5c99-4812-8f03-16f2047aba80,0.525,EUR,AD_HOC_PAYMENT,20,2026-02-23T00:00:00
FRVIAE10001180971,87b962cf-5c99-4812-8f03-16f2047aba80,0.525,EUR,AD_HOC_PAYMENT,20,2026-02-23T00:00:00
FRVIAE10001453082,63b9a2fb-f35c-4dfb-bf27-4a42039521dd,0.55,EUR,AD_HOC_PAYMENT,20,2026-03-09T00:00:00
FRVIAE10001453081,63b9a2fb-f35c-4dfb-bf27-4a42039521dd,0.55,EUR,AD_HOC_PAYMENT,20,2026-03-09T00:00:00
FRVIAE12346216452,1b4c8df3140c49899a53d6c614ef431e,0.4,EUR,AD_HOC_PAYMENT,20,2025-11-19T13:00:00
FRVIAE12346216451,1b4c8df3140c49899a53d6c614ef431e,0.4,EUR,AD_HOC_PAYMENT,20,2025-11-19T13:00:00
FRVIAE12346030432,7e5797d5-0da9-4ea1-beb7-9e3d0fa7e71f,0.325,EUR,AD_HOC_PAYMENT,20,2025-11-19T13:00:00
FRVIAE12346030431,7e5797d5-0da9-4ea1-beb7-9e3d0fa7e71f,0.325,EUR,AD_HOC_PAYMENT,20,2025-11-19T13:00:00
FRVIAE10001205382,65df1f1d-34c8-4886-a465-c0943f5e9ba2,0.45,EUR,AD_HOC_PAYMENT,20,2026-05-11T00:00:00
FRVIAE10001205381,65df1f1d-34c8-4886-a465-c0943f5e9ba2,0.45,EUR,AD_HOC_PAYMENT,20,2026-05-11T00:00:00
FRVIAE12346030792,7e5797d5-0da9-4ea1-beb7-9e3d0fa7e71f,0.325,EUR,AD_HOC_PAYMENT,20,2025-11-19T13:00:00
FRVIAE12346030791,7e5797d5-0da9-4ea1-beb7-9e3d0fa7e71f,0.325,EUR,AD_HOC_PAYMENT,20,2025-11-19T13:00:00
FRVIAE12346031322,7e5797d5-0da9-4ea1-beb7-9e3d0fa7e71f,0.325,EUR,AD_HOC_PAYMENT,20,2025-11-19T13:00:00
FRVIAE12346031321,7e5797d5-0da9-4ea1-beb7-9e3d0fa7e71f,0.325,EUR,AD_HOC_PAYMENT,20,2025-11-19T13:00:00
FRVIAE20122084012,7e5797d5-0da9-4ea1-beb7-9e3d0fa7e71f,0.325,EUR,AD_HOC_PAYMENT,20,2025-11-19T13:00:00
FRVIAE20122084011,7e5797d5-0da9-4ea1-beb7-9e3d0fa7e71f,0.325,EUR,AD_HOC_PAYMENT,20,2025-11-19T13:00:00
FRVIAE12346031042,7e5797d5-0da9-4ea1-beb7-9e3d0fa7e71f,0.325,EUR,AD_HOC_PAYMENT,20,2025-11-19T13:00:00
FRVIAE12346031041,7e5797d5-0da9-4ea1-beb7-9e3d0fa7e71f,0.325,EUR,AD_HOC_PAYMENT,20,2025-11-19T13:00:00
FRVIAE20122071022,7e5797d5-0da9-4ea1-beb7-9e3d0fa7e71f,0.325,EUR,AD_HOC_PAYMENT,20,2025-11-19T13:00:00
FRVIAE20122071021,7e5797d5-0da9-4ea1-beb7-9e3d0fa7e71f,0.325,EUR,AD_HOC_PAYMENT,20,2025-11-19T13:00:00
FRVIAE20122097022,7e5797d5-0da9-4ea1-beb7-9e3d0fa7e71f,0.325,EUR,AD_HOC_PAYMENT,20,2025-11-19T13:00:00
FRVIAE20122097021,7e5797d5-0da9-4ea1-beb7-9e3d0fa7e71f,0.325,EUR,AD_HOC_PAYMENT,20,2025-11-19T13:00:00
FRVIAE12346031072,64cfd72818304ee28d3a875aef64d31b,0.45,EUR,AD_HOC_PAYMENT,20,2025-11-19T13:00:00
FRVIAE12346031071,64cfd72818304ee28d3a875aef64d31b,0.45,EUR,AD_HOC_PAYMENT,20,2025-11-19T13:00:00
FRVIAE12346030582,7e5797d5-0da9-4ea1-beb7-9e3d0fa7e71f,0.325,EUR,AD_HOC_PAYMENT,20,2025-11-19T13:00:00
FRVIAE12346030581,7e5797d5-0da9-4ea1-beb7-9e3d0fa7e71f,0.325,EUR,AD_HOC_PAYMENT,20,2025-11-19T13:00:00
FRVIAE20122058012,64cfd72818304ee28d3a875aef64d31b,0.45,EUR,AD_HOC_PAYMENT,20,2025-11-19T13:00:00
FRVIAE20122058011,64cfd72818304ee28d3a875aef64d31b,0.45,EUR,AD_HOC_PAYMENT,20,2025-11-19T13:00:00
FRVIAE10001180832,87b962cf-5c99-4812-8f03-16f2047aba80,0.525,EUR,AD_HOC_PAYMENT,20,2026-02-23T00:00:00
FRVIAE10001180831,87b962cf-5c99-4812-8f03-16f2047aba80,0.525,EUR,AD_HOC_PAYMENT,20,2026-02-23T00:00:00
FRVIAE12345724782,1b4c8df3140c49899a53d6c614ef431e,0.4,EUR,AD_HOC_PAYMENT,20,2025-11-19T13:00:00
FRVIAE12345724781,1b4c8df3140c49899a53d6c614ef431e,0.4,EUR,AD_HOC_PAYMENT,20,2025-11-19T13:00:00
FRVIAE12346030212,7e5797d5-0da9-4ea1-beb7-9e3d0fa7e71f,0.325,EUR,AD_HOC_PAYMENT,20,2025-11-19T13:00:00
FRVIAE12346030211,7e5797d5-0da9-4ea1-beb7-9e3d0fa7e71f,0.325,EUR,AD_HOC_PAYMENT,20,2025-11-19T13:00:00
FRVIAE20122092012,7e5797d5-0da9-4ea1-beb7-9e3d0fa7e71f,0.325,EUR,AD_HOC_PAYMENT,20,2025-11-19T13:00:00
FRVIAE20122092011,7e5797d5-0da9-4ea1-beb7-9e3d0fa7e71f,0.325,EUR,AD_HOC_PAYMENT,20,2025-11-19T13:00:00
FRVIAE10001444472,1b4c8df3140c49899a53d6c614ef431e,0.4,EUR,AD_HOC_PAYMENT,20,2025-11-19T13:00:00
FRVIAE10001444471,1b4c8df3140c49899a53d6c614ef431e,0.4,EUR,AD_HOC_PAYMENT,20,2025-11-19T13:00:00
FRVIAE12346030242,7e5797d5-0da9-4ea1-beb7-9e3d0fa7e71f,0.325,EUR,AD_HOC_PAYMENT,20,2025-11-19T13:00:00
FRVIAE12346030241,7e5797d5-0da9-4ea1-beb7-9e3d0fa7e71f,0.325,EUR,AD_HOC_PAYMENT,20,2025-11-19T13:00:00
FRVIAE12346029902,1b4c8df3140c49899a53d6c614ef431e,0.4,EUR,AD_HOC_PAYMENT,20,2025-11-19T13:00:00
FRVIAE12346029901,1b4c8df3140c49899a53d6c614ef431e,0.4,EUR,AD_HOC_PAYMENT,20,2025-11-19T13:00:00
FRVIAE20122069022,64cfd72818304ee28d3a875aef64d31b,0.45,EUR,AD_HOC_PAYMENT,20,2025-11-19T13:00:00
FRVIAE20122069021,64cfd72818304ee28d3a875aef64d31b,0.45,EUR,AD_HOC_PAYMENT,20,2025-11-19T13:00:00
FRVIAE10001231342,87b962cf-5c99-4812-8f03-16f2047aba80,0.525,EUR,AD_HOC_PAYMENT,20,2026-02-23T00:00:00
FRVIAE10001231341,87b962cf-5c99-4812-8f03-16f2047aba80,0.525,EUR,AD_HOC_PAYMENT,20,2026-02-23T00:00:00
FRVIAE10001475692,63b9a2fb-f35c-4dfb-bf27-4a42039521dd,0.55,EUR,AD_HOC_PAYMENT,20,2026-03-09T00:00:00
FRVIAE10001475691,63b9a2fb-f35c-4dfb-bf27-4a42039521dd,0.55,EUR,AD_HOC_PAYMENT,20,2026-03-09T00:00:00
FRVIAE20122177012,7e5797d5-0da9-4ea1-beb7-9e3d0fa7e71f,0.325,EUR,AD_HOC_PAYMENT,20,2025-11-19T13:00:00
FRVIAE20122177011,7e5797d5-0da9-4ea1-beb7-9e3d0fa7e71f,0.325,EUR,AD_HOC_PAYMENT,20,2025-11-19T13:00:00
FRVIAE20164001012,fa6213d8-d5b6-4194-9c4e-3d089601e0b6,0.458,EUR,AD_HOC_PAYMENT,20,2026-02-23T00:00:00
FRVIAE20164001011,fa6213d8-d5b6-4194-9c4e-3d089601e0b6,0.458,EUR,AD_HOC_PAYMENT,20,2026-02-23T00:00:00
FRVIAE20161010092,5ac8fc13-69bd-4238-91fc-00d74021df49,0.433,EUR,AD_HOC_PAYMENT,20,2026-02-23T00:00:00
FRVIAE20161010091,5ac8fc13-69bd-4238-91fc-00d74021df49,0.433,EUR,AD_HOC_PAYMENT,20,2026-02-23T00:00:00
FRVIAE20122080012,64cfd72818304ee28d3a875aef64d31b,0.45,EUR,AD_HOC_PAYMENT,20,2025-11-19T13:00:00
FRVIAE20122080011,64cfd72818304ee28d3a875aef64d31b,0.45,EUR,AD_HOC_PAYMENT,20,2025-11-19T13:00:00
FRVIAE10001444762,1b4c8df3140c49899a53d6c614ef431e,0.4,EUR,AD_HOC_PAYMENT,20,2025-11-19T13:00:00
FRVIAE10001444761,1b4c8df3140c49899a53d6c614ef431e,0.4,EUR,AD_HOC_PAYMENT,20,2025-11-19T13:00:00
FRVIAE12346116532,7e5797d5-0da9-4ea1-beb7-9e3d0fa7e71f,0.325,EUR,AD_HOC_PAYMENT,20,2025-11-19T13:00:00
FRVIAE12346116531,7e5797d5-0da9-4ea1-beb7-9e3d0fa7e71f,0.325,EUR,AD_HOC_PAYMENT,20,2025-11-19T13:00:00
FRVIAE12346031192,7e5797d5-0da9-4ea1-beb7-9e3d0fa7e71f,0.325,EUR,AD_HOC_PAYMENT,20,2025-11-19T13:00:00
FRVIAE12346031191,7e5797d5-0da9-4ea1-beb7-9e3d0fa7e71f,0.325,EUR,AD_HOC_PAYMENT,20,2025-11-19T13:00:00
FRVIAE12346033482,63b9a2fb-f35c-4dfb-bf27-4a42039521dd,0.55,EUR,AD_HOC_PAYMENT,20,2026-03-09T00:00:00
FRVIAE12346033481,63b9a2fb-f35c-4dfb-bf27-4a42039521dd,0.55,EUR,AD_HOC_PAYMENT,20,2026-03-09T00:00:00
FRVIAE12346031372,7e5797d5-0da9-4ea1-beb7-9e3d0fa7e71f,0.325,EUR,AD_HOC_PAYMENT,20,2025-11-19T13:00:00
FRVIAE12346031371,7e5797d5-0da9-4ea1-beb7-9e3d0fa7e71f,0.325,EUR,AD_HOC_PAYMENT,20,2025-11-19T13:00:00
FRVIAE20122025042,7e5797d5-0da9-4ea1-beb7-9e3d0fa7e71f,0.325,EUR,AD_HOC_PAYMENT,20,2025-11-19T13:00:00
FRVIAE20122025041,7e5797d5-0da9-4ea1-beb7-9e3d0fa7e71f,0.325,EUR,AD_HOC_PAYMENT,20,2025-11-19T13:00:00
FRVIAE20164012032,fa6213d8-d5b6-4194-9c4e-3d089601e0b6,0.458,EUR,AD_HOC_PAYMENT,20,2026-02-23T00:00:00
FRVIAE20164012031,fa6213d8-d5b6-4194-9c4e-3d089601e0b6,0.458,EUR,AD_HOC_PAYMENT,20,2026-02-23T00:00:00
FRVIAE10001453992,63b9a2fb-f35c-4dfb-bf27-4a42039521dd,0.55,EUR,AD_HOC_PAYMENT,20,2026-03-09T00:00:00
FRVIAE10001453991,63b9a2fb-f35c-4dfb-bf27-4a42039521dd,0.55,EUR,AD_HOC_PAYMENT,20,2026-03-09T00:00:00
FRVIAE20122060012,1b4c8df3140c49899a53d6c614ef431e,0.4,EUR,AD_HOC_PAYMENT,20,2025-11-19T13:00:00
FRVIAE20122060011,1b4c8df3140c49899a53d6c614ef431e,0.4,EUR,AD_HOC_PAYMENT,20,2025-11-19T13:00:00
FRVIAE20122088022,7e5797d5-0da9-4ea1-beb7-9e3d0fa7e71f,0.325,EUR,AD_HOC_PAYMENT,20,2025-11-19T13:00:00
FRVIAE20122088021,7e5797d5-0da9-4ea1-beb7-9e3d0fa7e71f,0.325,EUR,AD_HOC_PAYMENT,20,2025-11-19T13:00:00
FRVIAE12346063442,63b9a2fb-f35c-4dfb-bf27-4a42039521dd,0.55,EUR,AD_HOC_PAYMENT,20,2026-03-09T00:00:00
FRVIAE12346063441,63b9a2fb-f35c-4dfb-bf27-4a42039521dd,0.55,EUR,AD_HOC_PAYMENT,20,2026-03-09T00:00:00
FRVIAE20122062022,64cfd72818304ee28d3a875aef64d31b,0.45,EUR,AD_HOC_PAYMENT,20,2025-11-19T13:00:00
FRVIAE20122062021,64cfd72818304ee28d3a875aef64d31b,0.45,EUR,AD_HOC_PAYMENT,20,2025-11-19T13:00:00
FRVIAE20122195016,1b4c8df3140c49899a53d6c614ef431e,0.4,EUR,AD_HOC_PAYMENT,20,2025-11-19T13:00:00
FRVIAE20122195015,1b4c8df3140c49899a53d6c614ef431e,0.4,EUR,AD_HOC_PAYMENT,20,2025-11-19T13:00:00
FRVIAE20122195014,1b4c8df3140c49899a53d6c614ef431e,0.4,EUR,AD_HOC_PAYMENT,20,2025-11-19T13:00:00
FRVIAE20122195013,1b4c8df3140c49899a53d6c614ef431e,0.4,EUR,AD_HOC_PAYMENT,20,2025-11-19T13:00:00
FRVIAE20122195012,1b4c8df3140c49899a53d6c614ef431e,0.4,EUR,AD_HOC_PAYMENT,20,2025-11-19T13:00:00
FRVIAE20122195011,1b4c8df3140c49899a53d6c614ef431e,0.4,EUR,AD_HOC_PAYMENT,20,2025-11-19T13:00:00
FRVIAE10001229572,87b962cf-5c99-4812-8f03-16f2047aba80,0.525,EUR,AD_HOC_PAYMENT,20,2026-02-23T00:00:00
FRVIAE10001229571,87b962cf-5c99-4812-8f03-16f2047aba80,0.525,EUR,AD_HOC_PAYMENT,20,2026-02-23T00:00:00
FRVIAE10001453932,63b9a2fb-f35c-4dfb-bf27-4a42039521dd,0.55,EUR,AD_HOC_PAYMENT,20,2026-03-09T00:00:00
FRVIAE10001453931,63b9a2fb-f35c-4dfb-bf27-4a42039521dd,0.55,EUR,AD_HOC_PAYMENT,20,2026-03-09T00:00:00
FRVIAE10001181302,663d278c-7663-41ea-86aa-015b9a5dd8e4,0.5,EUR,AD_HOC_PAYMENT,20,2026-03-09T00:00:00
FRVIAE10001181301,663d278c-7663-41ea-86aa-015b9a5dd8e4,0.5,EUR,AD_HOC_PAYMENT,20,2026-03-09T00:00:00
FRVIAE12346219612,63b9a2fb-f35c-4dfb-bf27-4a42039521dd,0.55,EUR,AD_HOC_PAYMENT,20,2026-03-09T00:00:00
FRVIAE12346219611,63b9a2fb-f35c-4dfb-bf27-4a42039521dd,0.55,EUR,AD_HOC_PAYMENT,20,2026-03-09T00:00:00
FRVIAE10001453182,d57690eb-0476-4bdf-862a-4fd2da26302f,0.5,EUR,AD_HOC_PAYMENT,20,2026-03-09T00:00:00
FRVIAE10001453181,d57690eb-0476-4bdf-862a-4fd2da26302f,0.5,EUR,AD_HOC_PAYMENT,20,2026-03-09T00:00:00
FRVIAE20122077012,7e5797d5-0da9-4ea1-beb7-9e3d0fa7e71f,0.325,EUR,AD_HOC_PAYMENT,20,2025-11-19T13:00:00
FRVIAE20122077011,7e5797d5-0da9-4ea1-beb7-9e3d0fa7e71f,0.325,EUR,AD_HOC_PAYMENT,20,2025-11-19T13:00:00
FRVIAE20122091012,7e5797d5-0da9-4ea1-beb7-9e3d0fa7e71f,0.325,EUR,AD_HOC_PAYMENT,20,2025-11-19T13:00:00
FRVIAE20122091011,7e5797d5-0da9-4ea1-beb7-9e3d0fa7e71f,0.325,EUR,AD_HOC_PAYMENT,20,2025-11-19T13:00:00
FRVIAE12346029852,7e5797d5-0da9-4ea1-beb7-9e3d0fa7e71f,0.325,EUR,AD_HOC_PAYMENT,20,2025-11-19T13:00:00
FRVIAE12346029851,7e5797d5-0da9-4ea1-beb7-9e3d0fa7e71f,0.325,EUR,AD_HOC_PAYMENT,20,2025-11-19T13:00:00
FRVIAE10001180792,87b962cf-5c99-4812-8f03-16f2047aba80,0.525,EUR,AD_HOC_PAYMENT,20,2026-02-23T00:00:00
FRVIAE10001180791,87b962cf-5c99-4812-8f03-16f2047aba80,0.525,EUR,AD_HOC_PAYMENT,20,2026-02-23T00:00:00
FRVIAE12346030632,7e5797d5-0da9-4ea1-beb7-9e3d0fa7e71f,0.325,EUR,AD_HOC_PAYMENT,20,2025-11-19T13:00:00
FRVIAE12346030631,7e5797d5-0da9-4ea1-beb7-9e3d0fa7e71f,0.325,EUR,AD_HOC_PAYMENT,20,2025-11-19T13:00:00
FRVIAE12346031262,7e5797d5-0da9-4ea1-beb7-9e3d0fa7e71f,0.325,EUR,AD_HOC_PAYMENT,20,2025-11-19T13:00:00
FRVIAE12346031261,7e5797d5-0da9-4ea1-beb7-9e3d0fa7e71f,0.325,EUR,AD_HOC_PAYMENT,20,2025-11-19T13:00:00
FRVIAE20122098012,64cfd72818304ee28d3a875aef64d31b,0.45,EUR,AD_HOC_PAYMENT,20,2025-11-19T13:00:00
FRVIAE20122098011,64cfd72818304ee28d3a875aef64d31b,0.45,EUR,AD_HOC_PAYMENT,20,2025-11-19T13:00:00
FRVIAE20122181012,7e5797d5-0da9-4ea1-beb7-9e3d0fa7e71f,0.325,EUR,AD_HOC_PAYMENT,20,2025-11-19T13:00:00
FRVIAE20122181011,7e5797d5-0da9-4ea1-beb7-9e3d0fa7e71f,0.325,EUR,AD_HOC_PAYMENT,20,2025-11-19T13:00:00
FRVIAE20161005032,fa6213d8-d5b6-4194-9c4e-3d089601e0b6,0.458,EUR,AD_HOC_PAYMENT,20,2026-02-23T00:00:00
FRVIAE20161005031,fa6213d8-d5b6-4194-9c4e-3d089601e0b6,0.458,EUR,AD_HOC_PAYMENT,20,2026-02-23T00:00:00
FRVIAE20122089012,7e5797d5-0da9-4ea1-beb7-9e3d0fa7e71f,0.325,EUR,AD_HOC_PAYMENT,20,2025-11-19T13:00:00
FRVIAE20122089011,7e5797d5-0da9-4ea1-beb7-9e3d0fa7e71f,0.325,EUR,AD_HOC_PAYMENT,20,2025-11-19T13:00:00
FRVIAE10001181032,87b962cf-5c99-4812-8f03-16f2047aba80,0.525,EUR,AD_HOC_PAYMENT,20,2026-02-23T00:00:00
FRVIAE10001181031,87b962cf-5c99-4812-8f03-16f2047aba80,0.525,EUR,AD_HOC_PAYMENT,20,2026-02-23T00:00:00
FRVIAE12345703772,63b9a2fb-f35c-4dfb-bf27-4a42039521dd,0.55,EUR,AD_HOC_PAYMENT,20,2026-03-09T00:00:00
FRVIAE12345703771,63b9a2fb-f35c-4dfb-bf27-4a42039521dd,0.55,EUR,AD_HOC_PAYMENT,20,2026-03-09T00:00:00
FRVIAE10001181092,663d278c-7663-41ea-86aa-015b9a5dd8e4,0.5,EUR,AD_HOC_PAYMENT,20,2026-03-09T00:00:00
FRVIAE10001181091,663d278c-7663-41ea-86aa-015b9a5dd8e4,0.5,EUR,AD_HOC_PAYMENT,20,2026-03-09T00:00:00
FRVIAE20122239032,7e5797d5-0da9-4ea1-beb7-9e3d0fa7e71f,0.325,EUR,AD_HOC_PAYMENT,20,2025-11-19T13:00:00
FRVIAE20122239031,7e5797d5-0da9-4ea1-beb7-9e3d0fa7e71f,0.325,EUR,AD_HOC_PAYMENT,20,2025-11-19T13:00:00
FRVIAE10001205352,65df1f1d-34c8-4886-a465-c0943f5e9ba2,0.45,EUR,AD_HOC_PAYMENT,20,2026-05-11T00:00:00
FRVIAE10001205351,65df1f1d-34c8-4886-a465-c0943f5e9ba2,0.45,EUR,AD_HOC_PAYMENT,20,2026-05-11T00:00:00
FRVIAE20122063062,1b4c8df3140c49899a53d6c614ef431e,0.4,EUR,AD_HOC_PAYMENT,20,2025-11-19T13:00:00
FRVIAE20122063061,1b4c8df3140c49899a53d6c614ef431e,0.4,EUR,AD_HOC_PAYMENT,20,2025-11-19T13:00:00
FRVIAE10001231722,663d278c-7663-41ea-86aa-015b9a5dd8e4,0.5,EUR,AD_HOC_PAYMENT,20,2026-03-09T00:00:00
FRVIAE10001231721,663d278c-7663-41ea-86aa-015b9a5dd8e4,0.5,EUR,AD_HOC_PAYMENT,20,2026-03-09T00:00:00
FRVIAE10001181223,663d278c-7663-41ea-86aa-015b9a5dd8e4,0.5,EUR,AD_HOC_PAYMENT,20,2026-03-09T00:00:00
FRVIAE10001169603,84ba7e49-a9d1-41d9-85f4-d72d875ec724,0.575,EUR,AD_HOC_PAYMENT,20,2026-03-09T00:00:00
FRVIAE10001169602,84ba7e49-a9d1-41d9-85f4-d72d875ec724,0.575,EUR,AD_HOC_PAYMENT,20,2026-03-09T00:00:00
FRVIAE10001169601,84ba7e49-a9d1-41d9-85f4-d72d875ec724,0.575,EUR,AD_HOC_PAYMENT,20,2026-03-09T00:00:00
FRVIAE20122072012,7e5797d5-0da9-4ea1-beb7-9e3d0fa7e71f,0.325,EUR,AD_HOC_PAYMENT,20,2025-11-19T13:00:00
FRVIAE20122072011,7e5797d5-0da9-4ea1-beb7-9e3d0fa7e71f,0.325,EUR,AD_HOC_PAYMENT,20,2025-11-19T13:00:00
FRVIAE12346029932,7e5797d5-0da9-4ea1-beb7-9e3d0fa7e71f,0.325,EUR,AD_HOC_PAYMENT,20,2025-11-19T13:00:00
FRVIAE12346029931,7e5797d5-0da9-4ea1-beb7-9e3d0fa7e71f,0.325,EUR,AD_HOC_PAYMENT,20,2025-11-19T13:00:00
FRVIAE10001205442,65df1f1d-34c8-4886-a465-c0943f5e9ba2,0.45,EUR,AD_HOC_PAYMENT,20,2026-05-11T00:00:00
FRVIAE10001205441,65df1f1d-34c8-4886-a465-c0943f5e9ba2,0.45,EUR,AD_HOC_PAYMENT,20,2026-05-11T00:00:00
FRVIAE10001181222,663d278c-7663-41ea-86aa-015b9a5dd8e4,0.5,EUR,AD_HOC_PAYMENT,20,2026-03-09T00:00:00
FRVIAE10001181221,663d278c-7663-41ea-86aa-015b9a5dd8e4,0.5,EUR,AD_HOC_PAYMENT,20,2026-03-09T00:00:00
FRVIAE20122087012,7e5797d5-0da9-4ea1-beb7-9e3d0fa7e71f,0.325,EUR,AD_HOC_PAYMENT,20,2025-11-19T13:00:00
FRVIAE20122087011,7e5797d5-0da9-4ea1-beb7-9e3d0fa7e71f,0.325,EUR,AD_HOC_PAYMENT,20,2025-11-19T13:00:00
FRVIAE20161004052,5ac8fc13-69bd-4238-91fc-00d74021df49,0.433,EUR,AD_HOC_PAYMENT,20,2026-02-23T00:00:00
FRVIAE20161004051,5ac8fc13-69bd-4238-91fc-00d74021df49,0.433,EUR,AD_HOC_PAYMENT,20,2026-02-23T00:00:00
FRVIAE10001393702,63b9a2fb-f35c-4dfb-bf27-4a42039521dd,0.55,EUR,AD_HOC_PAYMENT,20,2026-03-09T00:00:00
FRVIAE10001393701,63b9a2fb-f35c-4dfb-bf27-4a42039521dd,0.55,EUR,AD_HOC_PAYMENT,20,2026-03-09T00:00:00
FRVIAE12345727902,1b4c8df3140c49899a53d6c614ef431e,0.4,EUR,AD_HOC_PAYMENT,20,2025-11-19T13:00:00
FRVIAE12345727901,1b4c8df3140c49899a53d6c614ef431e,0.4,EUR,AD_HOC_PAYMENT,20,2025-11-19T13:00:00
FRVIAE10001230982,87b962cf-5c99-4812-8f03-16f2047aba80,0.525,EUR,AD_HOC_PAYMENT,20,2026-02-23T00:00:00
FRVIAE10001230981,87b962cf-5c99-4812-8f03-16f2047aba80,0.525,EUR,AD_HOC_PAYMENT,20,2026-02-23T00:00:00
FRVIAE10001205432,65df1f1d-34c8-4886-a465-c0943f5e9ba2,0.45,EUR,AD_HOC_PAYMENT,20,2026-05-11T00:00:00
FRVIAE10001205431,65df1f1d-34c8-4886-a465-c0943f5e9ba2,0.45,EUR,AD_HOC_PAYMENT,20,2026-05-11T00:00:00
FRVIAE20122082032,7e5797d5-0da9-4ea1-beb7-9e3d0fa7e71f,0.325,EUR,AD_HOC_PAYMENT,20,2025-11-19T13:00:00
FRVIAE20122082031,7e5797d5-0da9-4ea1-beb7-9e3d0fa7e71f,0.325,EUR,AD_HOC_PAYMENT,20,2025-11-19T13:00:00
FRVIAE10001169923,84ba7e49-a9d1-41d9-85f4-d72d875ec724,0.575,EUR,AD_HOC_PAYMENT,20,2026-03-09T00:00:00
FRVIAE10001169922,84ba7e49-a9d1-41d9-85f4-d72d875ec724,0.575,EUR,AD_HOC_PAYMENT,20,2026-03-09T00:00:00
FRVIAE10001169921,84ba7e49-a9d1-41d9-85f4-d72d875ec724,0.575,EUR,AD_HOC_PAYMENT,20,2026-03-09T00:00:00
FRVIAE10001180962,87b962cf-5c99-4812-8f03-16f2047aba80,0.525,EUR,AD_HOC_PAYMENT,20,2026-02-23T00:00:00
FRVIAE10001180961,87b962cf-5c99-4812-8f03-16f2047aba80,0.525,EUR,AD_HOC_PAYMENT,20,2026-02-23T00:00:00
FRVIAE20122070012,7e5797d5-0da9-4ea1-beb7-9e3d0fa7e71f,0.325,EUR,AD_HOC_PAYMENT,20,2025-11-19T13:00:00
FRVIAE20122070011,7e5797d5-0da9-4ea1-beb7-9e3d0fa7e71f,0.325,EUR,AD_HOC_PAYMENT,20,2025-11-19T13:00:00
FRVIAE10001231812,663d278c-7663-41ea-86aa-015b9a5dd8e4,0.5,EUR,AD_HOC_PAYMENT,20,2026-03-09T00:00:00
FRVIAE10001231811,663d278c-7663-41ea-86aa-015b9a5dd8e4,0.5,EUR,AD_HOC_PAYMENT,20,2026-03-09T00:00:00
FRVIAE10001181193,663d278c-7663-41ea-86aa-015b9a5dd8e4,0.5,EUR,AD_HOC_PAYMENT,20,2026-03-09T00:00:00
FRVIAE12346031102,7e5797d5-0da9-4ea1-beb7-9e3d0fa7e71f,0.325,EUR,AD_HOC_PAYMENT,20,2025-11-19T13:00:00
FRVIAE12346031101,7e5797d5-0da9-4ea1-beb7-9e3d0fa7e71f,0.325,EUR,AD_HOC_PAYMENT,20,2025-11-19T13:00:00
FRVIAE12346063492,63b9a2fb-f35c-4dfb-bf27-4a42039521dd,0.55,EUR,AD_HOC_PAYMENT,20,2026-03-09T00:00:00
FRVIAE12346063491,63b9a2fb-f35c-4dfb-bf27-4a42039521dd,0.55,EUR,AD_HOC_PAYMENT,20,2026-03-09T00:00:00
FRVIAE20122064032,7e5797d5-0da9-4ea1-beb7-9e3d0fa7e71f,0.325,EUR,AD_HOC_PAYMENT,20,2025-11-19T13:00:00
FRVIAE20122064031,7e5797d5-0da9-4ea1-beb7-9e3d0fa7e71f,0.325,EUR,AD_HOC_PAYMENT,20,2025-11-19T13:00:00
FRVIAE12346030802,7e5797d5-0da9-4ea1-beb7-9e3d0fa7e71f,0.325,EUR,AD_HOC_PAYMENT,20,2025-11-19T13:00:00
FRVIAE12346030801,7e5797d5-0da9-4ea1-beb7-9e3d0fa7e71f,0.325,EUR,AD_HOC_PAYMENT,20,2025-11-19T13:00:00
FRVIAE20122076012,7e5797d5-0da9-4ea1-beb7-9e3d0fa7e71f,0.325,EUR,AD_HOC_PAYMENT,20,2025-11-19T13:00:00
FRVIAE20122076011,7e5797d5-0da9-4ea1-beb7-9e3d0fa7e71f,0.325,EUR,AD_HOC_PAYMENT,20,2025-11-19T13:00:00
FRVIAE12345955292,1b4c8df3140c49899a53d6c614ef431e,0.4,EUR,AD_HOC_PAYMENT,20,2025-11-19T13:00:00
FRVIAE12345955291,1b4c8df3140c49899a53d6c614ef431e,0.4,EUR,AD_HOC_PAYMENT,20,2025-11-19T13:00:00
FRVIAE10001170123,84ba7e49-a9d1-41d9-85f4-d72d875ec724,0.575,EUR,AD_HOC_PAYMENT,20,2026-03-09T00:00:00
FRVIAE10001170122,84ba7e49-a9d1-41d9-85f4-d72d875ec724,0.575,EUR,AD_HOC_PAYMENT,20,2026-03-09T00:00:00
FRVIAE10001170121,84ba7e49-a9d1-41d9-85f4-d72d875ec724,0.575,EUR,AD_HOC_PAYMENT,20,2026-03-09T00:00:00
FRVIAE12346029992,7e5797d5-0da9-4ea1-beb7-9e3d0fa7e71f,0.325,EUR,AD_HOC_PAYMENT,20,2025-11-19T13:00:00
FRVIAE12346029991,7e5797d5-0da9-4ea1-beb7-9e3d0fa7e71f,0.325,EUR,AD_HOC_PAYMENT,20,2025-11-19T13:00:00
FRVIAE12346031252,7e5797d5-0da9-4ea1-beb7-9e3d0fa7e71f,0.325,EUR,AD_HOC_PAYMENT,20,2025-11-19T13:00:00
FRVIAE12346031251,7e5797d5-0da9-4ea1-beb7-9e3d0fa7e71f,0.325,EUR,AD_HOC_PAYMENT,20,2025-11-19T13:00:00
FRVIAE12346219672,63b9a2fb-f35c-4dfb-bf27-4a42039521dd,0.55,EUR,AD_HOC_PAYMENT,20,2026-03-09T00:00:00
FRVIAE12346219671,63b9a2fb-f35c-4dfb-bf27-4a42039521dd,0.55,EUR,AD_HOC_PAYMENT,20,2026-03-09T00:00:00
FRVIAE10001444632,1b4c8df3140c49899a53d6c614ef431e,0.4,EUR,AD_HOC_PAYMENT,20,2025-11-19T13:00:00
FRVIAE10001444631,1b4c8df3140c49899a53d6c614ef431e,0.4,EUR,AD_HOC_PAYMENT,20,2025-11-19T13:00:00
FRVIAE10001180952,87b962cf-5c99-4812-8f03-16f2047aba80,0.525,EUR,AD_HOC_PAYMENT,20,2026-02-23T00:00:00
FRVIAE10001180951,87b962cf-5c99-4812-8f03-16f2047aba80,0.525,EUR,AD_HOC_PAYMENT,20,2026-02-23T00:00:00
FRVIAE10001453052,63b9a2fb-f35c-4dfb-bf27-4a42039521dd,0.55,EUR,AD_HOC_PAYMENT,20,2026-03-09T00:00:00
FRVIAE10001453051,63b9a2fb-f35c-4dfb-bf27-4a42039521dd,0.55,EUR,AD_HOC_PAYMENT,20,2026-03-09T00:00:00
FRVIAE10001180802,87b962cf-5c99-4812-8f03-16f2047aba80,0.525,EUR,AD_HOC_PAYMENT,20,2026-02-23T00:00:00
FRVIAE10001180801,87b962cf-5c99-4812-8f03-16f2047aba80,0.525,EUR,AD_HOC_PAYMENT,20,2026-02-23T00:00:00
FRVIAE12346030702,7e5797d5-0da9-4ea1-beb7-9e3d0fa7e71f,0.325,EUR,AD_HOC_PAYMENT,20,2025-11-19T13:00:00
FRVIAE12346030701,7e5797d5-0da9-4ea1-beb7-9e3d0fa7e71f,0.325,EUR,AD_HOC_PAYMENT,20,2025-11-19T13:00:00
FRVIAE12346031312,7e5797d5-0da9-4ea1-beb7-9e3d0fa7e71f,0.325,EUR,AD_HOC_PAYMENT,20,2025-11-19T13:00:00
FRVIAE12346031311,7e5797d5-0da9-4ea1-beb7-9e3d0fa7e71f,0.325,EUR,AD_HOC_PAYMENT,20,2025-11-19T13:00:00
FRVIAE12346031012,7e5797d5-0da9-4ea1-beb7-9e3d0fa7e71f,0.325,EUR,AD_HOC_PAYMENT,20,2025-11-19T13:00:00
FRVIAE12346031011,7e5797d5-0da9-4ea1-beb7-9e3d0fa7e71f,0.325,EUR,AD_HOC_PAYMENT,20,2025-11-19T13:00:00
FRVIAE20122071012,7e5797d5-0da9-4ea1-beb7-9e3d0fa7e71f,0.325,EUR,AD_HOC_PAYMENT,20,2025-11-19T13:00:00
FRVIAE20122071011,7e5797d5-0da9-4ea1-beb7-9e3d0fa7e71f,0.325,EUR,AD_HOC_PAYMENT,20,2025-11-19T13:00:00
FRVIAE20122097012,7e5797d5-0da9-4ea1-beb7-9e3d0fa7e71f,0.325,EUR,AD_HOC_PAYMENT,20,2025-11-19T13:00:00
FRVIAE20122097011,7e5797d5-0da9-4ea1-beb7-9e3d0fa7e71f,0.325,EUR,AD_HOC_PAYMENT,20,2025-11-19T13:00:00
FRVIAE12346031062,64cfd72818304ee28d3a875aef64d31b,0.45,EUR,AD_HOC_PAYMENT,20,2025-11-19T13:00:00
FRVIAE12346031061,64cfd72818304ee28d3a875aef64d31b,0.45,EUR,AD_HOC_PAYMENT,20,2025-11-19T13:00:00
FRVIAE10001180812,87b962cf-5c99-4812-8f03-16f2047aba80,0.525,EUR,AD_HOC_PAYMENT,20,2026-02-23T00:00:00
FRVIAE10001180811,87b962cf-5c99-4812-8f03-16f2047aba80,0.525,EUR,AD_HOC_PAYMENT,20,2026-02-23T00:00:00
FRVIAE12346030202,7e5797d5-0da9-4ea1-beb7-9e3d0fa7e71f,0.325,EUR,AD_HOC_PAYMENT,20,2025-11-19T13:00:00
FRVIAE12346030201,7e5797d5-0da9-4ea1-beb7-9e3d0fa7e71f,0.325,EUR,AD_HOC_PAYMENT,20,2025-11-19T13:00:00
FRVIAE12346030192,7e5797d5-0da9-4ea1-beb7-9e3d0fa7e71f,0.325,EUR,AD_HOC_PAYMENT,20,2025-11-19T13:00:00
FRVIAE12346030191,7e5797d5-0da9-4ea1-beb7-9e3d0fa7e71f,0.325,EUR,AD_HOC_PAYMENT,20,2025-11-19T13:00:00
FRVIAE12346029892,1b4c8df3140c49899a53d6c614ef431e,0.4,EUR,AD_HOC_PAYMENT,20,2025-11-19T13:00:00
FRVIAE12346029891,1b4c8df3140c49899a53d6c614ef431e,0.4,EUR,AD_HOC_PAYMENT,20,2025-11-19T13:00:00
FRVIAE20122069012,64cfd72818304ee28d3a875aef64d31b,0.45,EUR,AD_HOC_PAYMENT,20,2025-11-19T13:00:00
FRVIAE20122069011,64cfd72818304ee28d3a875aef64d31b,0.45,EUR,AD_HOC_PAYMENT,20,2025-11-19T13:00:00
FRVIAE10001205362,65df1f1d-34c8-4886-a465-c0943f5e9ba2,0.45,EUR,AD_HOC_PAYMENT,20,2026-05-11T00:00:00
FRVIAE10001205361,65df1f1d-34c8-4886-a465-c0943f5e9ba2,0.45,EUR,AD_HOC_PAYMENT,20,2026-05-11T00:00:00
FRVIAE20161010082,5ac8fc13-69bd-4238-91fc-00d74021df49,0.433,EUR,AD_HOC_PAYMENT,20,2026-02-23T00:00:00
FRVIAE20161010081,5ac8fc13-69bd-4238-91fc-00d74021df49,0.433,EUR,AD_HOC_PAYMENT,20,2026-02-23T00:00:00
FRVIAE12345951862,1b4c8df3140c49899a53d6c614ef431e,0.4,EUR,AD_HOC_PAYMENT,20,2025-11-19T13:00:00
FRVIAE12345951861,1b4c8df3140c49899a53d6c614ef431e,0.4,EUR,AD_HOC_PAYMENT,20,2025-11-19T13:00:00
FRVIAE12346031182,7e5797d5-0da9-4ea1-beb7-9e3d0fa7e71f,0.325,EUR,AD_HOC_PAYMENT,20,2025-11-19T13:00:00
FRVIAE12346031181,7e5797d5-0da9-4ea1-beb7-9e3d0fa7e71f,0.325,EUR,AD_HOC_PAYMENT,20,2025-11-19T13:00:00
FRVIAE12346033452,63b9a2fb-f35c-4dfb-bf27-4a42039521dd,0.55,EUR,AD_HOC_PAYMENT,20,2026-03-09T00:00:00
FRVIAE12346033451,63b9a2fb-f35c-4dfb-bf27-4a42039521dd,0.55,EUR,AD_HOC_PAYMENT,20,2026-03-09T00:00:00
FRVIAE20122172012,1b4c8df3140c49899a53d6c614ef431e,0.4,EUR,AD_HOC_PAYMENT,20,2025-11-19T13:00:00
FRVIAE20122172011,1b4c8df3140c49899a53d6c614ef431e,0.4,EUR,AD_HOC_PAYMENT,20,2025-11-19T13:00:00
FRVIAE20122025032,7e5797d5-0da9-4ea1-beb7-9e3d0fa7e71f,0.325,EUR,AD_HOC_PAYMENT,20,2025-11-19T13:00:00
FRVIAE20122025031,7e5797d5-0da9-4ea1-beb7-9e3d0fa7e71f,0.325,EUR,AD_HOC_PAYMENT,20,2025-11-19T13:00:00
FRVIAE20164012022,5ac8fc13-69bd-4238-91fc-00d74021df49,0.433,EUR,AD_HOC_PAYMENT,20,2026-02-23T00:00:00
FRVIAE20164012021,5ac8fc13-69bd-4238-91fc-00d74021df49,0.433,EUR,AD_HOC_PAYMENT,20,2026-02-23T00:00:00
FRVIAE10001453982,63b9a2fb-f35c-4dfb-bf27-4a42039521dd,0.55,EUR,AD_HOC_PAYMENT,20,2026-03-09T00:00:00
FRVIAE10001453981,63b9a2fb-f35c-4dfb-bf27-4a42039521dd,0.55,EUR,AD_HOC_PAYMENT,20,2026-03-09T00:00:00
FRVIAE20122088012,7e5797d5-0da9-4ea1-beb7-9e3d0fa7e71f,0.325,EUR,AD_HOC_PAYMENT,20,2025-11-19T13:00:00
FRVIAE20122088011,7e5797d5-0da9-4ea1-beb7-9e3d0fa7e71f,0.325,EUR,AD_HOC_PAYMENT,20,2025-11-19T13:00:00
FRVIAE12346063432,63b9a2fb-f35c-4dfb-bf27-4a42039521dd,0.55,EUR,AD_HOC_PAYMENT,20,2026-03-09T00:00:00
FRVIAE12346063431,63b9a2fb-f35c-4dfb-bf27-4a42039521dd,0.55,EUR,AD_HOC_PAYMENT,20,2026-03-09T00:00:00
FRVIAE20122062012,64cfd72818304ee28d3a875aef64d31b,0.45,EUR,AD_HOC_PAYMENT,20,2025-11-19T13:00:00
FRVIAE20122062011,64cfd72818304ee28d3a875aef64d31b,0.45,EUR,AD_HOC_PAYMENT,20,2025-11-19T13:00:00
FRVIAE10001205452,65df1f1d-34c8-4886-a465-c0943f5e9ba2,0.45,EUR,AD_HOC_PAYMENT,20,2026-05-11T00:00:00
FRVIAE10001205451,65df1f1d-34c8-4886-a465-c0943f5e9ba2,0.45,EUR,AD_HOC_PAYMENT,20,2026-05-11T00:00:00
FRVIAE10001170193,84ba7e49-a9d1-41d9-85f4-d72d875ec724,0.575,EUR,AD_HOC_PAYMENT,20,2026-03-09T00:00:00
FRVIAE10001170192,84ba7e49-a9d1-41d9-85f4-d72d875ec724,0.575,EUR,AD_HOC_PAYMENT,20,2026-03-09T00:00:00
FRVIAE10001170191,84ba7e49-a9d1-41d9-85f4-d72d875ec724,0.575,EUR,AD_HOC_PAYMENT,20,2026-03-09T00:00:00
FRVIAE10001169953,84ba7e49-a9d1-41d9-85f4-d72d875ec724,0.575,EUR,AD_HOC_PAYMENT,20,2026-03-09T00:00:00
FRVIAE10001169952,84ba7e49-a9d1-41d9-85f4-d72d875ec724,0.575,EUR,AD_HOC_PAYMENT,20,2026-03-09T00:00:00
FRVIAE10001169951,84ba7e49-a9d1-41d9-85f4-d72d875ec724,0.575,EUR,AD_HOC_PAYMENT,20,2026-03-09T00:00:00
FRVIAE12345703853,0f286212-cb69-4cd7-abda-c0368a02ccbf,0.325,EUR,AD_HOC_PAYMENT,20,2026-03-09T00:00:00
FRVIAE12345703852,0f286212-cb69-4cd7-abda-c0368a02ccbf,0.325,EUR,AD_HOC_PAYMENT,20,2026-03-09T00:00:00
FRVIAE12345703851,0f286212-cb69-4cd7-abda-c0368a02ccbf,0.325,EUR,AD_HOC_PAYMENT,20,2026-03-09T00:00:00
FRVIAE12346219602,63b9a2fb-f35c-4dfb-bf27-4a42039521dd,0.55,EUR,AD_HOC_PAYMENT,20,2026-03-09T00:00:00
FRVIAE12346219601,63b9a2fb-f35c-4dfb-bf27-4a42039521dd,0.55,EUR,AD_HOC_PAYMENT,20,2026-03-09T00:00:00
FRVIAE10001453162,d57690eb-0476-4bdf-862a-4fd2da26302f,0.5,EUR,AD_HOC_PAYMENT,20,2026-03-09T00:00:00
FRVIAE10001453161,d57690eb-0476-4bdf-862a-4fd2da26302f,0.5,EUR,AD_HOC_PAYMENT,20,2026-03-09T00:00:00
FRVIAE10001180782,87b962cf-5c99-4812-8f03-16f2047aba80,0.525,EUR,AD_HOC_PAYMENT,20,2026-02-23T00:00:00
FRVIAE10001180781,87b962cf-5c99-4812-8f03-16f2047aba80,0.525,EUR,AD_HOC_PAYMENT,20,2026-02-23T00:00:00
FRVIAE20161005022,fa6213d8-d5b6-4194-9c4e-3d089601e0b6,0.458,EUR,AD_HOC_PAYMENT,20,2026-02-23T00:00:00
FRVIAE20161005021,fa6213d8-d5b6-4194-9c4e-3d089601e0b6,0.458,EUR,AD_HOC_PAYMENT,20,2026-02-23T00:00:00
FRVIAE10001181192,663d278c-7663-41ea-86aa-015b9a5dd8e4,0.5,EUR,AD_HOC_PAYMENT,20,2026-03-09T00:00:00
FRVIAE10001181191,663d278c-7663-41ea-86aa-015b9a5dd8e4,0.5,EUR,AD_HOC_PAYMENT,20,2026-03-09T00:00:00
FRVIAE10001181503,663d278c-7663-41ea-86aa-015b9a5dd8e4,0.5,EUR,AD_HOC_PAYMENT,20,2026-03-09T00:00:00
FRVIAE20122239022,7e5797d5-0da9-4ea1-beb7-9e3d0fa7e71f,0.325,EUR,AD_HOC_PAYMENT,20,2025-11-19T13:00:00
FRVIAE20122239021,7e5797d5-0da9-4ea1-beb7-9e3d0fa7e71f,0.325,EUR,AD_HOC_PAYMENT,20,2025-11-19T13:00:00
FRVIAE20122063052,1b4c8df3140c49899a53d6c614ef431e,0.4,EUR,AD_HOC_PAYMENT,20,2025-11-19T13:00:00
FRVIAE20122063051,1b4c8df3140c49899a53d6c614ef431e,0.4,EUR,AD_HOC_PAYMENT,20,2025-11-19T13:00:00
FRVIAE10001181502,663d278c-7663-41ea-86aa-015b9a5dd8e4,0.5,EUR,AD_HOC_PAYMENT,20,2026-03-09T00:00:00
FRVIAE10001181501,663d278c-7663-41ea-86aa-015b9a5dd8e4,0.5,EUR,AD_HOC_PAYMENT,20,2026-03-09T00:00:00
FRVIAE10001181523,663d278c-7663-41ea-86aa-015b9a5dd8e4,0.5,EUR,AD_HOC_PAYMENT,20,2026-03-09T00:00:00
FRVIAE20161004042,5ac8fc13-69bd-4238-91fc-00d74021df49,0.433,EUR,AD_HOC_PAYMENT,20,2026-02-23T00:00:00
FRVIAE20161004041,5ac8fc13-69bd-4238-91fc-00d74021df49,0.433,EUR,AD_HOC_PAYMENT,20,2026-02-23T00:00:00
FRVIAE10001230972,87b962cf-5c99-4812-8f03-16f2047aba80,0.525,EUR,AD_HOC_PAYMENT,20,2026-02-23T00:00:00
FRVIAE10001230971,87b962cf-5c99-4812-8f03-16f2047aba80,0.525,EUR,AD_HOC_PAYMENT,20,2026-02-23T00:00:00
FRVIAE20122082022,7e5797d5-0da9-4ea1-beb7-9e3d0fa7e71f,0.325,EUR,AD_HOC_PAYMENT,20,2025-11-19T13:00:00
FRVIAE20122082021,7e5797d5-0da9-4ea1-beb7-9e3d0fa7e71f,0.325,EUR,AD_HOC_PAYMENT,20,2025-11-19T13:00:00
FRVIAE10001180942,87b962cf-5c99-4812-8f03-16f2047aba80,0.525,EUR,AD_HOC_PAYMENT,20,2026-02-23T00:00:00
FRVIAE10001180941,87b962cf-5c99-4812-8f03-16f2047aba80,0.525,EUR,AD_HOC_PAYMENT,20,2026-02-23T00:00:00
FRVIAE12346063472,63b9a2fb-f35c-4dfb-bf27-4a42039521dd,0.55,EUR,AD_HOC_PAYMENT,20,2026-03-09T00:00:00
FRVIAE12346063471,63b9a2fb-f35c-4dfb-bf27-4a42039521dd,0.55,EUR,AD_HOC_PAYMENT,20,2026-03-09T00:00:00
FRVIAE20122064022,7e5797d5-0da9-4ea1-beb7-9e3d0fa7e71f,0.325,EUR,AD_HOC_PAYMENT,20,2025-11-19T13:00:00
FRVIAE20122064021,7e5797d5-0da9-4ea1-beb7-9e3d0fa7e71f,0.325,EUR,AD_HOC_PAYMENT,20,2025-11-19T13:00:00
FRVIAE12346219663,0f286212-cb69-4cd7-abda-c0368a02ccbf,0.325,EUR,AD_HOC_PAYMENT,20,2026-03-09T00:00:00
FRVIAE12346219662,0f286212-cb69-4cd7-abda-c0368a02ccbf,0.325,EUR,AD_HOC_PAYMENT,20,2026-03-09T00:00:00
FRVIAE12346219661,0f286212-cb69-4cd7-abda-c0368a02ccbf,0.325,EUR,AD_HOC_PAYMENT,20,2026-03-09T00:00:00
FRVIAE10001180932,87b962cf-5c99-4812-8f03-16f2047aba80,0.525,EUR,AD_HOC_PAYMENT,20,2026-02-23T00:00:00
FRVIAE10001180931,87b962cf-5c99-4812-8f03-16f2047aba80,0.525,EUR,AD_HOC_PAYMENT,20,2026-02-23T00:00:00
FRVIAE10001180772,87b962cf-5c99-4812-8f03-16f2047aba80,0.525,EUR,AD_HOC_PAYMENT,20,2026-02-23T00:00:00
FRVIAE10001180771,87b962cf-5c99-4812-8f03-16f2047aba80,0.525,EUR,AD_HOC_PAYMENT,20,2026-02-23T00:00:00
FRVIAE20161010072,5ac8fc13-69bd-4238-91fc-00d74021df49,0.433,EUR,AD_HOC_PAYMENT,20,2026-02-23T00:00:00
FRVIAE20161010071,5ac8fc13-69bd-4238-91fc-00d74021df49,0.433,EUR,AD_HOC_PAYMENT,20,2026-02-23T00:00:00
FRVIAE12346031172,7e5797d5-0da9-4ea1-beb7-9e3d0fa7e71f,0.325,EUR,AD_HOC_PAYMENT,20,2025-11-19T13:00:00
FRVIAE12346031171,7e5797d5-0da9-4ea1-beb7-9e3d0fa7e71f,0.325,EUR,AD_HOC_PAYMENT,20,2025-11-19T13:00:00
FRVIAE12346033383,0f286212-cb69-4cd7-abda-c0368a02ccbf,0.325,EUR,AD_HOC_PAYMENT,20,2026-03-09T00:00:00
FRVIAE12346033382,0f286212-cb69-4cd7-abda-c0368a02ccbf,0.325,EUR,AD_HOC_PAYMENT,20,2026-03-09T00:00:00
FRVIAE12346033381,0f286212-cb69-4cd7-abda-c0368a02ccbf,0.325,EUR,AD_HOC_PAYMENT,20,2026-03-09T00:00:00
FRVIAE20122025022,7e5797d5-0da9-4ea1-beb7-9e3d0fa7e71f,0.325,EUR,AD_HOC_PAYMENT,20,2025-11-19T13:00:00
FRVIAE20122025021,7e5797d5-0da9-4ea1-beb7-9e3d0fa7e71f,0.325,EUR,AD_HOC_PAYMENT,20,2025-11-19T13:00:00
FRVIAE20164012012,5ac8fc13-69bd-4238-91fc-00d74021df49,0.433,EUR,AD_HOC_PAYMENT,20,2026-02-23T00:00:00
FRVIAE20164012011,5ac8fc13-69bd-4238-91fc-00d74021df49,0.433,EUR,AD_HOC_PAYMENT,20,2026-02-23T00:00:00
FRVIAE12346063422,63b9a2fb-f35c-4dfb-bf27-4a42039521dd,0.55,EUR,AD_HOC_PAYMENT,20,2026-03-09T00:00:00
FRVIAE12346063421,63b9a2fb-f35c-4dfb-bf27-4a42039521dd,0.55,EUR,AD_HOC_PAYMENT,20,2026-03-09T00:00:00
FRVIAE10001169593,84ba7e49-a9d1-41d9-85f4-d72d875ec724,0.575,EUR,AD_HOC_PAYMENT,20,2026-03-09T00:00:00
FRVIAE10001169592,84ba7e49-a9d1-41d9-85f4-d72d875ec724,0.575,EUR,AD_HOC_PAYMENT,20,2026-03-09T00:00:00
FRVIAE10001169591,84ba7e49-a9d1-41d9-85f4-d72d875ec724,0.575,EUR,AD_HOC_PAYMENT,20,2026-03-09T00:00:00
FRVIAE10001169913,84ba7e49-a9d1-41d9-85f4-d72d875ec724,0.575,EUR,AD_HOC_PAYMENT,20,2026-03-09T00:00:00
FRVIAE10001169912,84ba7e49-a9d1-41d9-85f4-d72d875ec724,0.575,EUR,AD_HOC_PAYMENT,20,2026-03-09T00:00:00
FRVIAE10001169911,84ba7e49-a9d1-41d9-85f4-d72d875ec724,0.575,EUR,AD_HOC_PAYMENT,20,2026-03-09T00:00:00
FRVIAE10001181522,663d278c-7663-41ea-86aa-015b9a5dd8e4,0.5,EUR,AD_HOC_PAYMENT,20,2026-03-09T00:00:00
FRVIAE10001181521,663d278c-7663-41ea-86aa-015b9a5dd8e4,0.5,EUR,AD_HOC_PAYMENT,20,2026-03-09T00:00:00
FRVIAE12346219592,63b9a2fb-f35c-4dfb-bf27-4a42039521dd,0.55,EUR,AD_HOC_PAYMENT,20,2026-03-09T00:00:00
FRVIAE12346219591,63b9a2fb-f35c-4dfb-bf27-4a42039521dd,0.55,EUR,AD_HOC_PAYMENT,20,2026-03-09T00:00:00
FRVIAE10001170013,84ba7e49-a9d1-41d9-85f4-d72d875ec724,0.575,EUR,AD_HOC_PAYMENT,20,2026-03-09T00:00:00
FRVIAE10001170012,84ba7e49-a9d1-41d9-85f4-d72d875ec724,0.575,EUR,AD_HOC_PAYMENT,20,2026-03-09T00:00:00
FRVIAE10001170011,84ba7e49-a9d1-41d9-85f4-d72d875ec724,0.575,EUR,AD_HOC_PAYMENT,20,2026-03-09T00:00:00
FRVIAE10001170183,84ba7e49-a9d1-41d9-85f4-d72d875ec724,0.575,EUR,AD_HOC_PAYMENT,20,2026-03-09T00:00:00
FRVIAE10001170182,84ba7e49-a9d1-41d9-85f4-d72d875ec724,0.575,EUR,AD_HOC_PAYMENT,20,2026-03-09T00:00:00
FRVIAE10001170181,84ba7e49-a9d1-41d9-85f4-d72d875ec724,0.575,EUR,AD_HOC_PAYMENT,20,2026-03-09T00:00:00
FRVIAE10001453153,d57690eb-0476-4bdf-862a-4fd2da26302f,0.5,EUR,AD_HOC_PAYMENT,20,2026-03-09T00:00:00
FRVIAE10001453152,7e5797d5-0da9-4ea1-beb7-9e3d0fa7e71f,0.325,EUR,AD_HOC_PAYMENT,20,2025-11-19T13:00:00
FRVIAE10001453151,7e5797d5-0da9-4ea1-beb7-9e3d0fa7e71f,0.325,EUR,AD_HOC_PAYMENT,20,2025-11-19T13:00:00
FRVIAE10001180762,87b962cf-5c99-4812-8f03-16f2047aba80,0.525,EUR,AD_HOC_PAYMENT,20,2026-02-23T00:00:00
FRVIAE10001180761,87b962cf-5c99-4812-8f03-16f2047aba80,0.525,EUR,AD_HOC_PAYMENT,20,2026-02-23T00:00:00
FRVIAE20161005012,fa6213d8-d5b6-4194-9c4e-3d089601e0b6,0.458,EUR,AD_HOC_PAYMENT,20,2026-02-23T00:00:00
FRVIAE20161005011,fa6213d8-d5b6-4194-9c4e-3d089601e0b6,0.458,EUR,AD_HOC_PAYMENT,20,2026-02-23T00:00:00
FRVIAE20122239012,7e5797d5-0da9-4ea1-beb7-9e3d0fa7e71f,0.325,EUR,AD_HOC_PAYMENT,20,2025-11-19T13:00:00
FRVIAE20122239011,7e5797d5-0da9-4ea1-beb7-9e3d0fa7e71f,0.325,EUR,AD_HOC_PAYMENT,20,2025-11-19T13:00:00
FRVIAE20122063042,1b4c8df3140c49899a53d6c614ef431e,0.4,EUR,AD_HOC_PAYMENT,20,2025-11-19T13:00:00
FRVIAE20122063041,1b4c8df3140c49899a53d6c614ef431e,0.4,EUR,AD_HOC_PAYMENT,20,2025-11-19T13:00:00
FRVIAE20161004032,5ac8fc13-69bd-4238-91fc-00d74021df49,0.433,EUR,AD_HOC_PAYMENT,20,2026-02-23T00:00:00
FRVIAE20161004031,5ac8fc13-69bd-4238-91fc-00d74021df49,0.433,EUR,AD_HOC_PAYMENT,20,2026-02-23T00:00:00
FRVIAE10001205502,65df1f1d-34c8-4886-a465-c0943f5e9ba2,0.45,EUR,AD_HOC_PAYMENT,20,2026-05-11T00:00:00
FRVIAE10001205501,65df1f1d-34c8-4886-a465-c0943f5e9ba2,0.45,EUR,AD_HOC_PAYMENT,20,2026-05-11T00:00:00
FRVIAE20122082012,7e5797d5-0da9-4ea1-beb7-9e3d0fa7e71f,0.325,EUR,AD_HOC_PAYMENT,20,2025-11-19T13:00:00
FRVIAE20122082011,7e5797d5-0da9-4ea1-beb7-9e3d0fa7e71f,0.325,EUR,AD_HOC_PAYMENT,20,2025-11-19T13:00:00
FRVIAE10001180922,87b962cf-5c99-4812-8f03-16f2047aba80,0.525,EUR,AD_HOC_PAYMENT,20,2026-02-23T00:00:00
FRVIAE10001180921,87b962cf-5c99-4812-8f03-16f2047aba80,0.525,EUR,AD_HOC_PAYMENT,20,2026-02-23T00:00:00
FRVIAE20122064012,7e5797d5-0da9-4ea1-beb7-9e3d0fa7e71f,0.325,EUR,AD_HOC_PAYMENT,20,2025-11-19T13:00:00
FRVIAE20122064011,7e5797d5-0da9-4ea1-beb7-9e3d0fa7e71f,0.325,EUR,AD_HOC_PAYMENT,20,2025-11-19T13:00:00
FRVIAE10001180912,87b962cf-5c99-4812-8f03-16f2047aba80,0.525,EUR,AD_HOC_PAYMENT,20,2026-02-23T00:00:00
FRVIAE10001180911,87b962cf-5c99-4812-8f03-16f2047aba80,0.525,EUR,AD_HOC_PAYMENT,20,2026-02-23T00:00:00
FRVIAE10001180752,87b962cf-5c99-4812-8f03-16f2047aba80,0.525,EUR,AD_HOC_PAYMENT,20,2026-02-23T00:00:00
FRVIAE10001180751,87b962cf-5c99-4812-8f03-16f2047aba80,0.525,EUR,AD_HOC_PAYMENT,20,2026-02-23T00:00:00
FRVIAE20161010062,5ac8fc13-69bd-4238-91fc-00d74021df49,0.433,EUR,AD_HOC_PAYMENT,20,2026-02-23T00:00:00
FRVIAE20161010061,5ac8fc13-69bd-4238-91fc-00d74021df49,0.433,EUR,AD_HOC_PAYMENT,20,2026-02-23T00:00:00
FRVIAE12346031162,7e5797d5-0da9-4ea1-beb7-9e3d0fa7e71f,0.325,EUR,AD_HOC_PAYMENT,20,2025-11-19T13:00:00
FRVIAE12346031161,7e5797d5-0da9-4ea1-beb7-9e3d0fa7e71f,0.325,EUR,AD_HOC_PAYMENT,20,2025-11-19T13:00:00
FRVIAE20122025012,7e5797d5-0da9-4ea1-beb7-9e3d0fa7e71f,0.325,EUR,AD_HOC_PAYMENT,20,2025-11-19T13:00:00
FRVIAE20122025011,7e5797d5-0da9-4ea1-beb7-9e3d0fa7e71f,0.325,EUR,AD_HOC_PAYMENT,20,2025-11-19T13:00:00
FRVIAE10001181182,663d278c-7663-41ea-86aa-015b9a5dd8e4,0.5,EUR,AD_HOC_PAYMENT,20,2026-03-09T00:00:00
FRVIAE10001181181,663d278c-7663-41ea-86aa-015b9a5dd8e4,0.5,EUR,AD_HOC_PAYMENT,20,2026-03-09T00:00:00
FRVIAE12346219572,63b9a2fb-f35c-4dfb-bf27-4a42039521dd,0.55,EUR,AD_HOC_PAYMENT,20,2026-03-09T00:00:00
FRVIAE12346219571,63b9a2fb-f35c-4dfb-bf27-4a42039521dd,0.55,EUR,AD_HOC_PAYMENT,20,2026-03-09T00:00:00
FRVIAE12346219653,0f286212-cb69-4cd7-abda-c0368a02ccbf,0.325,EUR,AD_HOC_PAYMENT,20,2026-03-09T00:00:00
FRVIAE12346219652,0f286212-cb69-4cd7-abda-c0368a02ccbf,0.325,EUR,AD_HOC_PAYMENT,20,2026-03-09T00:00:00
FRVIAE12346219651,0f286212-cb69-4cd7-abda-c0368a02ccbf,0.325,EUR,AD_HOC_PAYMENT,20,2026-03-09T00:00:00
FRVIAE20123013032,e9a95d1a-7f0c-49b8-a860-4f450bce162c,0.241,EUR,AD_HOC_PAYMENT,20,2026-03-09T00:00:00
FRVIAE20123013031,e9a95d1a-7f0c-49b8-a860-4f450bce162c,0.241,EUR,AD_HOC_PAYMENT,20,2026-03-09T00:00:00
FRVIAE20142049012,1b4c8df3140c49899a53d6c614ef431e,0.4,EUR,AD_HOC_PAYMENT,20,2025-11-19T13:00:00
FRVIAE20142049011,1b4c8df3140c49899a53d6c614ef431e,0.4,EUR,AD_HOC_PAYMENT,20,2025-11-19T13:00:00
FRVIAE20142063013,1b4c8df3140c49899a53d6c614ef431e,0.4,EUR,AD_HOC_PAYMENT,20,2025-11-19T13:00:00
FRVIAE20142063012,1b4c8df3140c49899a53d6c614ef431e,0.4,EUR,AD_HOC_PAYMENT,20,2025-11-19T13:00:00
FRVIAE20142063011,1b4c8df3140c49899a53d6c614ef431e,0.4,EUR,AD_HOC_PAYMENT,20,2025-11-19T13:00:00
FRVIAE20142007012,1b4c8df3140c49899a53d6c614ef431e,0.4,EUR,AD_HOC_PAYMENT,20,2025-11-19T13:00:00
FRVIAE20142007011,1b4c8df3140c49899a53d6c614ef431e,0.4,EUR,AD_HOC_PAYMENT,20,2025-11-19T13:00:00
FRVIAE20103004042,84ba7e49-a9d1-41d9-85f4-d72d875ec724,0.575,EUR,AD_HOC_PAYMENT,20,2026-03-09T00:00:00
FRVIAE20103004041,84ba7e49-a9d1-41d9-85f4-d72d875ec724,0.575,EUR,AD_HOC_PAYMENT,20,2026-03-09T00:00:00
FRVIAE20142078012,1b4c8df3140c49899a53d6c614ef431e,0.4,EUR,AD_HOC_PAYMENT,20,2025-11-19T13:00:00
FRVIAE20142078011,1b4c8df3140c49899a53d6c614ef431e,0.4,EUR,AD_HOC_PAYMENT,20,2025-11-19T13:00:00
FRVIAE20142012012,1b4c8df3140c49899a53d6c614ef431e,0.4,EUR,AD_HOC_PAYMENT,20,2025-11-19T13:00:00
FRVIAE20142012011,1b4c8df3140c49899a53d6c614ef431e,0.4,EUR,AD_HOC_PAYMENT,20,2025-11-19T13:00:00
FRVIAE10001093022,1b4c8df3140c49899a53d6c614ef431e,0.4,EUR,AD_HOC_PAYMENT,20,2025-11-19T13:00:00
FRVIAE10001093021,1b4c8df3140c49899a53d6c614ef431e,0.4,EUR,AD_HOC_PAYMENT,20,2025-11-19T13:00:00
FRVIAE20142064012,1b4c8df3140c49899a53d6c614ef431e,0.4,EUR,AD_HOC_PAYMENT,20,2025-11-19T13:00:00
FRVIAE20142064011,1b4c8df3140c49899a53d6c614ef431e,0.4,EUR,AD_HOC_PAYMENT,20,2025-11-19T13:00:00
FRVIAE20142062012,1b4c8df3140c49899a53d6c614ef431e,0.4,EUR,AD_HOC_PAYMENT,20,2025-11-19T13:00:00
FRVIAE20142062011,1b4c8df3140c49899a53d6c614ef431e,0.4,EUR,AD_HOC_PAYMENT,20,2025-11-19T13:00:00
FRVIAE10001181172,663d278c-7663-41ea-86aa-015b9a5dd8e4,0.5,EUR,AD_HOC_PAYMENT,20,2026-03-09T00:00:00
FRVIAE10001181171,663d278c-7663-41ea-86aa-015b9a5dd8e4,0.5,EUR,AD_HOC_PAYMENT,20,2026-03-09T00:00:00
FRVIAE10001158072,1b4c8df3140c49899a53d6c614ef431e,0.4,EUR,AD_HOC_PAYMENT,20,2025-11-19T13:00:00
FRVIAE10001158071,1b4c8df3140c49899a53d6c614ef431e,0.4,EUR,AD_HOC_PAYMENT,20,2025-11-19T13:00:00
FRVIAE10001301052,663d278c-7663-41ea-86aa-015b9a5dd8e4,0.5,EUR,AD_HOC_PAYMENT,20,2026-03-09T00:00:00
FRVIAE10001301051,663d278c-7663-41ea-86aa-015b9a5dd8e4,0.5,EUR,AD_HOC_PAYMENT,20,2026-03-09T00:00:00
FRVIAE12345724922,1b4c8df3140c49899a53d6c614ef431e,0.4,EUR,AD_HOC_PAYMENT,20,2025-11-19T13:00:00
FRVIAE12345724921,1b4c8df3140c49899a53d6c614ef431e,0.4,EUR,AD_HOC_PAYMENT,20,2025-11-19T13:00:00
FRVIAE20142022012,1b4c8df3140c49899a53d6c614ef431e,0.4,EUR,AD_HOC_PAYMENT,20,2025-11-19T13:00:00
FRVIAE20142022011,1b4c8df3140c49899a53d6c614ef431e,0.4,EUR,AD_HOC_PAYMENT,20,2025-11-19T13:00:00
FRVIAE10001093012,1b4c8df3140c49899a53d6c614ef431e,0.4,EUR,AD_HOC_PAYMENT,20,2025-11-19T13:00:00
FRVIAE10001093011,1b4c8df3140c49899a53d6c614ef431e,0.4,EUR,AD_HOC_PAYMENT,20,2025-11-19T13:00:00
FRVIAE12346141796,1b4c8df3140c49899a53d6c614ef431e,0.4,EUR,AD_HOC_PAYMENT,20,2025-11-19T13:00:00
FRVIAE12346141795,1b4c8df3140c49899a53d6c614ef431e,0.4,EUR,AD_HOC_PAYMENT,20,2025-11-19T13:00:00
FRVIAE12346141794,1b4c8df3140c49899a53d6c614ef431e,0.4,EUR,AD_HOC_PAYMENT,20,2025-11-19T13:00:00
FRVIAE12346141793,1b4c8df3140c49899a53d6c614ef431e,0.4,EUR,AD_HOC_PAYMENT,20,2025-11-19T13:00:00
FRVIAE12346141792,1b4c8df3140c49899a53d6c614ef431e,0.4,EUR,AD_HOC_PAYMENT,20,2025-11-19T13:00:00
FRVIAE12346141791,1b4c8df3140c49899a53d6c614ef431e,0.4,EUR,AD_HOC_PAYMENT,20,2025-11-19T13:00:00
FRVIAE20142088012,1b4c8df3140c49899a53d6c614ef431e,0.4,EUR,AD_HOC_PAYMENT,20,2025-11-19T13:00:00
FRVIAE20142088011,1b4c8df3140c49899a53d6c614ef431e,0.4,EUR,AD_HOC_PAYMENT,20,2025-11-19T13:00:00
FRVIAE20142090012,1b4c8df3140c49899a53d6c614ef431e,0.4,EUR,AD_HOC_PAYMENT,20,2025-11-19T13:00:00
FRVIAE20142090011,1b4c8df3140c49899a53d6c614ef431e,0.4,EUR,AD_HOC_PAYMENT,20,2025-11-19T13:00:00
FRVIAE10001445524,9ce4a9d0-ef0d-4bd5-a61c-f36a35f666b6,0.45,EUR,AD_HOC_PAYMENT,20,2026-03-09T00:00:00
FRVIAE10001445523,9ce4a9d0-ef0d-4bd5-a61c-f36a35f666b6,0.45,EUR,AD_HOC_PAYMENT,20,2026-03-09T00:00:00
FRVIAE10001445522,9ce4a9d0-ef0d-4bd5-a61c-f36a35f666b6,0.45,EUR,AD_HOC_PAYMENT,20,2026-03-09T00:00:00
FRVIAE10001445521,9ce4a9d0-ef0d-4bd5-a61c-f36a35f666b6,0.45,EUR,AD_HOC_PAYMENT,20,2026-03-09T00:00:00
FRVIAE12346392702,1b4c8df3140c49899a53d6c614ef431e,0.4,EUR,AD_HOC_PAYMENT,20,2025-11-19T13:00:00
FRVIAE12346392701,1b4c8df3140c49899a53d6c614ef431e,0.4,EUR,AD_HOC_PAYMENT,20,2025-11-19T13:00:00
FRVIAE10001208092,1b4c8df3140c49899a53d6c614ef431e,0.4,EUR,AD_HOC_PAYMENT,20,2025-11-19T13:00:00
FRVIAE10001208091,1b4c8df3140c49899a53d6c614ef431e,0.4,EUR,AD_HOC_PAYMENT,20,2025-11-19T13:00:00
FRVIAE20152003062,64cfd72818304ee28d3a875aef64d31b,0.45,EUR,AD_HOC_PAYMENT,20,2025-11-19T13:00:00
FRVIAE20152003061,64cfd72818304ee28d3a875aef64d31b,0.45,EUR,AD_HOC_PAYMENT,20,2025-11-19T13:00:00
FRVIAE20102001022,64cfd72818304ee28d3a875aef64d31b,0.45,EUR,AD_HOC_PAYMENT,20,2025-11-19T13:00:00
FRVIAE20102001021,64cfd72818304ee28d3a875aef64d31b,0.45,EUR,AD_HOC_PAYMENT,20,2025-11-19T13:00:00
FRVIAE20149002032,7d814e34-8d08-4c97-82ce-5e3887f2aaaf,0.416,EUR,AD_HOC_PAYMENT,20,2026-02-23T00:00:00
FRVIAE20149002031,7d814e34-8d08-4c97-82ce-5e3887f2aaaf,0.416,EUR,AD_HOC_PAYMENT,20,2026-02-23T00:00:00
FRVIAE10001475434,9ce4a9d0-ef0d-4bd5-a61c-f36a35f666b6,0.45,EUR,AD_HOC_PAYMENT,20,2026-03-09T00:00:00
FRVIAE10001475433,9ce4a9d0-ef0d-4bd5-a61c-f36a35f666b6,0.45,EUR,AD_HOC_PAYMENT,20,2026-03-09T00:00:00
FRVIAE10001475432,9ce4a9d0-ef0d-4bd5-a61c-f36a35f666b6,0.45,EUR,AD_HOC_PAYMENT,20,2026-03-09T00:00:00
FRVIAE10001475431,9ce4a9d0-ef0d-4bd5-a61c-f36a35f666b6,0.45,EUR,AD_HOC_PAYMENT,20,2026-03-09T00:00:00
FRVIAE10001092972,1b4c8df3140c49899a53d6c614ef431e,0.4,EUR,AD_HOC_PAYMENT,20,2025-11-19T13:00:00
FRVIAE10001092971,1b4c8df3140c49899a53d6c614ef431e,0.4,EUR,AD_HOC_PAYMENT,20,2025-11-19T13:00:00
FRVIAE10001158082,1b4c8df3140c49899a53d6c614ef431e,0.4,EUR,AD_HOC_PAYMENT,20,2025-11-19T13:00:00
FRVIAE10001158081,1b4c8df3140c49899a53d6c614ef431e,0.4,EUR,AD_HOC_PAYMENT,20,2025-11-19T13:00:00
FRVIAE20142087012,1b4c8df3140c49899a53d6c614ef431e,0.4,EUR,AD_HOC_PAYMENT,20,2025-11-19T13:00:00
FRVIAE20142087011,1b4c8df3140c49899a53d6c614ef431e,0.4,EUR,AD_HOC_PAYMENT,20,2025-11-19T13:00:00
FRVIAE12346276372,1b4c8df3140c49899a53d6c614ef431e,0.4,EUR,AD_HOC_PAYMENT,20,2025-11-19T13:00:00
FRVIAE12346276371,1b4c8df3140c49899a53d6c614ef431e,0.4,EUR,AD_HOC_PAYMENT,20,2025-11-19T13:00:00
FRVIAE20142033013,1b4c8df3140c49899a53d6c614ef431e,0.4,EUR,AD_HOC_PAYMENT,20,2025-11-19T13:00:00
FRVIAE20142033012,64cfd72818304ee28d3a875aef64d31b,0.45,EUR,AD_HOC_PAYMENT,20,2025-11-19T13:00:00
FRVIAE20142033011,64cfd72818304ee28d3a875aef64d31b,0.45,EUR,AD_HOC_PAYMENT,20,2025-11-19T13:00:00
FRVIAE20142057012,1b4c8df3140c49899a53d6c614ef431e,0.4,EUR,AD_HOC_PAYMENT,20,2025-11-19T13:00:00
FRVIAE20142057011,1b4c8df3140c49899a53d6c614ef431e,0.4,EUR,AD_HOC_PAYMENT,20,2025-11-19T13:00:00
FRVIAE10001158062,1b4c8df3140c49899a53d6c614ef431e,0.4,EUR,AD_HOC_PAYMENT,20,2025-11-19T13:00:00
FRVIAE10001158061,1b4c8df3140c49899a53d6c614ef431e,0.4,EUR,AD_HOC_PAYMENT,20,2025-11-19T13:00:00
FRVIAE20142008013,1b4c8df3140c49899a53d6c614ef431e,0.4,EUR,AD_HOC_PAYMENT,20,2025-11-19T13:00:00
FRVIAE20142008012,1b4c8df3140c49899a53d6c614ef431e,0.4,EUR,AD_HOC_PAYMENT,20,2025-11-19T13:00:00
FRVIAE20142008011,1b4c8df3140c49899a53d6c614ef431e,0.4,EUR,AD_HOC_PAYMENT,20,2025-11-19T13:00:00
FRVIAE12345955276,1b4c8df3140c49899a53d6c614ef431e,0.4,EUR,AD_HOC_PAYMENT,20,2025-11-19T13:00:00
FRVIAE12345955275,1b4c8df3140c49899a53d6c614ef431e,0.4,EUR,AD_HOC_PAYMENT,20,2025-11-19T13:00:00
FRVIAE12345955274,1b4c8df3140c49899a53d6c614ef431e,0.4,EUR,AD_HOC_PAYMENT,20,2025-11-19T13:00:00
FRVIAE12345955273,1b4c8df3140c49899a53d6c614ef431e,0.4,EUR,AD_HOC_PAYMENT,20,2025-11-19T13:00:00
FRVIAE12345955272,1b4c8df3140c49899a53d6c614ef431e,0.4,EUR,AD_HOC_PAYMENT,20,2025-11-19T13:00:00
FRVIAE12345955271,1b4c8df3140c49899a53d6c614ef431e,0.4,EUR,AD_HOC_PAYMENT,20,2025-11-19T13:00:00
FRVIAE20142039023,1b4c8df3140c49899a53d6c614ef431e,0.4,EUR,AD_HOC_PAYMENT,20,2025-11-19T13:00:00
FRVIAE20142039022,1b4c8df3140c49899a53d6c614ef431e,0.4,EUR,AD_HOC_PAYMENT,20,2025-11-19T13:00:00
FRVIAE20142039021,1b4c8df3140c49899a53d6c614ef431e,0.4,EUR,AD_HOC_PAYMENT,20,2025-11-19T13:00:00
FRVIAE10001225512,663d278c-7663-41ea-86aa-015b9a5dd8e4,0.5,EUR,AD_HOC_PAYMENT,20,2026-03-09T00:00:00
FRVIAE10001225511,663d278c-7663-41ea-86aa-015b9a5dd8e4,0.5,EUR,AD_HOC_PAYMENT,20,2026-03-09T00:00:00
FRVIAE12346339232,1b4c8df3140c49899a53d6c614ef431e,0.4,EUR,AD_HOC_PAYMENT,20,2025-11-19T13:00:00
FRVIAE12346339231,1b4c8df3140c49899a53d6c614ef431e,0.4,EUR,AD_HOC_PAYMENT,20,2025-11-19T13:00:00
FRVIAE20149001052,0b46268150cf4976ad848e9cfbe14c78,0.5,EUR,AD_HOC_PAYMENT,20,2025-11-19T13:00:00
FRVIAE20149001051,0b46268150cf4976ad848e9cfbe14c78,0.5,EUR,AD_HOC_PAYMENT,20,2025-11-19T13:00:00
FRVIAE12346397212,1b4c8df3140c49899a53d6c614ef431e,0.4,EUR,AD_HOC_PAYMENT,20,2025-11-19T13:00:00
FRVIAE12346397211,1b4c8df3140c49899a53d6c614ef431e,0.4,EUR,AD_HOC_PAYMENT,20,2025-11-19T13:00:00
FRVIAE10001221162,663d278c-7663-41ea-86aa-015b9a5dd8e4,0.5,EUR,AD_HOC_PAYMENT,20,2026-03-09T00:00:00
FRVIAE10001221161,663d278c-7663-41ea-86aa-015b9a5dd8e4,0.5,EUR,AD_HOC_PAYMENT,20,2026-03-09T00:00:00
FRVIAE20142136022,1b4c8df3140c49899a53d6c614ef431e,0.4,EUR,AD_HOC_PAYMENT,20,2025-11-19T13:00:00
FRVIAE20142136021,1b4c8df3140c49899a53d6c614ef431e,0.4,EUR,AD_HOC_PAYMENT,20,2025-11-19T13:00:00
FRVIAE20131006022,64cfd72818304ee28d3a875aef64d31b,0.45,EUR,AD_HOC_PAYMENT,20,2025-11-19T13:00:00
FRVIAE20131006021,64cfd72818304ee28d3a875aef64d31b,0.45,EUR,AD_HOC_PAYMENT,20,2025-11-19T13:00:00
FRVIAE20123013022,e9a95d1a-7f0c-49b8-a860-4f450bce162c,0.241,EUR,AD_HOC_PAYMENT,20,2026-03-09T00:00:00
FRVIAE20123013021,e9a95d1a-7f0c-49b8-a860-4f450bce162c,0.241,EUR,AD_HOC_PAYMENT,20,2026-03-09T00:00:00
FRVIAE20103004032,84ba7e49-a9d1-41d9-85f4-d72d875ec724,0.575,EUR,AD_HOC_PAYMENT,20,2026-03-09T00:00:00
FRVIAE20103004031,84ba7e49-a9d1-41d9-85f4-d72d875ec724,0.575,EUR,AD_HOC_PAYMENT,20,2026-03-09T00:00:00
FRVIAE10001301042,663d278c-7663-41ea-86aa-015b9a5dd8e4,0.5,EUR,AD_HOC_PAYMENT,20,2026-03-09T00:00:00
FRVIAE10001301041,663d278c-7663-41ea-86aa-015b9a5dd8e4,0.5,EUR,AD_HOC_PAYMENT,20,2026-03-09T00:00:00
FRVIAE10001225502,663d278c-7663-41ea-86aa-015b9a5dd8e4,0.5,EUR,AD_HOC_PAYMENT,20,2026-03-09T00:00:00
FRVIAE10001225501,663d278c-7663-41ea-86aa-015b9a5dd8e4,0.5,EUR,AD_HOC_PAYMENT,20,2026-03-09T00:00:00
FRVIAE12345724912,1b4c8df3140c49899a53d6c614ef431e,0.4,EUR,AD_HOC_PAYMENT,20,2025-11-19T13:00:00
FRVIAE12345724911,1b4c8df3140c49899a53d6c614ef431e,0.4,EUR,AD_HOC_PAYMENT,20,2025-11-19T13:00:00
FRVIAE12346392692,1b4c8df3140c49899a53d6c614ef431e,0.4,EUR,AD_HOC_PAYMENT,20,2025-11-19T13:00:00
FRVIAE12346392691,1b4c8df3140c49899a53d6c614ef431e,0.4,EUR,AD_HOC_PAYMENT,20,2025-11-19T13:00:00
FRVIAE20102001012,64cfd72818304ee28d3a875aef64d31b,0.45,EUR,AD_HOC_PAYMENT,20,2025-11-19T13:00:00
FRVIAE20102001011,64cfd72818304ee28d3a875aef64d31b,0.45,EUR,AD_HOC_PAYMENT,20,2025-11-19T13:00:00
FRVIAE20149002022,fa6213d8-d5b6-4194-9c4e-3d089601e0b6,0.458,EUR,AD_HOC_PAYMENT,20,2026-02-23T00:00:00
FRVIAE20149002021,fa6213d8-d5b6-4194-9c4e-3d089601e0b6,0.458,EUR,AD_HOC_PAYMENT,20,2026-02-23T00:00:00
FRVIAE12346276362,1b4c8df3140c49899a53d6c614ef431e,0.4,EUR,AD_HOC_PAYMENT,20,2025-11-19T13:00:00
FRVIAE12346276361,1b4c8df3140c49899a53d6c614ef431e,0.4,EUR,AD_HOC_PAYMENT,20,2025-11-19T13:00:00
FRVIAE10001181402,663d278c-7663-41ea-86aa-015b9a5dd8e4,0.5,EUR,AD_HOC_PAYMENT,20,2026-03-09T00:00:00
FRVIAE10001181401,663d278c-7663-41ea-86aa-015b9a5dd8e4,0.5,EUR,AD_HOC_PAYMENT,20,2026-03-09T00:00:00
FRVIAE12346339222,1b4c8df3140c49899a53d6c614ef431e,0.4,EUR,AD_HOC_PAYMENT,20,2025-11-19T13:00:00
FRVIAE12346339221,1b4c8df3140c49899a53d6c614ef431e,0.4,EUR,AD_HOC_PAYMENT,20,2025-11-19T13:00:00
FRVIAE20149001042,0b46268150cf4976ad848e9cfbe14c78,0.5,EUR,AD_HOC_PAYMENT,20,2025-11-19T13:00:00
FRVIAE20149001041,0b46268150cf4976ad848e9cfbe14c78,0.5,EUR,AD_HOC_PAYMENT,20,2025-11-19T13:00:00
FRVIAE12345955469,1b4c8df3140c49899a53d6c614ef431e,0.4,EUR,AD_HOC_PAYMENT,20,2025-11-19T13:00:00
FRVIAE12345955468,1b4c8df3140c49899a53d6c614ef431e,0.4,EUR,AD_HOC_PAYMENT,20,2025-11-19T13:00:00
FRVIAE12345955467,1b4c8df3140c49899a53d6c614ef431e,0.4,EUR,AD_HOC_PAYMENT,20,2025-11-19T13:00:00
FRVIAE12345955466,1b4c8df3140c49899a53d6c614ef431e,0.4,EUR,AD_HOC_PAYMENT,20,2025-11-19T13:00:00
FRVIAE12345955465,1b4c8df3140c49899a53d6c614ef431e,0.4,EUR,AD_HOC_PAYMENT,20,2025-11-19T13:00:00
FRVIAE12345955464,1b4c8df3140c49899a53d6c614ef431e,0.4,EUR,AD_HOC_PAYMENT,20,2025-11-19T13:00:00
FRVIAE12345955463,1b4c8df3140c49899a53d6c614ef431e,0.4,EUR,AD_HOC_PAYMENT,20,2025-11-19T13:00:00
FRVIAE12345955462,1b4c8df3140c49899a53d6c614ef431e,0.4,EUR,AD_HOC_PAYMENT,20,2025-11-19T13:00:00
FRVIAE123459554612,1b4c8df3140c49899a53d6c614ef431e,0.4,EUR,AD_HOC_PAYMENT,20,2025-11-19T13:00:00
FRVIAE123459554611,1b4c8df3140c49899a53d6c614ef431e,0.4,EUR,AD_HOC_PAYMENT,20,2025-11-19T13:00:00
FRVIAE123459554610,1b4c8df3140c49899a53d6c614ef431e,0.4,EUR,AD_HOC_PAYMENT,20,2025-11-19T13:00:00
FRVIAE12345955461,1b4c8df3140c49899a53d6c614ef431e,0.4,EUR,AD_HOC_PAYMENT,20,2025-11-19T13:00:00
FRVIAE20142136012,1b4c8df3140c49899a53d6c614ef431e,0.4,EUR,AD_HOC_PAYMENT,20,2025-11-19T13:00:00
FRVIAE20142136011,1b4c8df3140c49899a53d6c614ef431e,0.4,EUR,AD_HOC_PAYMENT,20,2025-11-19T13:00:00
FRVIAE20131006012,64cfd72818304ee28d3a875aef64d31b,0.45,EUR,AD_HOC_PAYMENT,20,2025-11-19T13:00:00
FRVIAE20131006011,64cfd72818304ee28d3a875aef64d31b,0.45,EUR,AD_HOC_PAYMENT,20,2025-11-19T13:00:00
FRVIAE20142039013,1b4c8df3140c49899a53d6c614ef431e,0.4,EUR,AD_HOC_PAYMENT,20,2025-11-19T13:00:00
FRVIAE20142039012,1b4c8df3140c49899a53d6c614ef431e,0.4,EUR,AD_HOC_PAYMENT,20,2025-11-19T13:00:00
FRVIAE20142039011,1b4c8df3140c49899a53d6c614ef431e,0.4,EUR,AD_HOC_PAYMENT,20,2025-11-19T13:00:00
FRVIAE20123013018,e9a95d1a-7f0c-49b8-a860-4f450bce162c,0.241,EUR,AD_HOC_PAYMENT,20,2026-03-09T00:00:00
FRVIAE20123013017,e9a95d1a-7f0c-49b8-a860-4f450bce162c,0.241,EUR,AD_HOC_PAYMENT,20,2026-03-09T00:00:00
FRVIAE20123013016,e9a95d1a-7f0c-49b8-a860-4f450bce162c,0.241,EUR,AD_HOC_PAYMENT,20,2026-03-09T00:00:00
FRVIAE20123013015,e9a95d1a-7f0c-49b8-a860-4f450bce162c,0.241,EUR,AD_HOC_PAYMENT,20,2026-03-09T00:00:00
FRVIAE20123013014,e9a95d1a-7f0c-49b8-a860-4f450bce162c,0.241,EUR,AD_HOC_PAYMENT,20,2026-03-09T00:00:00
FRVIAE20123013013,e9a95d1a-7f0c-49b8-a860-4f450bce162c,0.241,EUR,AD_HOC_PAYMENT,20,2026-03-09T00:00:00
FRVIAE20123013012,e9a95d1a-7f0c-49b8-a860-4f450bce162c,0.241,EUR,AD_HOC_PAYMENT,20,2026-03-09T00:00:00
FRVIAE20123013011,e9a95d1a-7f0c-49b8-a860-4f450bce162c,0.241,EUR,AD_HOC_PAYMENT,20,2026-03-09T00:00:00
FRVIAE20103004022,84ba7e49-a9d1-41d9-85f4-d72d875ec724,0.575,EUR,AD_HOC_PAYMENT,20,2026-03-09T00:00:00
FRVIAE20103004021,84ba7e49-a9d1-41d9-85f4-d72d875ec724,0.575,EUR,AD_HOC_PAYMENT,20,2026-03-09T00:00:00
FRVIAE10001301032,663d278c-7663-41ea-86aa-015b9a5dd8e4,0.5,EUR,AD_HOC_PAYMENT,20,2026-03-09T00:00:00
FRVIAE10001301031,663d278c-7663-41ea-86aa-015b9a5dd8e4,0.5,EUR,AD_HOC_PAYMENT,20,2026-03-09T00:00:00
FRVIAE10001225492,663d278c-7663-41ea-86aa-015b9a5dd8e4,0.5,EUR,AD_HOC_PAYMENT,20,2026-03-09T00:00:00
FRVIAE10001225491,663d278c-7663-41ea-86aa-015b9a5dd8e4,0.5,EUR,AD_HOC_PAYMENT,20,2026-03-09T00:00:00
FRVIAE12345724902,1b4c8df3140c49899a53d6c614ef431e,0.4,EUR,AD_HOC_PAYMENT,20,2025-11-19T13:00:00
FRVIAE12345724901,1b4c8df3140c49899a53d6c614ef431e,0.4,EUR,AD_HOC_PAYMENT,20,2025-11-19T13:00:00
FRVIAE12346392682,1b4c8df3140c49899a53d6c614ef431e,0.4,EUR,AD_HOC_PAYMENT,20,2025-11-19T13:00:00
FRVIAE12346392681,1b4c8df3140c49899a53d6c614ef431e,0.4,EUR,AD_HOC_PAYMENT,20,2025-11-19T13:00:00
FRVIAE20149002012,fa6213d8-d5b6-4194-9c4e-3d089601e0b6,0.458,EUR,AD_HOC_PAYMENT,20,2026-02-23T00:00:00
FRVIAE20149002011,fa6213d8-d5b6-4194-9c4e-3d089601e0b6,0.458,EUR,AD_HOC_PAYMENT,20,2026-02-23T00:00:00
FRVIAE12346276352,1b4c8df3140c49899a53d6c614ef431e,0.4,EUR,AD_HOC_PAYMENT,20,2025-11-19T13:00:00
FRVIAE12346276351,1b4c8df3140c49899a53d6c614ef431e,0.4,EUR,AD_HOC_PAYMENT,20,2025-11-19T13:00:00
FRVIAE10001181203,663d278c-7663-41ea-86aa-015b9a5dd8e4,0.5,EUR,AD_HOC_PAYMENT,20,2026-03-09T00:00:00
FRVIAE10001181202,663d278c-7663-41ea-86aa-015b9a5dd8e4,0.5,EUR,AD_HOC_PAYMENT,20,2026-03-09T00:00:00
FRVIAE10001181201,663d278c-7663-41ea-86aa-015b9a5dd8e4,0.5,EUR,AD_HOC_PAYMENT,20,2026-03-09T00:00:00
FRVIAE12346339212,1b4c8df3140c49899a53d6c614ef431e,0.4,EUR,AD_HOC_PAYMENT,20,2025-11-19T13:00:00
FRVIAE12346339211,1b4c8df3140c49899a53d6c614ef431e,0.4,EUR,AD_HOC_PAYMENT,20,2025-11-19T13:00:00
FRVIAE20149001032,1b4c8df3140c49899a53d6c614ef431e,0.4,EUR,AD_HOC_PAYMENT,20,2025-11-19T13:00:00
FRVIAE20149001031,1b4c8df3140c49899a53d6c614ef431e,0.4,EUR,AD_HOC_PAYMENT,20,2025-11-19T13:00:00
FRVIAE10001180732,87b962cf-5c99-4812-8f03-16f2047aba80,0.525,EUR,AD_HOC_PAYMENT,20,2026-02-23T00:00:00
FRVIAE10001180731,87b962cf-5c99-4812-8f03-16f2047aba80,0.525,EUR,AD_HOC_PAYMENT,20,2026-02-23T00:00:00
FRVIAE20122063032,1b4c8df3140c49899a53d6c614ef431e,0.4,EUR,AD_HOC_PAYMENT,20,2025-11-19T13:00:00
FRVIAE20122063031,1b4c8df3140c49899a53d6c614ef431e,0.4,EUR,AD_HOC_PAYMENT,20,2025-11-19T13:00:00
FRVIAE10001169573,84ba7e49-a9d1-41d9-85f4-d72d875ec724,0.575,EUR,AD_HOC_PAYMENT,20,2026-03-09T00:00:00
FRVIAE10001169572,84ba7e49-a9d1-41d9-85f4-d72d875ec724,0.575,EUR,AD_HOC_PAYMENT,20,2026-03-09T00:00:00
FRVIAE10001169571,84ba7e49-a9d1-41d9-85f4-d72d875ec724,0.575,EUR,AD_HOC_PAYMENT,20,2026-03-09T00:00:00
FRVIAE20161004022,5ac8fc13-69bd-4238-91fc-00d74021df49,0.433,EUR,AD_HOC_PAYMENT,20,2026-02-23T00:00:00
FRVIAE20161004021,5ac8fc13-69bd-4238-91fc-00d74021df49,0.433,EUR,AD_HOC_PAYMENT,20,2026-02-23T00:00:00
FRVIAE10001169903,84ba7e49-a9d1-41d9-85f4-d72d875ec724,0.575,EUR,AD_HOC_PAYMENT,20,2026-03-09T00:00:00
FRVIAE10001169902,84ba7e49-a9d1-41d9-85f4-d72d875ec724,0.575,EUR,AD_HOC_PAYMENT,20,2026-03-09T00:00:00
FRVIAE10001169901,84ba7e49-a9d1-41d9-85f4-d72d875ec724,0.575,EUR,AD_HOC_PAYMENT,20,2026-03-09T00:00:00
FRVIAE10001180742,87b962cf-5c99-4812-8f03-16f2047aba80,0.525,EUR,AD_HOC_PAYMENT,20,2026-02-23T00:00:00
FRVIAE10001180741,87b962cf-5c99-4812-8f03-16f2047aba80,0.525,EUR,AD_HOC_PAYMENT,20,2026-02-23T00:00:00
FRVIAE20161010052,5ac8fc13-69bd-4238-91fc-00d74021df49,0.433,EUR,AD_HOC_PAYMENT,20,2026-02-23T00:00:00
FRVIAE20161010051,5ac8fc13-69bd-4238-91fc-00d74021df49,0.433,EUR,AD_HOC_PAYMENT,20,2026-02-23T00:00:00
FRVIAE10001170173,84ba7e49-a9d1-41d9-85f4-d72d875ec724,0.575,EUR,AD_HOC_PAYMENT,20,2026-03-09T00:00:00
FRVIAE10001170172,84ba7e49-a9d1-41d9-85f4-d72d875ec724,0.575,EUR,AD_HOC_PAYMENT,20,2026-03-09T00:00:00
FRVIAE10001170171,84ba7e49-a9d1-41d9-85f4-d72d875ec724,0.575,EUR,AD_HOC_PAYMENT,20,2026-03-09T00:00:00
FRVIAE20103004012,84ba7e49-a9d1-41d9-85f4-d72d875ec724,0.575,EUR,AD_HOC_PAYMENT,20,2026-03-09T00:00:00
FRVIAE20103004011,84ba7e49-a9d1-41d9-85f4-d72d875ec724,0.575,EUR,AD_HOC_PAYMENT,20,2026-03-09T00:00:00
FRVIAE10001181493,663d278c-7663-41ea-86aa-015b9a5dd8e4,0.5,EUR,AD_HOC_PAYMENT,20,2026-03-09T00:00:00
FRVIAE10001181492,663d278c-7663-41ea-86aa-015b9a5dd8e4,0.5,EUR,AD_HOC_PAYMENT,20,2026-03-09T00:00:00
FRVIAE10001181491,663d278c-7663-41ea-86aa-015b9a5dd8e4,0.5,EUR,AD_HOC_PAYMENT,20,2026-03-09T00:00:00
FRVIAE10001181253,663d278c-7663-41ea-86aa-015b9a5dd8e4,0.5,EUR,AD_HOC_PAYMENT,20,2026-03-09T00:00:00
FRVIAE10001181252,663d278c-7663-41ea-86aa-015b9a5dd8e4,0.5,EUR,AD_HOC_PAYMENT,20,2026-03-09T00:00:00
FRVIAE10001181251,663d278c-7663-41ea-86aa-015b9a5dd8e4,0.5,EUR,AD_HOC_PAYMENT,20,2026-03-09T00:00:00
FRVIAE12345724892,1b4c8df3140c49899a53d6c614ef431e,0.4,EUR,AD_HOC_PAYMENT,20,2025-11-19T13:00:00
FRVIAE12345724891,1b4c8df3140c49899a53d6c614ef431e,0.4,EUR,AD_HOC_PAYMENT,20,2025-11-19T13:00:00
FRVIAE12346008209,1b4c8df3140c49899a53d6c614ef431e,0.4,EUR,AD_HOC_PAYMENT,20,2025-11-19T13:00:00
FRVIAE12346008208,1b4c8df3140c49899a53d6c614ef431e,0.4,EUR,AD_HOC_PAYMENT,20,2025-11-19T13:00:00
FRVIAE12346008207,1b4c8df3140c49899a53d6c614ef431e,0.4,EUR,AD_HOC_PAYMENT,20,2025-11-19T13:00:00
FRVIAE12346008206,1b4c8df3140c49899a53d6c614ef431e,0.4,EUR,AD_HOC_PAYMENT,20,2025-11-19T13:00:00
FRVIAE12346008205,1b4c8df3140c49899a53d6c614ef431e,0.4,EUR,AD_HOC_PAYMENT,20,2025-11-19T13:00:00
FRVIAE12346008204,1b4c8df3140c49899a53d6c614ef431e,0.4,EUR,AD_HOC_PAYMENT,20,2025-11-19T13:00:00
FRVIAE12346008203,1b4c8df3140c49899a53d6c614ef431e,0.4,EUR,AD_HOC_PAYMENT,20,2025-11-19T13:00:00
FRVIAE12346008202,1b4c8df3140c49899a53d6c614ef431e,0.4,EUR,AD_HOC_PAYMENT,20,2025-11-19T13:00:00
FRVIAE123460082012,1b4c8df3140c49899a53d6c614ef431e,0.4,EUR,AD_HOC_PAYMENT,20,2025-11-19T13:00:00
FRVIAE123460082011,1b4c8df3140c49899a53d6c614ef431e,0.4,EUR,AD_HOC_PAYMENT,20,2025-11-19T13:00:00
FRVIAE123460082010,1b4c8df3140c49899a53d6c614ef431e,0.4,EUR,AD_HOC_PAYMENT,20,2025-11-19T13:00:00
FRVIAE12346008201,1b4c8df3140c49899a53d6c614ef431e,0.4,EUR,AD_HOC_PAYMENT,20,2025-11-19T13:00:00
FRVIAE12346031242,7e5797d5-0da9-4ea1-beb7-9e3d0fa7e71f,0.325,EUR,AD_HOC_PAYMENT,20,2025-11-19T13:00:00
FRVIAE12346031241,7e5797d5-0da9-4ea1-beb7-9e3d0fa7e71f,0.325,EUR,AD_HOC_PAYMENT,20,2025-11-19T13:00:00
FRVIAE12346030132,7e5797d5-0da9-4ea1-beb7-9e3d0fa7e71f,0.325,EUR,AD_HOC_PAYMENT,20,2025-11-19T13:00:00
FRVIAE12346030131,7e5797d5-0da9-4ea1-beb7-9e3d0fa7e71f,0.325,EUR,AD_HOC_PAYMENT,20,2025-11-19T13:00:00
FRVIAE12345955258,1b4c8df3140c49899a53d6c614ef431e,0.4,EUR,AD_HOC_PAYMENT,20,2025-11-19T13:00:00
FRVIAE12345955257,1b4c8df3140c49899a53d6c614ef431e,0.4,EUR,AD_HOC_PAYMENT,20,2025-11-19T13:00:00
FRVIAE12345955256,1b4c8df3140c49899a53d6c614ef431e,0.4,EUR,AD_HOC_PAYMENT,20,2025-11-19T13:00:00
FRVIAE12345955255,1b4c8df3140c49899a53d6c614ef431e,0.4,EUR,AD_HOC_PAYMENT,20,2025-11-19T13:00:00
FRVIAE12345955254,1b4c8df3140c49899a53d6c614ef431e,0.4,EUR,AD_HOC_PAYMENT,20,2025-11-19T13:00:00
FRVIAE12345955253,1b4c8df3140c49899a53d6c614ef431e,0.4,EUR,AD_HOC_PAYMENT,20,2025-11-19T13:00:00
FRVIAE12345955252,1b4c8df3140c49899a53d6c614ef431e,0.4,EUR,AD_HOC_PAYMENT,20,2025-11-19T13:00:00
FRVIAE12345955251,1b4c8df3140c49899a53d6c614ef431e,0.4,EUR,AD_HOC_PAYMENT,20,2025-11-19T13:00:00
FRVIAE12346030172,64cfd72818304ee28d3a875aef64d31b,0.45,EUR,AD_HOC_PAYMENT,20,2025-11-19T13:00:00
FRVIAE12346030171,64cfd72818304ee28d3a875aef64d31b,0.45,EUR,AD_HOC_PAYMENT,20,2025-11-19T13:00:00
FRVIAE20149001022,0b46268150cf4976ad848e9cfbe14c78,0.5,EUR,AD_HOC_PAYMENT,20,2025-11-19T13:00:00
FRVIAE20149001021,0b46268150cf4976ad848e9cfbe14c78,0.5,EUR,AD_HOC_PAYMENT,20,2025-11-19T13:00:00
FRVIAE10001181102,663d278c-7663-41ea-86aa-015b9a5dd8e4,0.5,EUR,AD_HOC_PAYMENT,20,2026-03-09T00:00:00
FRVIAE10001181101,663d278c-7663-41ea-86aa-015b9a5dd8e4,0.5,EUR,AD_HOC_PAYMENT,20,2026-03-09T00:00:00
FRVIAE12346219562,63b9a2fb-f35c-4dfb-bf27-4a42039521dd,0.55,EUR,AD_HOC_PAYMENT,20,2026-03-09T00:00:00
FRVIAE12346219561,63b9a2fb-f35c-4dfb-bf27-4a42039521dd,0.55,EUR,AD_HOC_PAYMENT,20,2026-03-09T00:00:00
FRVIAE10001181162,663d278c-7663-41ea-86aa-015b9a5dd8e4,0.5,EUR,AD_HOC_PAYMENT,20,2026-03-09T00:00:00
FRVIAE10001181161,663d278c-7663-41ea-86aa-015b9a5dd8e4,0.5,EUR,AD_HOC_PAYMENT,20,2026-03-09T00:00:00
FRVIAE10001180712,87b962cf-5c99-4812-8f03-16f2047aba80,0.525,EUR,AD_HOC_PAYMENT,20,2026-02-23T00:00:00
FRVIAE10001180711,87b962cf-5c99-4812-8f03-16f2047aba80,0.525,EUR,AD_HOC_PAYMENT,20,2026-02-23T00:00:00
FRVIAE20122063022,1b4c8df3140c49899a53d6c614ef431e,0.4,EUR,AD_HOC_PAYMENT,20,2025-11-19T13:00:00
FRVIAE20122063021,1b4c8df3140c49899a53d6c614ef431e,0.4,EUR,AD_HOC_PAYMENT,20,2025-11-19T13:00:00
FRVIAE20161004012,5ac8fc13-69bd-4238-91fc-00d74021df49,0.433,EUR,AD_HOC_PAYMENT,20,2026-02-23T00:00:00
FRVIAE20161004011,5ac8fc13-69bd-4238-91fc-00d74021df49,0.433,EUR,AD_HOC_PAYMENT,20,2026-02-23T00:00:00
FRVIAE10001180722,87b962cf-5c99-4812-8f03-16f2047aba80,0.525,EUR,AD_HOC_PAYMENT,20,2026-02-23T00:00:00
FRVIAE10001180721,87b962cf-5c99-4812-8f03-16f2047aba80,0.525,EUR,AD_HOC_PAYMENT,20,2026-02-23T00:00:00
FRVIAE20161010042,5ac8fc13-69bd-4238-91fc-00d74021df49,0.433,EUR,AD_HOC_PAYMENT,20,2026-02-23T00:00:00
FRVIAE20161010041,5ac8fc13-69bd-4238-91fc-00d74021df49,0.433,EUR,AD_HOC_PAYMENT,20,2026-02-23T00:00:00
FRVIAE10001169823,84ba7e49-a9d1-41d9-85f4-d72d875ec724,0.575,EUR,AD_HOC_PAYMENT,20,2026-03-09T00:00:00
FRVIAE10001169822,84ba7e49-a9d1-41d9-85f4-d72d875ec724,0.575,EUR,AD_HOC_PAYMENT,20,2026-03-09T00:00:00
FRVIAE10001169821,84ba7e49-a9d1-41d9-85f4-d72d875ec724,0.575,EUR,AD_HOC_PAYMENT,20,2026-03-09T00:00:00
FRVIAE12345724882,1b4c8df3140c49899a53d6c614ef431e,0.4,EUR,AD_HOC_PAYMENT,20,2025-11-19T13:00:00
FRVIAE12345724881,1b4c8df3140c49899a53d6c614ef431e,0.4,EUR,AD_HOC_PAYMENT,20,2025-11-19T13:00:00
FRVIAE12346031232,7e5797d5-0da9-4ea1-beb7-9e3d0fa7e71f,0.325,EUR,AD_HOC_PAYMENT,20,2025-11-19T13:00:00
FRVIAE12346031231,7e5797d5-0da9-4ea1-beb7-9e3d0fa7e71f,0.325,EUR,AD_HOC_PAYMENT,20,2025-11-19T13:00:00
FRVIAE12346030122,7e5797d5-0da9-4ea1-beb7-9e3d0fa7e71f,0.325,EUR,AD_HOC_PAYMENT,20,2025-11-19T13:00:00
FRVIAE12346030121,7e5797d5-0da9-4ea1-beb7-9e3d0fa7e71f,0.325,EUR,AD_HOC_PAYMENT,20,2025-11-19T13:00:00
FRVIAE12346030162,64cfd72818304ee28d3a875aef64d31b,0.45,EUR,AD_HOC_PAYMENT,20,2025-11-19T13:00:00
FRVIAE12346030161,64cfd72818304ee28d3a875aef64d31b,0.45,EUR,AD_HOC_PAYMENT,20,2025-11-19T13:00:00
FRVIAE20149001012,0b46268150cf4976ad848e9cfbe14c78,0.5,EUR,AD_HOC_PAYMENT,20,2025-11-19T13:00:00
FRVIAE20149001011,0b46268150cf4976ad848e9cfbe14c78,0.5,EUR,AD_HOC_PAYMENT,20,2025-11-19T13:00:00
FRVIAE10001169553,84ba7e49-a9d1-41d9-85f4-d72d875ec724,0.575,EUR,AD_HOC_PAYMENT,20,2026-03-09T00:00:00
FRVIAE10001169552,84ba7e49-a9d1-41d9-85f4-d72d875ec724,0.575,EUR,AD_HOC_PAYMENT,20,2026-03-09T00:00:00
FRVIAE10001169551,84ba7e49-a9d1-41d9-85f4-d72d875ec724,0.575,EUR,AD_HOC_PAYMENT,20,2026-03-09T00:00:00
FRVIAE10001169893,84ba7e49-a9d1-41d9-85f4-d72d875ec724,0.575,EUR,AD_HOC_PAYMENT,20,2026-03-09T00:00:00
FRVIAE10001169892,84ba7e49-a9d1-41d9-85f4-d72d875ec724,0.575,EUR,AD_HOC_PAYMENT,20,2026-03-09T00:00:00
FRVIAE10001169891,84ba7e49-a9d1-41d9-85f4-d72d875ec724,0.575,EUR,AD_HOC_PAYMENT,20,2026-03-09T00:00:00
FRVIAE12346219552,63b9a2fb-f35c-4dfb-bf27-4a42039521dd,0.55,EUR,AD_HOC_PAYMENT,20,2026-03-09T00:00:00
FRVIAE12346219551,63b9a2fb-f35c-4dfb-bf27-4a42039521dd,0.55,EUR,AD_HOC_PAYMENT,20,2026-03-09T00:00:00
FRVIAE10001181112,663d278c-7663-41ea-86aa-015b9a5dd8e4,0.5,EUR,AD_HOC_PAYMENT,20,2026-03-09T00:00:00
FRVIAE10001181111,663d278c-7663-41ea-86aa-015b9a5dd8e4,0.5,EUR,AD_HOC_PAYMENT,20,2026-03-09T00:00:00
FRVIAE20122063012,1b4c8df3140c49899a53d6c614ef431e,0.4,EUR,AD_HOC_PAYMENT,20,2025-11-19T13:00:00
FRVIAE20122063011,1b4c8df3140c49899a53d6c614ef431e,0.4,EUR,AD_HOC_PAYMENT,20,2025-11-19T13:00:00
FRVIAE20161010032,5ac8fc13-69bd-4238-91fc-00d74021df49,0.433,EUR,AD_HOC_PAYMENT,20,2026-02-23T00:00:00
FRVIAE20161010031,5ac8fc13-69bd-4238-91fc-00d74021df49,0.433,EUR,AD_HOC_PAYMENT,20,2026-02-23T00:00:00
FRVIAE12345724872,1b4c8df3140c49899a53d6c614ef431e,0.4,EUR,AD_HOC_PAYMENT,20,2025-11-19T13:00:00
FRVIAE12345724871,1b4c8df3140c49899a53d6c614ef431e,0.4,EUR,AD_HOC_PAYMENT,20,2025-11-19T13:00:00
FRVIAE12346031222,7e5797d5-0da9-4ea1-beb7-9e3d0fa7e71f,0.325,EUR,AD_HOC_PAYMENT,20,2025-11-19T13:00:00
FRVIAE12346031221,7e5797d5-0da9-4ea1-beb7-9e3d0fa7e71f,0.325,EUR,AD_HOC_PAYMENT,20,2025-11-19T13:00:00
FRVIAE12346030112,7e5797d5-0da9-4ea1-beb7-9e3d0fa7e71f,0.325,EUR,AD_HOC_PAYMENT,20,2025-11-19T13:00:00
FRVIAE12346030111,7e5797d5-0da9-4ea1-beb7-9e3d0fa7e71f,0.325,EUR,AD_HOC_PAYMENT,20,2025-11-19T13:00:00
FRVIAE12346030152,64cfd72818304ee28d3a875aef64d31b,0.45,EUR,AD_HOC_PAYMENT,20,2025-11-19T13:00:00
FRVIAE12346030151,64cfd72818304ee28d3a875aef64d31b,0.45,EUR,AD_HOC_PAYMENT,20,2025-11-19T13:00:00
FRVIAE12346219502,63b9a2fb-f35c-4dfb-bf27-4a42039521dd,0.55,EUR,AD_HOC_PAYMENT,20,2026-03-09T00:00:00
FRVIAE12346219501,63b9a2fb-f35c-4dfb-bf27-4a42039521dd,0.55,EUR,AD_HOC_PAYMENT,20,2026-03-09T00:00:00
FRVIAE10001169813,84ba7e49-a9d1-41d9-85f4-d72d875ec724,0.575,EUR,AD_HOC_PAYMENT,20,2026-03-09T00:00:00
FRVIAE10001169812,84ba7e49-a9d1-41d9-85f4-d72d875ec724,0.575,EUR,AD_HOC_PAYMENT,20,2026-03-09T00:00:00
FRVIAE10001169811,84ba7e49-a9d1-41d9-85f4-d72d875ec724,0.575,EUR,AD_HOC_PAYMENT,20,2026-03-09T00:00:00
FRVIAE10001176682,663d278c-7663-41ea-86aa-015b9a5dd8e4,0.5,EUR,AD_HOC_PAYMENT,20,2026-03-09T00:00:00
FRVIAE10001176681,663d278c-7663-41ea-86aa-015b9a5dd8e4,0.5,EUR,AD_HOC_PAYMENT,20,2026-03-09T00:00:00
FRVIAE20161010022,5ac8fc13-69bd-4238-91fc-00d74021df49,0.433,EUR,AD_HOC_PAYMENT,20,2026-02-23T00:00:00
FRVIAE20161010021,5ac8fc13-69bd-4238-91fc-00d74021df49,0.433,EUR,AD_HOC_PAYMENT,20,2026-02-23T00:00:00
FRVIAE12346031212,7e5797d5-0da9-4ea1-beb7-9e3d0fa7e71f,0.325,EUR,AD_HOC_PAYMENT,20,2025-11-19T13:00:00
FRVIAE12346031211,7e5797d5-0da9-4ea1-beb7-9e3d0fa7e71f,0.325,EUR,AD_HOC_PAYMENT,20,2025-11-19T13:00:00
FRVIAE12346030102,7e5797d5-0da9-4ea1-beb7-9e3d0fa7e71f,0.325,EUR,AD_HOC_PAYMENT,20,2025-11-19T13:00:00
FRVIAE12346030101,7e5797d5-0da9-4ea1-beb7-9e3d0fa7e71f,0.325,EUR,AD_HOC_PAYMENT,20,2025-11-19T13:00:00
FRVIAE12346030142,64cfd72818304ee28d3a875aef64d31b,0.45,EUR,AD_HOC_PAYMENT,20,2025-11-19T13:00:00
FRVIAE12346030141,64cfd72818304ee28d3a875aef64d31b,0.45,EUR,AD_HOC_PAYMENT,20,2025-11-19T13:00:00
FRVIAE12346219492,63b9a2fb-f35c-4dfb-bf27-4a42039521dd,0.55,EUR,AD_HOC_PAYMENT,20,2026-03-09T00:00:00
FRVIAE12346219491,63b9a2fb-f35c-4dfb-bf27-4a42039521dd,0.55,EUR,AD_HOC_PAYMENT,20,2026-03-09T00:00:00
FRVIAE20161010012,5ac8fc13-69bd-4238-91fc-00d74021df49,0.433,EUR,AD_HOC_PAYMENT,20,2026-02-23T00:00:00
FRVIAE20161010011,5ac8fc13-69bd-4238-91fc-00d74021df49,0.433,EUR,AD_HOC_PAYMENT,20,2026-02-23T00:00:00
FRVIAE10001169803,84ba7e49-a9d1-41d9-85f4-d72d875ec724,0.575,EUR,AD_HOC_PAYMENT,20,2026-03-09T00:00:00
FRVIAE10001169802,84ba7e49-a9d1-41d9-85f4-d72d875ec724,0.575,EUR,AD_HOC_PAYMENT,20,2026-03-09T00:00:00
FRVIAE10001169801,84ba7e49-a9d1-41d9-85f4-d72d875ec724,0.575,EUR,AD_HOC_PAYMENT,20,2026-03-09T00:00:00
FRVIAE10001169693,84ba7e49-a9d1-41d9-85f4-d72d875ec724,0.575,EUR,AD_HOC_PAYMENT,20,2026-03-09T00:00:00
FRVIAE10001169692,84ba7e49-a9d1-41d9-85f4-d72d875ec724,0.575,EUR,AD_HOC_PAYMENT,20,2026-03-09T00:00:00
FRVIAE10001169691,84ba7e49-a9d1-41d9-85f4-d72d875ec724,0.575,EUR,AD_HOC_PAYMENT,20,2026-03-09T00:00:00
FRVIAE12346008182,1b4c8df3140c49899a53d6c614ef431e,0.4,EUR,AD_HOC_PAYMENT,20,2025-11-19T13:00:00
FRVIAE12346008181,1b4c8df3140c49899a53d6c614ef431e,0.4,EUR,AD_HOC_PAYMENT,20,2025-11-19T13:00:00