id_pdc_itinerance,id_tariff
FRVIAE20142102013,FRVIA1b4c8df3140c49899a53d6c614ef431e
FRVIAE20142102012,FRVIA1b4c8df3140c49899a53d6c614ef431e
FRVIAE20142102011,FRVIA1b4c8df3140c49899a53d6c614ef431e
FRVIAE20142020012,FRVIA1b4c8df3140c49899a53d6c614ef431e
FRVIAE20142020011,FRVIA1b4c8df3140c49899a53d6c614ef431e
FRVIAE12346449202,FRVIA9ce4a9d0-ef0d-4bd5-a61c-f36a35f666b6
FRVIAE12346449201,FRVIA9ce4a9d0-ef0d-4bd5-a61c-f36a35f666b6
FRVIAE12346036052,FRVIA1b4c8df3140c49899a53d6c614ef431e
FRVIAE12346036051,FRVIA1b4c8df3140c49899a53d6c614ef431e
FRVIAE20142025012,FRVIA1b4c8df3140c49899a53d6c614ef431e
FRVIAE20142025011,FRVIA1b4c8df3140c49899a53d6c614ef431e
FRVIAE20142092012,FRVIA1b4c8df3140c49899a53d6c614ef431e
FRVIAE20142092011,FRVIA1b4c8df3140c49899a53d6c614ef431e
FRVIAE12345949353,FRVIAd57690eb-0476-4bdf-862a-4fd2da26302f
FRVIAE12345949352,FRVIAd57690eb-0476-4bdf-862a-4fd2da26302f
FRVIAE12345949351,FRVIAd57690eb-0476-4bdf-862a-4fd2da26302f
FRVIAE20122077072,FRVIA1b4c8df3140c49899a53d6c614ef431e
FRVIAE20122077071,FRVIA1b4c8df3140c49899a53d6c614ef431e
FRVIAE10001486094,FRVIA9ce4a9d0-ef0d-4bd5-a61c-f36a35f666b6
FRVIAE10001486093,FRVIA9ce4a9d0-ef0d-4bd5-a61c-f36a35f666b6
FRVIAE10001486092,FRVIA9ce4a9d0-ef0d-4bd5-a61c-f36a35f666b6
FRVIAE10001486091,FRVIA9ce4a9d0-ef0d-4bd5-a61c-f36a35f666b6
FRVIAE12346438466,FRVIA1b4c8df3140c49899a53d6c614ef431e
FRVIAE12346438465,FRVIA1b4c8df3140c49899a53d6c614ef431e
FRVIAE12346438464,FRVIA1b4c8df3140c49899a53d6c614ef431e
FRVIAE12346438463,FRVIA1b4c8df3140c49899a53d6c614ef431e
FRVIAE12346438462,FRVIA1b4c8df3140c49899a53d6c614ef431e
FRVIAE12346438461,FRVIA1b4c8df3140c49899a53d6c614ef431e
FRVIAE20123014032,FRVIAe9a95d1a-7f0c-49b8-a860-4f450bce162c
FRVIAE20123014031,FRVIAe9a95d1a-7f0c-49b8-a860-4f450bce162c
FRVIAE20142081012,FRVIA1b4c8df3140c49899a53d6c614ef431e
FRVIAE20142081011,FRVIA1b4c8df3140c49899a53d6c614ef431e
FRVIAE20142107023,FRVIA64cfd72818304ee28d3a875aef64d31b
FRVIAE20142107022,FRVIA64cfd72818304ee28d3a875aef64d31b
FRVIAE20142107021,FRVIA64cfd72818304ee28d3a875aef64d31b
FRVIAE20142037023,FRVIA1b4c8df3140c49899a53d6c614ef431e
FRVIAE20142037022,FRVIA64cfd72818304ee28d3a875aef64d31b
FRVIAE20142037021,FRVIA64cfd72818304ee28d3a875aef64d31b
FRVIAE10001208432,FRVIA1b4c8df3140c49899a53d6c614ef431e
FRVIAE10001208431,FRVIA1b4c8df3140c49899a53d6c614ef431e
FRVIAE12345963474,FRVIA9ce4a9d0-ef0d-4bd5-a61c-f36a35f666b6
FRVIAE12345963473,FRVIA9ce4a9d0-ef0d-4bd5-a61c-f36a35f666b6
FRVIAE12345963472,FRVIA9ce4a9d0-ef0d-4bd5-a61c-f36a35f666b6
FRVIAE12345963471,FRVIA9ce4a9d0-ef0d-4bd5-a61c-f36a35f666b6
FRVIAE10001208402,FRVIA1b4c8df3140c49899a53d6c614ef431e
FRVIAE10001208401,FRVIA1b4c8df3140c49899a53d6c614ef431e
FRVIAE12345955444,FRVIA1b4c8df3140c49899a53d6c614ef431e
FRVIAE12345955443,FRVIA1b4c8df3140c49899a53d6c614ef431e
FRVIAE12345955442,FRVIA1b4c8df3140c49899a53d6c614ef431e
FRVIAE12345955441,FRVIA1b4c8df3140c49899a53d6c614ef431e
FRVIAE12345955669,FRVIA1b4c8df3140c49899a53d6c614ef431e
FRVIAE12345955668,FRVIA1b4c8df3140c49899a53d6c614ef431e
FRVIAE12345955667,FRVIA1b4c8df3140c49899a53d6c614ef431e
FRVIAE12345955666,FRVIA1b4c8df3140c49899a53d6c614ef431e
FRVIAE12345955665,FRVIA1b4c8df3140c49899a53d6c614ef431e
FRVIAE12345955664,FRVIA1b4c8df3140c49899a53d6c614ef431e
FRVIAE12345955663,FRVIA1b4c8df3140c49899a53d6c614ef431e
FRVIAE12345955662,FRVIA1b4c8df3140c49899a53d6c614ef431e
FRVIAE123459556610,FRVIA1b4c8df3140c49899a53d6c614ef431e
FRVIAE12345955661,FRVIA1b4c8df3140c49899a53d6c614ef431e
FRVIAE20142060013,FRVIA1b4c8df3140c49899a53d6c614ef431e
FRVIAE20142060012,FRVIA1b4c8df3140c49899a53d6c614ef431e
FRVIAE20142060011,FRVIA1b4c8df3140c49899a53d6c614ef431e
FRVIAE20142035012,FRVIA1b4c8df3140c49899a53d6c614ef431e
FRVIAE20142035011,FRVIA1b4c8df3140c49899a53d6c614ef431e
FRVIAE10001251234,FRVIA9ce4a9d0-ef0d-4bd5-a61c-f36a35f666b6
FRVIAE10001251233,FRVIA9ce4a9d0-ef0d-4bd5-a61c-f36a35f666b6
FRVIAE10001251232,FRVIA9ce4a9d0-ef0d-4bd5-a61c-f36a35f666b6
FRVIAE10001251231,FRVIA9ce4a9d0-ef0d-4bd5-a61c-f36a35f666b6
FRVIAE20142074012,FRVIA1b4c8df3140c49899a53d6c614ef431e
FRVIAE20142074011,FRVIA1b4c8df3140c49899a53d6c614ef431e
FRVIAE10001495054,FRVIA9ce4a9d0-ef0d-4bd5-a61c-f36a35f666b6
FRVIAE10001495053,FRVIA9ce4a9d0-ef0d-4bd5-a61c-f36a35f666b6
FRVIAE10001495052,FRVIA9ce4a9d0-ef0d-4bd5-a61c-f36a35f666b6
FRVIAE10001495051,FRVIA9ce4a9d0-ef0d-4bd5-a61c-f36a35f666b6
FRVIAE20123002028,FRVIAe9a95d1a-7f0c-49b8-a860-4f450bce162c
FRVIAE20123002027,FRVIAe9a95d1a-7f0c-49b8-a860-4f450bce162c
FRVIAE20123002026,FRVIAe9a95d1a-7f0c-49b8-a860-4f450bce162c
FRVIAE20123002025,FRVIAe9a95d1a-7f0c-49b8-a860-4f450bce162c
FRVIAE20123002024,FRVIAe9a95d1a-7f0c-49b8-a860-4f450bce162c
FRVIAE20123002023,FRVIAe9a95d1a-7f0c-49b8-a860-4f450bce162c
FRVIAE20123002022,FRVIAe9a95d1a-7f0c-49b8-a860-4f450bce162c
FRVIAE20123002021,FRVIAe9a95d1a-7f0c-49b8-a860-4f450bce162c
FRVIAE20142109032,FRVIA64cfd72818304ee28d3a875aef64d31b
FRVIAE20142109031,FRVIA64cfd72818304ee28d3a875aef64d31b
FRVIAE20142124012,FRVIA1b4c8df3140c49899a53d6c614ef431e
FRVIAE20142124011,FRVIA1b4c8df3140c49899a53d6c614ef431e
FRVIAE20142068023,FRVIA1b4c8df3140c49899a53d6c614ef431e
FRVIAE20142068022,FRVIA64cfd72818304ee28d3a875aef64d31b
FRVIAE20142068021,FRVIA64cfd72818304ee28d3a875aef64d31b
FRVIAE10001249264,FRVIA9ce4a9d0-ef0d-4bd5-a61c-f36a35f666b6
FRVIAE10001249263,FRVIA9ce4a9d0-ef0d-4bd5-a61c-f36a35f666b6
FRVIAE10001249262,FRVIA9ce4a9d0-ef0d-4bd5-a61c-f36a35f666b6
FRVIAE10001249261,FRVIA9ce4a9d0-ef0d-4bd5-a61c-f36a35f666b6
FRVIAE10001158022,FRVIA1b4c8df3140c49899a53d6c614ef431e
FRVIAE10001158021,FRVIA1b4c8df3140c49899a53d6c614ef431e
FRVIAE12346122073,FRVIA84ba7e49-a9d1-41d9-85f4-d72d875ec724
FRVIAE12346122072,FRVIA84ba7e49-a9d1-41d9-85f4-d72d875ec724
FRVIAE12346122071,FRVIA84ba7e49-a9d1-41d9-85f4-d72d875ec724
FRVIAE20122091072,FRVIA1b4c8df3140c49899a53d6c614ef431e
FRVIAE20122091071,FRVIA1b4c8df3140c49899a53d6c614ef431e
FRVIAE12346219244,FRVIA9ce4a9d0-ef0d-4bd5-a61c-f36a35f666b6
FRVIAE12346219243,FRVIA9ce4a9d0-ef0d-4bd5-a61c-f36a35f666b6
FRVIAE12346219242,FRVIA9ce4a9d0-ef0d-4bd5-a61c-f36a35f666b6
FRVIAE12346219241,FRVIA9ce4a9d0-ef0d-4bd5-a61c-f36a35f666b6
FRVIAE10001534254,FRVIA9ce4a9d0-ef0d-4bd5-a61c-f36a35f666b6
FRVIAE10001534253,FRVIA9ce4a9d0-ef0d-4bd5-a61c-f36a35f666b6
FRVIAE10001534252,FRVIA9ce4a9d0-ef0d-4bd5-a61c-f36a35f666b6
FRVIAE10001534251,FRVIA9ce4a9d0-ef0d-4bd5-a61c-f36a35f666b6
FRVIAE12346057112,FRVIA1b4c8df3140c49899a53d6c614ef431e
FRVIAE12346057111,FRVIA1b4c8df3140c49899a53d6c614ef431e
FRVIAE10001092952,FRVIA1b4c8df3140c49899a53d6c614ef431e
FRVIAE10001092951,FRVIA1b4c8df3140c49899a53d6c614ef431e
FRVIAE20101103112,FRVIA87b962cf-5c99-4812-8f03-16f2047aba80
FRVIAE20101103111,FRVIA87b962cf-5c99-4812-8f03-16f2047aba80
FRVIAE12346374612,FRVIA1b4c8df3140c49899a53d6c614ef431e
FRVIAE12346374611,FRVIA1b4c8df3140c49899a53d6c614ef431e
FRVIAE20142013012,FRVIA1b4c8df3140c49899a53d6c614ef431e
FRVIAE20142013011,FRVIA1b4c8df3140c49899a53d6c614ef431e
FRVIAE10000988252,FRVIA0b46268150cf4976ad848e9cfbe14c78
FRVIAE10000988251,FRVIA0b46268150cf4976ad848e9cfbe14c78
FRVIAE20142091012,FRVIA1b4c8df3140c49899a53d6c614ef431e
FRVIAE20142091011,FRVIA1b4c8df3140c49899a53d6c614ef431e
FRVIAE10001444872,FRVIA1b4c8df3140c49899a53d6c614ef431e
FRVIAE10001444871,FRVIA1b4c8df3140c49899a53d6c614ef431e
FRVIAE20142072012,FRVIA1b4c8df3140c49899a53d6c614ef431e
FRVIAE20142072011,FRVIA1b4c8df3140c49899a53d6c614ef431e
FRVIAE20142104013,FRVIA1b4c8df3140c49899a53d6c614ef431e
FRVIAE20142104012,FRVIA1b4c8df3140c49899a53d6c614ef431e
FRVIAE20142104011,FRVIA1b4c8df3140c49899a53d6c614ef431e
FRVIAE10001318444,FRVIA9ce4a9d0-ef0d-4bd5-a61c-f36a35f666b6
FRVIAE10001318443,FRVIA9ce4a9d0-ef0d-4bd5-a61c-f36a35f666b6
FRVIAE10001318442,FRVIA9ce4a9d0-ef0d-4bd5-a61c-f36a35f666b6
FRVIAE10001318441,FRVIA9ce4a9d0-ef0d-4bd5-a61c-f36a35f666b6
FRVIAE20111102022,FRVIA64cfd72818304ee28d3a875aef64d31b
FRVIAE20111102021,FRVIA64cfd72818304ee28d3a875aef64d31b
FRVIAE10001249274,FRVIA9ce4a9d0-ef0d-4bd5-a61c-f36a35f666b6
FRVIAE10001249273,FRVIA9ce4a9d0-ef0d-4bd5-a61c-f36a35f666b6
FRVIAE10001249272,FRVIA9ce4a9d0-ef0d-4bd5-a61c-f36a35f666b6
FRVIAE10001249271,FRVIA9ce4a9d0-ef0d-4bd5-a61c-f36a35f666b6
FRVIAE12345955752,FRVIA1b4c8df3140c49899a53d6c614ef431e
FRVIAE12345955751,FRVIA1b4c8df3140c49899a53d6c614ef431e
FRVIAE10001381442,FRVIA65df1f1d-34c8-4886-a465-c0943f5e9ba2
FRVIAE10001381441,FRVIA65df1f1d-34c8-4886-a465-c0943f5e9ba2
FRVIAE10001205682,FRVIA1b4c8df3140c49899a53d6c614ef431e
FRVIAE10001205681,FRVIA1b4c8df3140c49899a53d6c614ef431e
FRVIAE12346314932,FRVIA1b4c8df3140c49899a53d6c614ef431e
FRVIAE12346314931,FRVIA1b4c8df3140c49899a53d6c614ef431e
FRVIAE20142105012,FRVIA1b4c8df3140c49899a53d6c614ef431e
FRVIAE20142105011,FRVIA1b4c8df3140c49899a53d6c614ef431e
FRVIAE20142059012,FRVIA1b4c8df3140c49899a53d6c614ef431e
FRVIAE20142059011,FRVIA1b4c8df3140c49899a53d6c614ef431e
FRVIAE12346328762,FRVIA1b4c8df3140c49899a53d6c614ef431e
FRVIAE12346328761,FRVIA1b4c8df3140c49899a53d6c614ef431e
FRVIAE20122214029,FRVIA1b4c8df3140c49899a53d6c614ef431e
FRVIAE20122214028,FRVIA1b4c8df3140c49899a53d6c614ef431e
FRVIAE20122214027,FRVIA1b4c8df3140c49899a53d6c614ef431e
FRVIAE20122214026,FRVIA1b4c8df3140c49899a53d6c614ef431e
FRVIAE20122214025,FRVIA1b4c8df3140c49899a53d6c614ef431e
FRVIAE20122214024,FRVIA1b4c8df3140c49899a53d6c614ef431e
FRVIAE20122214023,FRVIA1b4c8df3140c49899a53d6c614ef431e
FRVIAE20122214022,FRVIA1b4c8df3140c49899a53d6c614ef431e
FRVIAE201222140210,FRVIA1b4c8df3140c49899a53d6c614ef431e
FRVIAE20122214021,FRVIA1b4c8df3140c49899a53d6c614ef431e
FRVIAE20122110019,FRVIA1b4c8df3140c49899a53d6c614ef431e
FRVIAE20122110018,FRVIA1b4c8df3140c49899a53d6c614ef431e
FRVIAE20122110017,FRVIA1b4c8df3140c49899a53d6c614ef431e
FRVIAE20122110016,FRVIA1b4c8df3140c49899a53d6c614ef431e
FRVIAE20122110015,FRVIA1b4c8df3140c49899a53d6c614ef431e
FRVIAE20122110014,FRVIA1b4c8df3140c49899a53d6c614ef431e
FRVIAE20122110013,FRVIA1b4c8df3140c49899a53d6c614ef431e
FRVIAE20122110012,FRVIA1b4c8df3140c49899a53d6c614ef431e
FRVIAE201221100112,FRVIA1b4c8df3140c49899a53d6c614ef431e
FRVIAE201221100111,FRVIA1b4c8df3140c49899a53d6c614ef431e
FRVIAE201221100110,FRVIA1b4c8df3140c49899a53d6c614ef431e
FRVIAE20122110011,FRVIA1b4c8df3140c49899a53d6c614ef431e
FRVIAE20122173019,FRVIA1b4c8df3140c49899a53d6c614ef431e
FRVIAE20122173018,FRVIA1b4c8df3140c49899a53d6c614ef431e
FRVIAE20122173017,FRVIA1b4c8df3140c49899a53d6c614ef431e
FRVIAE20122173016,FRVIA1b4c8df3140c49899a53d6c614ef431e
FRVIAE20122173015,FRVIA1b4c8df3140c49899a53d6c614ef431e
FRVIAE20122173014,FRVIA1b4c8df3140c49899a53d6c614ef431e
FRVIAE20122173013,FRVIA1b4c8df3140c49899a53d6c614ef431e
FRVIAE20122173012,FRVIA1b4c8df3140c49899a53d6c614ef431e
FRVIAE201221730112,FRVIA1b4c8df3140c49899a53d6c614ef431e
FRVIAE201221730111,FRVIA1b4c8df3140c49899a53d6c614ef431e
FRVIAE201221730110,FRVIA1b4c8df3140c49899a53d6c614ef431e
FRVIAE20122173011,FRVIA1b4c8df3140c49899a53d6c614ef431e
FRVIAE20161005092,FRVIA5ac8fc13-69bd-4238-91fc-00d74021df49
FRVIAE20161005091,FRVIA5ac8fc13-69bd-4238-91fc-00d74021df49
FRVIAE20142094012,FRVIA1b4c8df3140c49899a53d6c614ef431e
FRVIAE20142094011,FRVIA1b4c8df3140c49899a53d6c614ef431e
FRVIAE12346331129,FRVIA1b4c8df3140c49899a53d6c614ef431e
FRVIAE12346331128,FRVIA1b4c8df3140c49899a53d6c614ef431e
FRVIAE12346331127,FRVIA1b4c8df3140c49899a53d6c614ef431e
FRVIAE12346331126,FRVIA1b4c8df3140c49899a53d6c614ef431e
FRVIAE12346331125,FRVIA1b4c8df3140c49899a53d6c614ef431e
FRVIAE12346331124,FRVIA1b4c8df3140c49899a53d6c614ef431e
FRVIAE12346331123,FRVIA1b4c8df3140c49899a53d6c614ef431e
FRVIAE12346331122,FRVIA1b4c8df3140c49899a53d6c614ef431e
FRVIAE123463311212,FRVIA1b4c8df3140c49899a53d6c614ef431e
FRVIAE123463311211,FRVIA1b4c8df3140c49899a53d6c614ef431e
FRVIAE123463311210,FRVIA1b4c8df3140c49899a53d6c614ef431e
FRVIAE12346331121,FRVIA1b4c8df3140c49899a53d6c614ef431e
FRVIAE20142065023,FRVIA1b4c8df3140c49899a53d6c614ef431e
FRVIAE20142065022,FRVIA64cfd72818304ee28d3a875aef64d31b
FRVIAE20142065021,FRVIA64cfd72818304ee28d3a875aef64d31b
FRVIAE20122089072,FRVIA1b4c8df3140c49899a53d6c614ef431e
FRVIAE20122089071,FRVIA1b4c8df3140c49899a53d6c614ef431e
FRVIAE10001205462,FRVIA65df1f1d-34c8-4886-a465-c0943f5e9ba2
FRVIAE10001205461,FRVIA65df1f1d-34c8-4886-a465-c0943f5e9ba2
FRVIAE10001319552,FRVIA87b962cf-5c99-4812-8f03-16f2047aba80
FRVIAE10001319551,FRVIA87b962cf-5c99-4812-8f03-16f2047aba80
FRVIAE10001158012,FRVIA1b4c8df3140c49899a53d6c614ef431e
FRVIAE10001158011,FRVIA1b4c8df3140c49899a53d6c614ef431e
FRVIAE12345703823,FRVIA0f286212-cb69-4cd7-abda-c0368a02ccbf
FRVIAE12345703822,FRVIA0f286212-cb69-4cd7-abda-c0368a02ccbf
FRVIAE12345703821,FRVIA0f286212-cb69-4cd7-abda-c0368a02ccbf
FRVIAE10001218583,FRVIA64cfd72818304ee28d3a875aef64d31b
FRVIAE10001218582,FRVIA64cfd72818304ee28d3a875aef64d31b
FRVIAE10001218581,FRVIA64cfd72818304ee28d3a875aef64d31b
FRVIAE20111103022,FRVIA64cfd72818304ee28d3a875aef64d31b
FRVIAE20111103021,FRVIA64cfd72818304ee28d3a875aef64d31b
FRVIAE10001093002,FRVIA1b4c8df3140c49899a53d6c614ef431e
FRVIAE10001093001,FRVIA1b4c8df3140c49899a53d6c614ef431e
FRVIAE10001445534,FRVIA9ce4a9d0-ef0d-4bd5-a61c-f36a35f666b6
FRVIAE10001445533,FRVIA9ce4a9d0-ef0d-4bd5-a61c-f36a35f666b6
FRVIAE10001445532,FRVIA9ce4a9d0-ef0d-4bd5-a61c-f36a35f666b6
FRVIAE10001445531,FRVIA9ce4a9d0-ef0d-4bd5-a61c-f36a35f666b6
FRVIAE10001251244,FRVIA9ce4a9d0-ef0d-4bd5-a61c-f36a35f666b6
FRVIAE10001251243,FRVIA9ce4a9d0-ef0d-4bd5-a61c-f36a35f666b6
FRVIAE10001251242,FRVIA9ce4a9d0-ef0d-4bd5-a61c-f36a35f666b6
FRVIAE10001251241,FRVIA9ce4a9d0-ef0d-4bd5-a61c-f36a35f666b6
FRVIAE20142080013,FRVIA1b4c8df3140c49899a53d6c614ef431e
FRVIAE20142080012,FRVIA1b4c8df3140c49899a53d6c614ef431e
FRVIAE20142080011,FRVIA1b4c8df3140c49899a53d6c614ef431e
FRVIAE12346451762,FRVIA9ce4a9d0-ef0d-4bd5-a61c-f36a35f666b6
FRVIAE12346451761,FRVIA9ce4a9d0-ef0d-4bd5-a61c-f36a35f666b6
FRVIAE20122239092,FRVIA1b4c8df3140c49899a53d6c614ef431e
FRVIAE20122239091,FRVIA1b4c8df3140c49899a53d6c614ef431e
FRVIAE20124001032,FRVIA64cfd72818304ee28d3a875aef64d31b
FRVIAE20124001031,FRVIA64cfd72818304ee28d3a875aef64d31b
FRVIAE12346397252,FRVIA1b4c8df3140c49899a53d6c614ef431e
FRVIAE12346397251,FRVIA1b4c8df3140c49899a53d6c614ef431e
FRVIAE10001158032,FRVIA1b4c8df3140c49899a53d6c614ef431e
FRVIAE10001158031,FRVIA1b4c8df3140c49899a53d6c614ef431e
FRVIAE10001231092,FRVIA87b962cf-5c99-4812-8f03-16f2047aba80
FRVIAE10001231091,FRVIA87b962cf-5c99-4812-8f03-16f2047aba80
FRVIAE20122063122,FRVIA1b4c8df3140c49899a53d6c614ef431e
FRVIAE20122063121,FRVIA1b4c8df3140c49899a53d6c614ef431e
FRVIAE20142053013,FRVIA1b4c8df3140c49899a53d6c614ef431e
FRVIAE20142053012,FRVIA1b4c8df3140c49899a53d6c614ef431e
FRVIAE20142053011,FRVIA1b4c8df3140c49899a53d6c614ef431e
FRVIAE12345954836,FRVIA1b4c8df3140c49899a53d6c614ef431e
FRVIAE12345954835,FRVIA1b4c8df3140c49899a53d6c614ef431e
FRVIAE12345954834,FRVIA1b4c8df3140c49899a53d6c614ef431e
FRVIAE12345954833,FRVIA1b4c8df3140c49899a53d6c614ef431e
FRVIAE12345954832,FRVIA1b4c8df3140c49899a53d6c614ef431e
FRVIAE12345954831,FRVIA1b4c8df3140c49899a53d6c614ef431e
FRVIAE10001169643,FRVIA84ba7e49-a9d1-41d9-85f4-d72d875ec724
FRVIAE10001169642,FRVIA84ba7e49-a9d1-41d9-85f4-d72d875ec724
FRVIAE10001169641,FRVIA84ba7e49-a9d1-41d9-85f4-d72d875ec724
FRVIAE20142016012,FRVIA1b4c8df3140c49899a53d6c614ef431e
FRVIAE20142016011,FRVIA1b4c8df3140c49899a53d6c614ef431e
FRVIAE20142038012,FRVIA1b4c8df3140c49899a53d6c614ef431e
FRVIAE20142038011,FRVIA1b4c8df3140c49899a53d6c614ef431e
FRVIAE12345715404,FRVIA9ce4a9d0-ef0d-4bd5-a61c-f36a35f666b6
FRVIAE12345715403,FRVIA9ce4a9d0-ef0d-4bd5-a61c-f36a35f666b6
FRVIAE12345715402,FRVIA9ce4a9d0-ef0d-4bd5-a61c-f36a35f666b6
FRVIAE12345715401,FRVIA9ce4a9d0-ef0d-4bd5-a61c-f36a35f666b6
FRVIAE20122072072,FRVIA1b4c8df3140c49899a53d6c614ef431e
FRVIAE20122072071,FRVIA1b4c8df3140c49899a53d6c614ef431e
FRVIAE20142055012,FRVIA1b4c8df3140c49899a53d6c614ef431e
FRVIAE20142055011,FRVIA1b4c8df3140c49899a53d6c614ef431e
FRVIAE20142026012,FRVIA1b4c8df3140c49899a53d6c614ef431e
FRVIAE20142026011,FRVIA1b4c8df3140c49899a53d6c614ef431e
FRVIAE20122068019,FRVIA1b4c8df3140c49899a53d6c614ef431e
FRVIAE20122068018,FRVIA1b4c8df3140c49899a53d6c614ef431e
FRVIAE20122068017,FRVIA1b4c8df3140c49899a53d6c614ef431e
FRVIAE20122068016,FRVIA1b4c8df3140c49899a53d6c614ef431e
FRVIAE20122068015,FRVIA1b4c8df3140c49899a53d6c614ef431e
FRVIAE20122068014,FRVIA1b4c8df3140c49899a53d6c614ef431e
FRVIAE20122068013,FRVIA1b4c8df3140c49899a53d6c614ef431e
FRVIAE20122068012,FRVIA1b4c8df3140c49899a53d6c614ef431e
FRVIAE201220680112,FRVIA1b4c8df3140c49899a53d6c614ef431e
FRVIAE201220680111,FRVIA1b4c8df3140c49899a53d6c614ef431e
FRVIAE201220680110,FRVIA1b4c8df3140c49899a53d6c614ef431e
FRVIAE20122068011,FRVIA1b4c8df3140c49899a53d6c614ef431e
FRVIAE12346295849,FRVIA1b4c8df3140c49899a53d6c614ef431e
FRVIAE12346295848,FRVIA1b4c8df3140c49899a53d6c614ef431e
FRVIAE12346295847,FRVIA1b4c8df3140c49899a53d6c614ef431e
FRVIAE12346295846,FRVIA1b4c8df3140c49899a53d6c614ef431e
FRVIAE12346295845,FRVIA1b4c8df3140c49899a53d6c614ef431e
FRVIAE12346295844,FRVIA1b4c8df3140c49899a53d6c614ef431e
FRVIAE12346295843,FRVIA1b4c8df3140c49899a53d6c614ef431e
FRVIAE12346295842,FRVIA1b4c8df3140c49899a53d6c614ef431e
FRVIAE123462958410,FRVIA1b4c8df3140c49899a53d6c614ef431e
FRVIAE12346295841,FRVIA1b4c8df3140c49899a53d6c614ef431e
FRVIAE12346339102,FRVIA1b4c8df3140c49899a53d6c614ef431e
FRVIAE12346339101,FRVIA1b4c8df3140c49899a53d6c614ef431e
FRVIAE20142050012,FRVIA1b4c8df3140c49899a53d6c614ef431e
FRVIAE20142050011,FRVIA1b4c8df3140c49899a53d6c614ef431e
FRVIAE12345955326,FRVIA1b4c8df3140c49899a53d6c614ef431e
FRVIAE12345955325,FRVIA1b4c8df3140c49899a53d6c614ef431e
FRVIAE12345955324,FRVIA1b4c8df3140c49899a53d6c614ef431e
FRVIAE12345955323,FRVIA1b4c8df3140c49899a53d6c614ef431e
FRVIAE12345955322,FRVIA1b4c8df3140c49899a53d6c614ef431e
FRVIAE12345955321,FRVIA1b4c8df3140c49899a53d6c614ef431e
FRVIAE10001475414,FRVIA9ce4a9d0-ef0d-4bd5-a61c-f36a35f666b6
FRVIAE10001475413,FRVIA9ce4a9d0-ef0d-4bd5-a61c-f36a35f666b6
FRVIAE10001475412,FRVIA9ce4a9d0-ef0d-4bd5-a61c-f36a35f666b6
FRVIAE10001475411,FRVIA9ce4a9d0-ef0d-4bd5-a61c-f36a35f666b6
FRVIAE20101002022,FRVIA87b962cf-5c99-4812-8f03-16f2047aba80
FRVIAE20101002021,FRVIA87b962cf-5c99-4812-8f03-16f2047aba80
FRVIAE20143001012,FRVIA64cfd72818304ee28d3a875aef64d31b
FRVIAE20143001011,FRVIA64cfd72818304ee28d3a875aef64d31b
FRVIAE10001205392,FRVIA65df1f1d-34c8-4886-a465-c0943f5e9ba2
FRVIAE10001205391,FRVIA65df1f1d-34c8-4886-a465-c0943f5e9ba2
FRVIAE20122087072,FRVIA1b4c8df3140c49899a53d6c614ef431e
FRVIAE20122087071,FRVIA1b4c8df3140c49899a53d6c614ef431e
FRVIAE20142098012,FRVIA1b4c8df3140c49899a53d6c614ef431e
FRVIAE20142098011,FRVIA1b4c8df3140c49899a53d6c614ef431e
FRVIAE10001498024,FRVIA9ce4a9d0-ef0d-4bd5-a61c-f36a35f666b6
FRVIAE10001498023,FRVIA9ce4a9d0-ef0d-4bd5-a61c-f36a35f666b6
FRVIAE10001498022,FRVIA9ce4a9d0-ef0d-4bd5-a61c-f36a35f666b6
FRVIAE10001498021,FRVIA9ce4a9d0-ef0d-4bd5-a61c-f36a35f666b6
FRVIAE10001249284,FRVIA9ce4a9d0-ef0d-4bd5-a61c-f36a35f666b6
FRVIAE10001249283,FRVIA9ce4a9d0-ef0d-4bd5-a61c-f36a35f666b6
FRVIAE10001249282,FRVIA9ce4a9d0-ef0d-4bd5-a61c-f36a35f666b6
FRVIAE10001249281,FRVIA9ce4a9d0-ef0d-4bd5-a61c-f36a35f666b6
FRVIAE20161001052,FRVIAfa6213d8-d5b6-4194-9c4e-3d089601e0b6
FRVIAE20161001051,FRVIAfa6213d8-d5b6-4194-9c4e-3d089601e0b6
FRVIAE20161004112,FRVIA5ac8fc13-69bd-4238-91fc-00d74021df49
FRVIAE20161004111,FRVIA5ac8fc13-69bd-4238-91fc-00d74021df49
FRVIAE10001169753,FRVIA84ba7e49-a9d1-41d9-85f4-d72d875ec724
FRVIAE10001169752,FRVIA84ba7e49-a9d1-41d9-85f4-d72d875ec724
FRVIAE10001169751,FRVIA84ba7e49-a9d1-41d9-85f4-d72d875ec724
FRVIAE20142006012,FRVIA1b4c8df3140c49899a53d6c614ef431e
FRVIAE20142006011,FRVIA1b4c8df3140c49899a53d6c614ef431e
FRVIAE12346087819,FRVIA1b4c8df3140c49899a53d6c614ef431e
FRVIAE12346087818,FRVIA1b4c8df3140c49899a53d6c614ef431e
FRVIAE12346087817,FRVIA1b4c8df3140c49899a53d6c614ef431e
FRVIAE12346087816,FRVIA1b4c8df3140c49899a53d6c614ef431e
FRVIAE12346087815,FRVIA1b4c8df3140c49899a53d6c614ef431e
FRVIAE12346087814,FRVIA1b4c8df3140c49899a53d6c614ef431e
FRVIAE12346087813,FRVIA1b4c8df3140c49899a53d6c614ef431e
FRVIAE12346087812,FRVIA1b4c8df3140c49899a53d6c614ef431e
FRVIAE123460878110,FRVIA1b4c8df3140c49899a53d6c614ef431e
FRVIAE12346087811,FRVIA1b4c8df3140c49899a53d6c614ef431e
FRVIAE12345954849,FRVIA1b4c8df3140c49899a53d6c614ef431e
FRVIAE12345954848,FRVIA1b4c8df3140c49899a53d6c614ef431e
FRVIAE12345954847,FRVIA1b4c8df3140c49899a53d6c614ef431e
FRVIAE12345954846,FRVIA1b4c8df3140c49899a53d6c614ef431e
FRVIAE12345954845,FRVIA1b4c8df3140c49899a53d6c614ef431e
FRVIAE12345954844,FRVIA1b4c8df3140c49899a53d6c614ef431e
FRVIAE12345954843,FRVIA1b4c8df3140c49899a53d6c614ef431e
FRVIAE12345954842,FRVIA1b4c8df3140c49899a53d6c614ef431e
FRVIAE123459548412,FRVIA1b4c8df3140c49899a53d6c614ef431e
FRVIAE123459548411,FRVIA1b4c8df3140c49899a53d6c614ef431e
FRVIAE123459548410,FRVIA1b4c8df3140c49899a53d6c614ef431e
FRVIAE12345954841,FRVIA1b4c8df3140c49899a53d6c614ef431e
FRVIAE10001480672,FRVIA0f286212-cb69-4cd7-abda-c0368a02ccbf
FRVIAE10001480671,FRVIA0f286212-cb69-4cd7-abda-c0368a02ccbf
FRVIAE20142023012,FRVIA1b4c8df3140c49899a53d6c614ef431e
FRVIAE20142023011,FRVIA1b4c8df3140c49899a53d6c614ef431e
FRVIAE12346304943,FRVIA9ce4a9d0-ef0d-4bd5-a61c-f36a35f666b6
FRVIAE12346304942,FRVIA9ce4a9d0-ef0d-4bd5-a61c-f36a35f666b6
FRVIAE20142044012,FRVIA1b4c8df3140c49899a53d6c614ef431e
FRVIAE20142044011,FRVIA1b4c8df3140c49899a53d6c614ef431e
FRVIAE12345727992,FRVIA1b4c8df3140c49899a53d6c614ef431e
FRVIAE12345727991,FRVIA1b4c8df3140c49899a53d6c614ef431e
FRVIAE10001319564,FRVIA9ce4a9d0-ef0d-4bd5-a61c-f36a35f666b6
FRVIAE10001319563,FRVIA9ce4a9d0-ef0d-4bd5-a61c-f36a35f666b6
FRVIAE10001319562,FRVIA9ce4a9d0-ef0d-4bd5-a61c-f36a35f666b6
FRVIAE10001319561,FRVIA9ce4a9d0-ef0d-4bd5-a61c-f36a35f666b6
FRVIAE20103003022,FRVIA84ba7e49-a9d1-41d9-85f4-d72d875ec724
FRVIAE20103003021,FRVIA84ba7e49-a9d1-41d9-85f4-d72d875ec724
FRVIAE10001231112,FRVIA87b962cf-5c99-4812-8f03-16f2047aba80
FRVIAE10001231111,FRVIA87b962cf-5c99-4812-8f03-16f2047aba80
FRVIAE20111101032,FRVIA64cfd72818304ee28d3a875aef64d31b
FRVIAE20111101031,FRVIA64cfd72818304ee28d3a875aef64d31b
FRVIAE10001093042,FRVIA1b4c8df3140c49899a53d6c614ef431e
FRVIAE10001093041,FRVIA1b4c8df3140c49899a53d6c614ef431e
FRVIAE20142021013,FRVIA1b4c8df3140c49899a53d6c614ef431e
FRVIAE20142021012,FRVIA1b4c8df3140c49899a53d6c614ef431e
FRVIAE20142021011,FRVIA1b4c8df3140c49899a53d6c614ef431e
FRVIAE20142056012,FRVIA1b4c8df3140c49899a53d6c614ef431e
FRVIAE20142056011,FRVIA1b4c8df3140c49899a53d6c614ef431e
FRVIAE20142073013,FRVIA1b4c8df3140c49899a53d6c614ef431e
FRVIAE20142073012,FRVIA1b4c8df3140c49899a53d6c614ef431e
FRVIAE20142073011,FRVIA1b4c8df3140c49899a53d6c614ef431e
FRVIAE20142086012,FRVIA1b4c8df3140c49899a53d6c614ef431e
FRVIAE20142086011,FRVIA1b4c8df3140c49899a53d6c614ef431e
FRVIAE20101003012,FRVIA87b962cf-5c99-4812-8f03-16f2047aba80
FRVIAE20101003011,FRVIA87b962cf-5c99-4812-8f03-16f2047aba80
FRVIAE10001475404,FRVIA9ce4a9d0-ef0d-4bd5-a61c-f36a35f666b6
FRVIAE10001475403,FRVIA9ce4a9d0-ef0d-4bd5-a61c-f36a35f666b6
FRVIAE10001475402,FRVIA9ce4a9d0-ef0d-4bd5-a61c-f36a35f666b6
FRVIAE10001475401,FRVIA9ce4a9d0-ef0d-4bd5-a61c-f36a35f666b6
FRVIAE20122082092,FRVIA1b4c8df3140c49899a53d6c614ef431e
FRVIAE20122082091,FRVIA1b4c8df3140c49899a53d6c614ef431e
FRVIAE20152003052,FRVIA0b46268150cf4976ad848e9cfbe14c78
FRVIAE20152003051,FRVIA0b46268150cf4976ad848e9cfbe14c78
FRVIAE20164009014,FRVIAfa6213d8-d5b6-4194-9c4e-3d089601e0b6
FRVIAE20164009013,FRVIAfa6213d8-d5b6-4194-9c4e-3d089601e0b6
FRVIAE20164009012,FRVIAfa6213d8-d5b6-4194-9c4e-3d089601e0b6
FRVIAE20164009011,FRVIAfa6213d8-d5b6-4194-9c4e-3d089601e0b6
FRVIAE20142018012,FRVIA1b4c8df3140c49899a53d6c614ef431e
FRVIAE20142018011,FRVIA1b4c8df3140c49899a53d6c614ef431e
FRVIAE20142009022,FRVIA1b4c8df3140c49899a53d6c614ef431e
FRVIAE20142009021,FRVIA1b4c8df3140c49899a53d6c614ef431e
FRVIAE10001456403,FRVIA0f286212-cb69-4cd7-abda-c0368a02ccbf
FRVIAE10001456402,FRVIA0f286212-cb69-4cd7-abda-c0368a02ccbf
FRVIAE10001456401,FRVIA0f286212-cb69-4cd7-abda-c0368a02ccbf
FRVIAE20142036013,FRVIA1b4c8df3140c49899a53d6c614ef431e
FRVIAE20142036012,FRVIA1b4c8df3140c49899a53d6c614ef431e
FRVIAE20142036011,FRVIA1b4c8df3140c49899a53d6c614ef431e
FRVIAE12346407716,FRVIA1b4c8df3140c49899a53d6c614ef431e
FRVIAE12346407715,FRVIA1b4c8df3140c49899a53d6c614ef431e
FRVIAE12346407714,FRVIA1b4c8df3140c49899a53d6c614ef431e
FRVIAE12346407713,FRVIA1b4c8df3140c49899a53d6c614ef431e
FRVIAE12346407712,FRVIA1b4c8df3140c49899a53d6c614ef431e
FRVIAE12346407711,FRVIA1b4c8df3140c49899a53d6c614ef431e
FRVIAE10001486084,FRVIA9ce4a9d0-ef0d-4bd5-a61c-f36a35f666b6
FRVIAE10001486083,FRVIA9ce4a9d0-ef0d-4bd5-a61c-f36a35f666b6
FRVIAE10001486082,FRVIA9ce4a9d0-ef0d-4bd5-a61c-f36a35f666b6
FRVIAE10001486081,FRVIA9ce4a9d0-ef0d-4bd5-a61c-f36a35f666b6
FRVIAE10001524732,FRVIA1b4c8df3140c49899a53d6c614ef431e
FRVIAE10001524731,FRVIA1b4c8df3140c49899a53d6c614ef431e
FRVIAE20142032012,FRVIA1b4c8df3140c49899a53d6c614ef431e
FRVIAE20142032011,FRVIA1b4c8df3140c49899a53d6c614ef431e
FRVIAE20103001062,FRVIA84ba7e49-a9d1-41d9-85f4-d72d875ec724
FRVIAE20103001061,FRVIA84ba7e49-a9d1-41d9-85f4-d72d875ec724
FRVIAE12346233302,FRVIA1b4c8df3140c49899a53d6c614ef431e
FRVIAE12346233301,FRVIA1b4c8df3140c49899a53d6c614ef431e
FRVIAE20142106022,FRVIA64cfd72818304ee28d3a875aef64d31b
FRVIAE20142106021,FRVIA64cfd72818304ee28d3a875aef64d31b
FRVIAE20142043012,FRVIA1b4c8df3140c49899a53d6c614ef431e
FRVIAE20142043011,FRVIA1b4c8df3140c49899a53d6c614ef431e
FRVIAE10001307854,FRVIA9ce4a9d0-ef0d-4bd5-a61c-f36a35f666b6
FRVIAE10001307853,FRVIA9ce4a9d0-ef0d-4bd5-a61c-f36a35f666b6
FRVIAE10001307852,FRVIA9ce4a9d0-ef0d-4bd5-a61c-f36a35f666b6
FRVIAE10001307851,FRVIA9ce4a9d0-ef0d-4bd5-a61c-f36a35f666b6
FRVIAE12346331562,FRVIA1b4c8df3140c49899a53d6c614ef431e
FRVIAE12346331561,FRVIA1b4c8df3140c49899a53d6c614ef431e
FRVIAE20122074018,FRVIA1b4c8df3140c49899a53d6c614ef431e
FRVIAE20122074017,FRVIA1b4c8df3140c49899a53d6c614ef431e
FRVIAE20122074016,FRVIA1b4c8df3140c49899a53d6c614ef431e
FRVIAE20122074015,FRVIA1b4c8df3140c49899a53d6c614ef431e
FRVIAE20122074014,FRVIA1b4c8df3140c49899a53d6c614ef431e
FRVIAE20122074013,FRVIA1b4c8df3140c49899a53d6c614ef431e
FRVIAE20122074012,FRVIA1b4c8df3140c49899a53d6c614ef431e
FRVIAE20122074011,FRVIA1b4c8df3140c49899a53d6c614ef431e
FRVIAE12345955532,FRVIA1b4c8df3140c49899a53d6c614ef431e
FRVIAE12345955531,FRVIA1b4c8df3140c49899a53d6c614ef431e
FRVIAE10001231142,FRVIA87b962cf-5c99-4812-8f03-16f2047aba80
FRVIAE10001231141,FRVIA87b962cf-5c99-4812-8f03-16f2047aba80
FRVIAE20142054012,FRVIA1b4c8df3140c49899a53d6c614ef431e
FRVIAE20142054011,FRVIA1b4c8df3140c49899a53d6c614ef431e
FRVIAE10001208392,FRVIA1b4c8df3140c49899a53d6c614ef431e
FRVIAE10001208391,FRVIA1b4c8df3140c49899a53d6c614ef431e
FRVIAE10001169843,FRVIA84ba7e49-a9d1-41d9-85f4-d72d875ec724
FRVIAE10001169842,FRVIA84ba7e49-a9d1-41d9-85f4-d72d875ec724
FRVIAE10001169841,FRVIA84ba7e49-a9d1-41d9-85f4-d72d875ec724
FRVIAE20142096013,FRVIA1b4c8df3140c49899a53d6c614ef431e
FRVIAE20142096012,FRVIA1b4c8df3140c49899a53d6c614ef431e
FRVIAE20142096011,FRVIA1b4c8df3140c49899a53d6c614ef431e
FRVIAE20122070072,FRVIA1b4c8df3140c49899a53d6c614ef431e
FRVIAE20122070071,FRVIA1b4c8df3140c49899a53d6c614ef431e
FRVIAE20152002022,FRVIA0b46268150cf4976ad848e9cfbe14c78
FRVIAE20152002021,FRVIA0b46268150cf4976ad848e9cfbe14c78
FRVIAE20122236029,FRVIA1b4c8df3140c49899a53d6c614ef431e
FRVIAE20122236028,FRVIA1b4c8df3140c49899a53d6c614ef431e
FRVIAE20122236027,FRVIA1b4c8df3140c49899a53d6c614ef431e
FRVIAE20122236026,FRVIA1b4c8df3140c49899a53d6c614ef431e
FRVIAE20122236025,FRVIA1b4c8df3140c49899a53d6c614ef431e
FRVIAE20122236024,FRVIA1b4c8df3140c49899a53d6c614ef431e
FRVIAE20122236023,FRVIA1b4c8df3140c49899a53d6c614ef431e
FRVIAE20122236022,FRVIA1b4c8df3140c49899a53d6c614ef431e
FRVIAE201222360210,FRVIA1b4c8df3140c49899a53d6c614ef431e
FRVIAE20122236021,FRVIA1b4c8df3140c49899a53d6c614ef431e
FRVIAE20122106029,FRVIA1b4c8df3140c49899a53d6c614ef431e
FRVIAE20122106028,FRVIA1b4c8df3140c49899a53d6c614ef431e
FRVIAE20122106027,FRVIA1b4c8df3140c49899a53d6c614ef431e
FRVIAE20122106026,FRVIA1b4c8df3140c49899a53d6c614ef431e
FRVIAE20122106025,FRVIA1b4c8df3140c49899a53d6c614ef431e
FRVIAE20122106024,FRVIA1b4c8df3140c49899a53d6c614ef431e
FRVIAE20122106023,FRVIA1b4c8df3140c49899a53d6c614ef431e
FRVIAE20122106022,FRVIA1b4c8df3140c49899a53d6c614ef431e
FRVIAE201221060210,FRVIA1b4c8df3140c49899a53d6c614ef431e
FRVIAE20122106021,FRVIA1b4c8df3140c49899a53d6c614ef431e
FRVIAE20131003062,FRVIA64cfd72818304ee28d3a875aef64d31b
FRVIAE20131003061,FRVIA64cfd72818304ee28d3a875aef64d31b
FRVIAE20131002022,FRVIA64cfd72818304ee28d3a875aef64d31b
FRVIAE20131002021,FRVIA64cfd72818304ee28d3a875aef64d31b
FRVIAE20164002042,FRVIAfa6213d8-d5b6-4194-9c4e-3d089601e0b6
FRVIAE20164002041,FRVIAfa6213d8-d5b6-4194-9c4e-3d089601e0b6
FRVIAE20142046012,FRVIA1b4c8df3140c49899a53d6c614ef431e
FRVIAE20142046011,FRVIA1b4c8df3140c49899a53d6c614ef431e
FRVIAE20142010013,FRVIA1b4c8df3140c49899a53d6c614ef431e
FRVIAE20142010012,FRVIA1b4c8df3140c49899a53d6c614ef431e
FRVIAE20142010011,FRVIA1b4c8df3140c49899a53d6c614ef431e
FRVIAE12346355142,FRVIA1b4c8df3140c49899a53d6c614ef431e
FRVIAE12346355141,FRVIA1b4c8df3140c49899a53d6c614ef431e
FRVIAE12345705622,FRVIA63b9a2fb-f35c-4dfb-bf27-4a42039521dd
FRVIAE12345705621,FRVIA63b9a2fb-f35c-4dfb-bf27-4a42039521dd
FRVIAE12345703753,FRVIA64cfd72818304ee28d3a875aef64d31b
FRVIAE12345703752,FRVIA64cfd72818304ee28d3a875aef64d31b
FRVIAE12345703751,FRVIA64cfd72818304ee28d3a875aef64d31b
FRVIAE20142042013,FRVIA1b4c8df3140c49899a53d6c614ef431e
FRVIAE20142042012,FRVIA64cfd72818304ee28d3a875aef64d31b
FRVIAE20142042011,FRVIA64cfd72818304ee28d3a875aef64d31b
FRVIAE10001249244,FRVIA9ce4a9d0-ef0d-4bd5-a61c-f36a35f666b6
FRVIAE10001249243,FRVIA9ce4a9d0-ef0d-4bd5-a61c-f36a35f666b6
FRVIAE10001249242,FRVIA9ce4a9d0-ef0d-4bd5-a61c-f36a35f666b6
FRVIAE10001249241,FRVIA9ce4a9d0-ef0d-4bd5-a61c-f36a35f666b6
FRVIAE12346155012,FRVIA63b9a2fb-f35c-4dfb-bf27-4a42039521dd
FRVIAE12346155011,FRVIA63b9a2fb-f35c-4dfb-bf27-4a42039521dd
FRVIAE20142079013,FRVIA1b4c8df3140c49899a53d6c614ef431e
FRVIAE20142079012,FRVIA1b4c8df3140c49899a53d6c614ef431e
FRVIAE20142079011,FRVIA1b4c8df3140c49899a53d6c614ef431e
FRVIAE10001240154,FRVIA9ce4a9d0-ef0d-4bd5-a61c-f36a35f666b6
FRVIAE10001240153,FRVIA9ce4a9d0-ef0d-4bd5-a61c-f36a35f666b6
FRVIAE10001240152,FRVIA9ce4a9d0-ef0d-4bd5-a61c-f36a35f666b6
FRVIAE10001240151,FRVIA9ce4a9d0-ef0d-4bd5-a61c-f36a35f666b6
FRVIAE12346329602,FRVIA1b4c8df3140c49899a53d6c614ef431e
FRVIAE12346329601,FRVIA1b4c8df3140c49899a53d6c614ef431e
FRVIAE20142005012,FRVIA1b4c8df3140c49899a53d6c614ef431e
FRVIAE20142005011,FRVIA1b4c8df3140c49899a53d6c614ef431e
FRVIAE20122064092,FRVIA1b4c8df3140c49899a53d6c614ef431e
FRVIAE20122064091,FRVIA1b4c8df3140c49899a53d6c614ef431e
FRVIAE20142058012,FRVIA1b4c8df3140c49899a53d6c614ef431e
FRVIAE20142058011,FRVIA1b4c8df3140c49899a53d6c614ef431e
FRVIAE20142101012,FRVIA1b4c8df3140c49899a53d6c614ef431e
FRVIAE20142101011,FRVIA1b4c8df3140c49899a53d6c614ef431e
FRVIAE12346298562,FRVIA1b4c8df3140c49899a53d6c614ef431e
FRVIAE12346298561,FRVIA1b4c8df3140c49899a53d6c614ef431e
FRVIAE20122076072,FRVIA1b4c8df3140c49899a53d6c614ef431e
FRVIAE20122076071,FRVIA1b4c8df3140c49899a53d6c614ef431e
FRVIAE20111104022,FRVIA64cfd72818304ee28d3a875aef64d31b
FRVIAE20111104021,FRVIA64cfd72818304ee28d3a875aef64d31b
FRVIAE12346219742,FRVIA63b9a2fb-f35c-4dfb-bf27-4a42039521dd
FRVIAE12346219741,FRVIA63b9a2fb-f35c-4dfb-bf27-4a42039521dd
FRVIAE12345955529,FRVIA1b4c8df3140c49899a53d6c614ef431e
FRVIAE12345955528,FRVIA1b4c8df3140c49899a53d6c614ef431e
FRVIAE12345955527,FRVIA1b4c8df3140c49899a53d6c614ef431e
FRVIAE12345955526,FRVIA1b4c8df3140c49899a53d6c614ef431e
FRVIAE12345955525,FRVIA1b4c8df3140c49899a53d6c614ef431e
FRVIAE12345955524,FRVIA1b4c8df3140c49899a53d6c614ef431e
FRVIAE12345955523,FRVIA1b4c8df3140c49899a53d6c614ef431e
FRVIAE12345955522,FRVIA1b4c8df3140c49899a53d6c614ef431e
FRVIAE123459555212,FRVIA1b4c8df3140c49899a53d6c614ef431e
FRVIAE123459555211,FRVIA1b4c8df3140c49899a53d6c614ef431e
FRVIAE123459555210,FRVIA1b4c8df3140c49899a53d6c614ef431e
FRVIAE12345955521,FRVIA1b4c8df3140c49899a53d6c614ef431e
FRVIAE10001458994,FRVIA9ce4a9d0-ef0d-4bd5-a61c-f36a35f666b6
FRVIAE10001458993,FRVIA9ce4a9d0-ef0d-4bd5-a61c-f36a35f666b6
FRVIAE10001458992,FRVIA9ce4a9d0-ef0d-4bd5-a61c-f36a35f666b6
FRVIAE10001458991,FRVIA9ce4a9d0-ef0d-4bd5-a61c-f36a35f666b6
FRVIAE10001205722,FRVIA1b4c8df3140c49899a53d6c614ef431e
FRVIAE10001205721,FRVIA1b4c8df3140c49899a53d6c614ef431e
FRVIAE20103002032,FRVIA84ba7e49-a9d1-41d9-85f4-d72d875ec724
FRVIAE20103002031,FRVIA84ba7e49-a9d1-41d9-85f4-d72d875ec724
FRVIAE10001231252,FRVIA663d278c-7663-41ea-86aa-015b9a5dd8e4
FRVIAE20122067014,FRVIA1b4c8df3140c49899a53d6c614ef431e
FRVIAE20122067013,FRVIA1b4c8df3140c49899a53d6c614ef431e
FRVIAE20122067012,FRVIA1b4c8df3140c49899a53d6c614ef431e
FRVIAE20122067011,FRVIA1b4c8df3140c49899a53d6c614ef431e
FRVIAE12346141592,FRVIA1b4c8df3140c49899a53d6c614ef431e
FRVIAE12346141591,FRVIA1b4c8df3140c49899a53d6c614ef431e
FRVIAE10001238644,FRVIA9ce4a9d0-ef0d-4bd5-a61c-f36a35f666b6
FRVIAE10001238643,FRVIA9ce4a9d0-ef0d-4bd5-a61c-f36a35f666b6
FRVIAE10001238642,FRVIA9ce4a9d0-ef0d-4bd5-a61c-f36a35f666b6
FRVIAE10001238641,FRVIA9ce4a9d0-ef0d-4bd5-a61c-f36a35f666b6
FRVIAE20142051012,FRVIA1b4c8df3140c49899a53d6c614ef431e
FRVIAE20142051011,FRVIA1b4c8df3140c49899a53d6c614ef431e
FRVIAE10001238654,FRVIA9ce4a9d0-ef0d-4bd5-a61c-f36a35f666b6
FRVIAE10001238653,FRVIA9ce4a9d0-ef0d-4bd5-a61c-f36a35f666b6
FRVIAE10001238652,FRVIA9ce4a9d0-ef0d-4bd5-a61c-f36a35f666b6
FRVIAE10001238651,FRVIA9ce4a9d0-ef0d-4bd5-a61c-f36a35f666b6
FRVIAE20152001012,FRVIA64cfd72818304ee28d3a875aef64d31b
FRVIAE20152001011,FRVIA64cfd72818304ee28d3a875aef64d31b
FRVIAE20142029013,FRVIA1b4c8df3140c49899a53d6c614ef431e
FRVIAE20142029012,FRVIA1b4c8df3140c49899a53d6c614ef431e
FRVIAE20142029011,FRVIA1b4c8df3140c49899a53d6c614ef431e
FRVIAE20142003013,FRVIA1b4c8df3140c49899a53d6c614ef431e
FRVIAE20142003012,FRVIA64cfd72818304ee28d3a875aef64d31b
FRVIAE20142003011,FRVIA64cfd72818304ee28d3a875aef64d31b
FRVIAE10001092962,FRVIA1b4c8df3140c49899a53d6c614ef431e
FRVIAE10001092961,FRVIA1b4c8df3140c49899a53d6c614ef431e
FRVIAE20111105022,FRVIA64cfd72818304ee28d3a875aef64d31b
FRVIAE20111105021,FRVIA64cfd72818304ee28d3a875aef64d31b
FRVIAE10001231251,FRVIA663d278c-7663-41ea-86aa-015b9a5dd8e4
FRVIAE10001276002,FRVIA663d278c-7663-41ea-86aa-015b9a5dd8e4
FRVIAE10001158002,FRVIA1b4c8df3140c49899a53d6c614ef431e
FRVIAE10001158001,FRVIA1b4c8df3140c49899a53d6c614ef431e
FRVIAE20101001012,FRVIA87b962cf-5c99-4812-8f03-16f2047aba80
FRVIAE20101001011,FRVIA87b962cf-5c99-4812-8f03-16f2047aba80
FRVIAE12346378922,FRVIA1b4c8df3140c49899a53d6c614ef431e
FRVIAE12346378921,FRVIA1b4c8df3140c49899a53d6c614ef431e
FRVIAE20142024013,FRVIA1b4c8df3140c49899a53d6c614ef431e
FRVIAE20142024012,FRVIA1b4c8df3140c49899a53d6c614ef431e
FRVIAE20142024011,FRVIA1b4c8df3140c49899a53d6c614ef431e
FRVIAE20142061012,FRVIA1b4c8df3140c49899a53d6c614ef431e
FRVIAE20142061011,FRVIA1b4c8df3140c49899a53d6c614ef431e
FRVIAE20122168062,FRVIA1b4c8df3140c49899a53d6c614ef431e
FRVIAE20122168061,FRVIA1b4c8df3140c49899a53d6c614ef431e
FRVIAE20125001032,FRVIA64cfd72818304ee28d3a875aef64d31b
FRVIAE20125001031,FRVIA64cfd72818304ee28d3a875aef64d31b
FRVIAE20161003052,FRVIA5ac8fc13-69bd-4238-91fc-00d74021df49
FRVIAE20161003051,FRVIA5ac8fc13-69bd-4238-91fc-00d74021df49
FRVIAE20143032012,FRVIA64cfd72818304ee28d3a875aef64d31b
FRVIAE20143032011,FRVIA64cfd72818304ee28d3a875aef64d31b
FRVIAE12346155302,FRVIA1b4c8df3140c49899a53d6c614ef431e
FRVIAE12346155301,FRVIA1b4c8df3140c49899a53d6c614ef431e
FRVIAE12346219732,FRVIA63b9a2fb-f35c-4dfb-bf27-4a42039521dd
FRVIAE12346219731,FRVIA63b9a2fb-f35c-4dfb-bf27-4a42039521dd
FRVIAE12345955282,FRVIA1b4c8df3140c49899a53d6c614ef431e
FRVIAE12345955281,FRVIA1b4c8df3140c49899a53d6c614ef431e
FRVIAE10001444692,FRVIA1b4c8df3140c49899a53d6c614ef431e
FRVIAE10001444691,FRVIA1b4c8df3140c49899a53d6c614ef431e
FRVIAE10000988242,FRVIA0b46268150cf4976ad848e9cfbe14c78
FRVIAE10000988241,FRVIA0b46268150cf4976ad848e9cfbe14c78
FRVIAE10001205712,FRVIA1b4c8df3140c49899a53d6c614ef431e
FRVIAE10001205711,FRVIA1b4c8df3140c49899a53d6c614ef431e
FRVIAE10001251224,FRVIA9ce4a9d0-ef0d-4bd5-a61c-f36a35f666b6
FRVIAE10001251223,FRVIA9ce4a9d0-ef0d-4bd5-a61c-f36a35f666b6
FRVIAE10001251222,FRVIA9ce4a9d0-ef0d-4bd5-a61c-f36a35f666b6
FRVIAE10001251221,FRVIA9ce4a9d0-ef0d-4bd5-a61c-f36a35f666b6
FRVIAE10001205422,FRVIA65df1f1d-34c8-4886-a465-c0943f5e9ba2
FRVIAE10001205421,FRVIA65df1f1d-34c8-4886-a465-c0943f5e9ba2
FRVIAE20142011012,FRVIA1b4c8df3140c49899a53d6c614ef431e
FRVIAE20142011011,FRVIA1b4c8df3140c49899a53d6c614ef431e
FRVIAE12346286828,FRVIA1b4c8df3140c49899a53d6c614ef431e
FRVIAE12346286827,FRVIA1b4c8df3140c49899a53d6c614ef431e
FRVIAE12346286826,FRVIA1b4c8df3140c49899a53d6c614ef431e
FRVIAE12346286825,FRVIA1b4c8df3140c49899a53d6c614ef431e
FRVIAE12346286824,FRVIA1b4c8df3140c49899a53d6c614ef431e
FRVIAE12346286823,FRVIA1b4c8df3140c49899a53d6c614ef431e
FRVIAE12346286822,FRVIA1b4c8df3140c49899a53d6c614ef431e
FRVIAE12346286821,FRVIA1b4c8df3140c49899a53d6c614ef431e
FRVIAE10001480132,FRVIA0f286212-cb69-4cd7-abda-c0368a02ccbf
FRVIAE10001480131,FRVIA0f286212-cb69-4cd7-abda-c0368a02ccbf
FRVIAE12346216522,FRVIA1b4c8df3140c49899a53d6c614ef431e
FRVIAE12346216521,FRVIA1b4c8df3140c49899a53d6c614ef431e
FRVIAE12346402412,FRVIA1b4c8df3140c49899a53d6c614ef431e
FRVIAE12346402411,FRVIA1b4c8df3140c49899a53d6c614ef431e
FRVIAE12345723514,FRVIA9ce4a9d0-ef0d-4bd5-a61c-f36a35f666b6
FRVIAE12345723513,FRVIA9ce4a9d0-ef0d-4bd5-a61c-f36a35f666b6
FRVIAE12345723512,FRVIA9ce4a9d0-ef0d-4bd5-a61c-f36a35f666b6
FRVIAE12345723511,FRVIA9ce4a9d0-ef0d-4bd5-a61c-f36a35f666b6
FRVIAE20101104112,FRVIA87b962cf-5c99-4812-8f03-16f2047aba80
FRVIAE20101104111,FRVIA87b962cf-5c99-4812-8f03-16f2047aba80
FRVIAE10001169883,FRVIA64cfd72818304ee28d3a875aef64d31b
FRVIAE10001169882,FRVIA64cfd72818304ee28d3a875aef64d31b
FRVIAE10001169881,FRVIA64cfd72818304ee28d3a875aef64d31b
FRVIAE12346431482,FRVIA1b4c8df3140c49899a53d6c614ef431e
FRVIAE12346431481,FRVIA1b4c8df3140c49899a53d6c614ef431e
FRVIAE12346374132,FRVIA1b4c8df3140c49899a53d6c614ef431e
FRVIAE12346374131,FRVIA1b4c8df3140c49899a53d6c614ef431e
FRVIAE20142100012,FRVIA1b4c8df3140c49899a53d6c614ef431e
FRVIAE20142100011,FRVIA1b4c8df3140c49899a53d6c614ef431e
FRVIAE10001092992,FRVIA1b4c8df3140c49899a53d6c614ef431e
FRVIAE10001092991,FRVIA1b4c8df3140c49899a53d6c614ef431e
FRVIAE12345954862,FRVIA1b4c8df3140c49899a53d6c614ef431e
FRVIAE12345954861,FRVIA1b4c8df3140c49899a53d6c614ef431e
FRVIAE20142001012,FRVIA1b4c8df3140c49899a53d6c614ef431e
FRVIAE20142001011,FRVIA1b4c8df3140c49899a53d6c614ef431e
FRVIAE10001208412,FRVIA1b4c8df3140c49899a53d6c614ef431e
FRVIAE10001208411,FRVIA1b4c8df3140c49899a53d6c614ef431e
FRVIAE12346382744,FRVIA1b4c8df3140c49899a53d6c614ef431e
FRVIAE12346382743,FRVIA1b4c8df3140c49899a53d6c614ef431e
FRVIAE12346382742,FRVIA1b4c8df3140c49899a53d6c614ef431e
FRVIAE12346382741,FRVIA1b4c8df3140c49899a53d6c614ef431e
FRVIAE10001318434,FRVIA9ce4a9d0-ef0d-4bd5-a61c-f36a35f666b6
FRVIAE10001318433,FRVIA9ce4a9d0-ef0d-4bd5-a61c-f36a35f666b6
FRVIAE10001318432,FRVIA9ce4a9d0-ef0d-4bd5-a61c-f36a35f666b6
FRVIAE10001318431,FRVIA9ce4a9d0-ef0d-4bd5-a61c-f36a35f666b6
FRVIAE20142014012,FRVIA1b4c8df3140c49899a53d6c614ef431e
FRVIAE20142014011,FRVIA1b4c8df3140c49899a53d6c614ef431e
FRVIAE10001249254,FRVIA9ce4a9d0-ef0d-4bd5-a61c-f36a35f666b6
FRVIAE10001249253,FRVIA9ce4a9d0-ef0d-4bd5-a61c-f36a35f666b6
FRVIAE10001249252,FRVIA9ce4a9d0-ef0d-4bd5-a61c-f36a35f666b6
FRVIAE10001249251,FRVIA9ce4a9d0-ef0d-4bd5-a61c-f36a35f666b6
FRVIAE12346225522,FRVIA1b4c8df3140c49899a53d6c614ef431e
FRVIAE12346225521,FRVIA1b4c8df3140c49899a53d6c614ef431e
FRVIAE20122084054,FRVIA1b4c8df3140c49899a53d6c614ef431e
FRVIAE20122084053,FRVIA1b4c8df3140c49899a53d6c614ef431e
FRVIAE20122084052,FRVIA1b4c8df3140c49899a53d6c614ef431e
FRVIAE20122084051,FRVIA1b4c8df3140c49899a53d6c614ef431e
FRVIAE12346431062,FRVIA1b4c8df3140c49899a53d6c614ef431e
FRVIAE12346431061,FRVIA1b4c8df3140c49899a53d6c614ef431e
FRVIAE20121001014,FRVIA9ce4a9d0-ef0d-4bd5-a61c-f36a35f666b6
FRVIAE20121001013,FRVIA9ce4a9d0-ef0d-4bd5-a61c-f36a35f666b6
FRVIAE20121001012,FRVIA9ce4a9d0-ef0d-4bd5-a61c-f36a35f666b6
FRVIAE20121001011,FRVIA9ce4a9d0-ef0d-4bd5-a61c-f36a35f666b6
FRVIAE10001205702,FRVIA1b4c8df3140c49899a53d6c614ef431e
FRVIAE10001205701,FRVIA1b4c8df3140c49899a53d6c614ef431e
FRVIAE10001486074,FRVIA9ce4a9d0-ef0d-4bd5-a61c-f36a35f666b6
FRVIAE10001486073,FRVIA9ce4a9d0-ef0d-4bd5-a61c-f36a35f666b6
FRVIAE10001486072,FRVIA9ce4a9d0-ef0d-4bd5-a61c-f36a35f666b6
FRVIAE10001486071,FRVIA9ce4a9d0-ef0d-4bd5-a61c-f36a35f666b6
FRVIAE20122071072,FRVIA1b4c8df3140c49899a53d6c614ef431e
FRVIAE20122071071,FRVIA1b4c8df3140c49899a53d6c614ef431e
FRVIAE12346354589,FRVIA1b4c8df3140c49899a53d6c614ef431e
FRVIAE12346354588,FRVIA1b4c8df3140c49899a53d6c614ef431e
FRVIAE12346354587,FRVIA1b4c8df3140c49899a53d6c614ef431e
FRVIAE12346354586,FRVIA1b4c8df3140c49899a53d6c614ef431e
FRVIAE12346354585,FRVIA1b4c8df3140c49899a53d6c614ef431e
FRVIAE12346354584,FRVIA1b4c8df3140c49899a53d6c614ef431e
FRVIAE12346354583,FRVIA1b4c8df3140c49899a53d6c614ef431e
FRVIAE12346354582,FRVIA1b4c8df3140c49899a53d6c614ef431e
FRVIAE123463545812,FRVIA1b4c8df3140c49899a53d6c614ef431e
FRVIAE123463545811,FRVIA1b4c8df3140c49899a53d6c614ef431e
FRVIAE123463545810,FRVIA1b4c8df3140c49899a53d6c614ef431e
FRVIAE12346354581,FRVIA1b4c8df3140c49899a53d6c614ef431e
FRVIAE20122097072,FRVIA1b4c8df3140c49899a53d6c614ef431e
FRVIAE20122097071,FRVIA1b4c8df3140c49899a53d6c614ef431e
FRVIAE20122109016,FRVIA1b4c8df3140c49899a53d6c614ef431e
FRVIAE20122109015,FRVIA1b4c8df3140c49899a53d6c614ef431e
FRVIAE20122109014,FRVIA1b4c8df3140c49899a53d6c614ef431e
FRVIAE20122109013,FRVIA1b4c8df3140c49899a53d6c614ef431e
FRVIAE20122109012,FRVIA1b4c8df3140c49899a53d6c614ef431e
FRVIAE20122109011,FRVIA1b4c8df3140c49899a53d6c614ef431e
FRVIAE12346397226,FRVIA1b4c8df3140c49899a53d6c614ef431e
FRVIAE12346397225,FRVIA1b4c8df3140c49899a53d6c614ef431e
FRVIAE12346397224,FRVIA1b4c8df3140c49899a53d6c614ef431e
FRVIAE12346397223,FRVIA1b4c8df3140c49899a53d6c614ef431e
FRVIAE12346397222,FRVIA1b4c8df3140c49899a53d6c614ef431e
FRVIAE12346397221,FRVIA1b4c8df3140c49899a53d6c614ef431e
FRVIAE20122209016,FRVIA1b4c8df3140c49899a53d6c614ef431e
FRVIAE20122209015,FRVIA1b4c8df3140c49899a53d6c614ef431e
FRVIAE20122209014,FRVIA1b4c8df3140c49899a53d6c614ef431e
FRVIAE20122209013,FRVIA1b4c8df3140c49899a53d6c614ef431e
FRVIAE20122209012,FRVIA1b4c8df3140c49899a53d6c614ef431e
FRVIAE20122209011,FRVIA1b4c8df3140c49899a53d6c614ef431e
FRVIAE10001276001,FRVIA663d278c-7663-41ea-86aa-015b9a5dd8e4
FRVIAE10001181283,FRVIA663d278c-7663-41ea-86aa-015b9a5dd8e4
FRVIAE10001181282,FRVIA663d278c-7663-41ea-86aa-015b9a5dd8e4
FRVIAE10001181281,FRVIA663d278c-7663-41ea-86aa-015b9a5dd8e4
FRVIAE10001249224,FRVIA9ce4a9d0-ef0d-4bd5-a61c-f36a35f666b6
FRVIAE10001249223,FRVIA9ce4a9d0-ef0d-4bd5-a61c-f36a35f666b6
FRVIAE10001249222,FRVIA9ce4a9d0-ef0d-4bd5-a61c-f36a35f666b6
FRVIAE10001249221,FRVIA9ce4a9d0-ef0d-4bd5-a61c-f36a35f666b6
FRVIAE20142048012,FRVIA1b4c8df3140c49899a53d6c614ef431e
FRVIAE20142048011,FRVIA1b4c8df3140c49899a53d6c614ef431e
FRVIAE12346402322,FRVIA1b4c8df3140c49899a53d6c614ef431e
FRVIAE12346402321,FRVIA1b4c8df3140c49899a53d6c614ef431e
FRVIAE12346372322,FRVIA1b4c8df3140c49899a53d6c614ef431e
FRVIAE12346372321,FRVIA1b4c8df3140c49899a53d6c614ef431e
FRVIAE20122058062,FRVIA1b4c8df3140c49899a53d6c614ef431e
FRVIAE20122058061,FRVIA1b4c8df3140c49899a53d6c614ef431e
FRVIAE20142034013,FRVIA1b4c8df3140c49899a53d6c614ef431e
FRVIAE20142034012,FRVIA1b4c8df3140c49899a53d6c614ef431e
FRVIAE20142034011,FRVIA1b4c8df3140c49899a53d6c614ef431e
FRVIAE10001092982,FRVIA1b4c8df3140c49899a53d6c614ef431e
FRVIAE10001092981,FRVIA1b4c8df3140c49899a53d6c614ef431e
FRVIAE20142015012,FRVIA1b4c8df3140c49899a53d6c614ef431e
FRVIAE20142015011,FRVIA1b4c8df3140c49899a53d6c614ef431e
FRVIAE20121002014,FRVIA9ce4a9d0-ef0d-4bd5-a61c-f36a35f666b6
FRVIAE20121002013,FRVIA9ce4a9d0-ef0d-4bd5-a61c-f36a35f666b6
FRVIAE20121002012,FRVIA9ce4a9d0-ef0d-4bd5-a61c-f36a35f666b6
FRVIAE20121002011,FRVIA9ce4a9d0-ef0d-4bd5-a61c-f36a35f666b6
FRVIAE20142089022,FRVIA64cfd72818304ee28d3a875aef64d31b
FRVIAE20142089021,FRVIA64cfd72818304ee28d3a875aef64d31b
FRVIAE10001205402,FRVIA65df1f1d-34c8-4886-a465-c0943f5e9ba2
FRVIAE10001205401,FRVIA65df1f1d-34c8-4886-a465-c0943f5e9ba2
FRVIAE20142017012,FRVIA1b4c8df3140c49899a53d6c614ef431e
FRVIAE20142017011,FRVIA1b4c8df3140c49899a53d6c614ef431e
FRVIAE10001251204,FRVIA9ce4a9d0-ef0d-4bd5-a61c-f36a35f666b6
FRVIAE10001251203,FRVIA9ce4a9d0-ef0d-4bd5-a61c-f36a35f666b6
FRVIAE10001251202,FRVIA9ce4a9d0-ef0d-4bd5-a61c-f36a35f666b6
FRVIAE10001251201,FRVIA9ce4a9d0-ef0d-4bd5-a61c-f36a35f666b6
FRVIAE20142028013,FRVIA64cfd72818304ee28d3a875aef64d31b
FRVIAE20142028012,FRVIA64cfd72818304ee28d3a875aef64d31b
FRVIAE20142028011,FRVIA64cfd72818304ee28d3a875aef64d31b
FRVIAE10001208362,FRVIA1b4c8df3140c49899a53d6c614ef431e
FRVIAE10001208361,FRVIA1b4c8df3140c49899a53d6c614ef431e
FRVIAE10001208372,FRVIA1b4c8df3140c49899a53d6c614ef431e
FRVIAE10001208371,FRVIA1b4c8df3140c49899a53d6c614ef431e
FRVIAE12345724862,FRVIA1b4c8df3140c49899a53d6c614ef431e
FRVIAE12345724861,FRVIA1b4c8df3140c49899a53d6c614ef431e
FRVIAE12346281522,FRVIA1b4c8df3140c49899a53d6c614ef431e
FRVIAE12346281521,FRVIA1b4c8df3140c49899a53d6c614ef431e
FRVIAE20122092062,FRVIA1b4c8df3140c49899a53d6c614ef431e
FRVIAE20122092061,FRVIA1b4c8df3140c49899a53d6c614ef431e
FRVIAE20142041013,FRVIA1b4c8df3140c49899a53d6c614ef431e
FRVIAE20142041012,FRVIA1b4c8df3140c49899a53d6c614ef431e
FRVIAE20142041011,FRVIA1b4c8df3140c49899a53d6c614ef431e
FRVIAE10001444622,FRVIA1b4c8df3140c49899a53d6c614ef431e
FRVIAE10001444621,FRVIA1b4c8df3140c49899a53d6c614ef431e
FRVIAE12346329092,FRVIA1b4c8df3140c49899a53d6c614ef431e
FRVIAE12346329091,FRVIA1b4c8df3140c49899a53d6c614ef431e
FRVIAE20142052013,FRVIA1b4c8df3140c49899a53d6c614ef431e
FRVIAE20142052012,FRVIA1b4c8df3140c49899a53d6c614ef431e
FRVIAE20142052011,FRVIA1b4c8df3140c49899a53d6c614ef431e
FRVIAE10001169673,FRVIA84ba7e49-a9d1-41d9-85f4-d72d875ec724
FRVIAE10001169672,FRVIA84ba7e49-a9d1-41d9-85f4-d72d875ec724
FRVIAE10001169671,FRVIA84ba7e49-a9d1-41d9-85f4-d72d875ec724
FRVIAE10001231792,FRVIA663d278c-7663-41ea-86aa-015b9a5dd8e4
FRVIAE10001231791,FRVIA663d278c-7663-41ea-86aa-015b9a5dd8e4
FRVIAE20142108013,FRVIA1b4c8df3140c49899a53d6c614ef431e
FRVIAE20142108012,FRVIA64cfd72818304ee28d3a875aef64d31b
FRVIAE20142108011,FRVIA64cfd72818304ee28d3a875aef64d31b
FRVIAE20164006042,FRVIA5ac8fc13-69bd-4238-91fc-00d74021df49
FRVIAE20164006041,FRVIA5ac8fc13-69bd-4238-91fc-00d74021df49
FRVIAE20143039012,FRVIA64cfd72818304ee28d3a875aef64d31b
FRVIAE20143039011,FRVIA64cfd72818304ee28d3a875aef64d31b
FRVIAE20142002013,FRVIA1b4c8df3140c49899a53d6c614ef431e
FRVIAE20142002012,FRVIA1b4c8df3140c49899a53d6c614ef431e
FRVIAE20142002011,FRVIA1b4c8df3140c49899a53d6c614ef431e
FRVIAE20122093026,FRVIA1b4c8df3140c49899a53d6c614ef431e
FRVIAE20122093025,FRVIA1b4c8df3140c49899a53d6c614ef431e
FRVIAE20122093024,FRVIA1b4c8df3140c49899a53d6c614ef431e
FRVIAE20122093023,FRVIA1b4c8df3140c49899a53d6c614ef431e
FRVIAE20122093022,FRVIA1b4c8df3140c49899a53d6c614ef431e
FRVIAE20122093021,FRVIA1b4c8df3140c49899a53d6c614ef431e
FRVIAE20142019013,FRVIA1b4c8df3140c49899a53d6c614ef431e
FRVIAE20142019012,FRVIA1b4c8df3140c49899a53d6c614ef431e
FRVIAE20142019011,FRVIA1b4c8df3140c49899a53d6c614ef431e
FRVIAE12346100422,FRVIA1b4c8df3140c49899a53d6c614ef431e
FRVIAE12346100421,FRVIA1b4c8df3140c49899a53d6c614ef431e
FRVIAE10001208382,FRVIA1b4c8df3140c49899a53d6c614ef431e
FRVIAE10001208381,FRVIA1b4c8df3140c49899a53d6c614ef431e
FRVIAE10001301103,FRVIA84ba7e49-a9d1-41d9-85f4-d72d875ec724
FRVIAE10001301102,FRVIA84ba7e49-a9d1-41d9-85f4-d72d875ec724
FRVIAE10001301101,FRVIA84ba7e49-a9d1-41d9-85f4-d72d875ec724
FRVIAE20142045012,FRVIA1b4c8df3140c49899a53d6c614ef431e
FRVIAE20142045011,FRVIA1b4c8df3140c49899a53d6c614ef431e
FRVIAE20142004012,FRVIA1b4c8df3140c49899a53d6c614ef431e
FRVIAE20142004011,FRVIA1b4c8df3140c49899a53d6c614ef431e
FRVIAE12345955439,FRVIA1b4c8df3140c49899a53d6c614ef431e
FRVIAE12345955438,FRVIA1b4c8df3140c49899a53d6c614ef431e
FRVIAE12345955437,FRVIA1b4c8df3140c49899a53d6c614ef431e
FRVIAE12345955436,FRVIA1b4c8df3140c49899a53d6c614ef431e
FRVIAE12345955435,FRVIA1b4c8df3140c49899a53d6c614ef431e
FRVIAE12345955434,FRVIA1b4c8df3140c49899a53d6c614ef431e
FRVIAE12345955433,FRVIA1b4c8df3140c49899a53d6c614ef431e
FRVIAE12345955432,FRVIA1b4c8df3140c49899a53d6c614ef431e
FRVIAE123459554312,FRVIA1b4c8df3140c49899a53d6c614ef431e
FRVIAE123459554311,FRVIA1b4c8df3140c49899a53d6c614ef431e
FRVIAE123459554310,FRVIA1b4c8df3140c49899a53d6c614ef431e
FRVIAE12345955431,FRVIA1b4c8df3140c49899a53d6c614ef431e
FRVIAE20142093022,FRVIA64cfd72818304ee28d3a875aef64d31b
FRVIAE20142093021,FRVIA64cfd72818304ee28d3a875aef64d31b
FRVIAE12346274794,FRVIA9ce4a9d0-ef0d-4bd5-a61c-f36a35f666b6
FRVIAE12346274793,FRVIA9ce4a9d0-ef0d-4bd5-a61c-f36a35f666b6
FRVIAE12346274792,FRVIA9ce4a9d0-ef0d-4bd5-a61c-f36a35f666b6
FRVIAE12346274791,FRVIA9ce4a9d0-ef0d-4bd5-a61c-f36a35f666b6
FRVIAE20122069072,FRVIA1b4c8df3140c49899a53d6c614ef431e
FRVIAE20122069071,FRVIA1b4c8df3140c49899a53d6c614ef431e
FRVIAE20121004014,FRVIA9ce4a9d0-ef0d-4bd5-a61c-f36a35f666b6
FRVIAE20121004013,FRVIA9ce4a9d0-ef0d-4bd5-a61c-f36a35f666b6
FRVIAE20121004012,FRVIA9ce4a9d0-ef0d-4bd5-a61c-f36a35f666b6
FRVIAE20121004011,FRVIA9ce4a9d0-ef0d-4bd5-a61c-f36a35f666b6
FRVIAE10001208422,FRVIA1b4c8df3140c49899a53d6c614ef431e
FRVIAE10001208421,FRVIA1b4c8df3140c49899a53d6c614ef431e
FRVIAE10001241032,FRVIA87b962cf-5c99-4812-8f03-16f2047aba80
FRVIAE10001241031,FRVIA87b962cf-5c99-4812-8f03-16f2047aba80
FRVIAE10001475753,FRVIA0f286212-cb69-4cd7-abda-c0368a02ccbf
FRVIAE10001475752,FRVIA0f286212-cb69-4cd7-abda-c0368a02ccbf
FRVIAE10001475751,FRVIA0f286212-cb69-4cd7-abda-c0368a02ccbf
FRVIAE20123018019,FRVIAe9a95d1a-7f0c-49b8-a860-4f450bce162c
FRVIAE20123018018,FRVIAe9a95d1a-7f0c-49b8-a860-4f450bce162c
FRVIAE20123018017,FRVIAe9a95d1a-7f0c-49b8-a860-4f450bce162c
FRVIAE20123018016,FRVIAe9a95d1a-7f0c-49b8-a860-4f450bce162c
FRVIAE20123018015,FRVIAe9a95d1a-7f0c-49b8-a860-4f450bce162c
FRVIAE20123018014,FRVIAe9a95d1a-7f0c-49b8-a860-4f450bce162c
FRVIAE20123018013,FRVIAe9a95d1a-7f0c-49b8-a860-4f450bce162c
FRVIAE20123018012,FRVIAe9a95d1a-7f0c-49b8-a860-4f450bce162c
FRVIAE201230180112,FRVIAe9a95d1a-7f0c-49b8-a860-4f450bce162c
FRVIAE201230180111,FRVIAe9a95d1a-7f0c-49b8-a860-4f450bce162c
FRVIAE201230180110,FRVIAe9a95d1a-7f0c-49b8-a860-4f450bce162c
FRVIAE20123018011,FRVIAe9a95d1a-7f0c-49b8-a860-4f450bce162c
FRVIAE20142082012,FRVIA1b4c8df3140c49899a53d6c614ef431e
FRVIAE20142082011,FRVIA1b4c8df3140c49899a53d6c614ef431e
FRVIAE12346399269,FRVIA1b4c8df3140c49899a53d6c614ef431e
FRVIAE12346399268,FRVIA1b4c8df3140c49899a53d6c614ef431e
FRVIAE12346399267,FRVIA1b4c8df3140c49899a53d6c614ef431e
FRVIAE12346399266,FRVIA1b4c8df3140c49899a53d6c614ef431e
FRVIAE12346399265,FRVIA1b4c8df3140c49899a53d6c614ef431e
FRVIAE12346399264,FRVIA1b4c8df3140c49899a53d6c614ef431e
FRVIAE12346399263,FRVIA1b4c8df3140c49899a53d6c614ef431e
FRVIAE12346399262,FRVIA1b4c8df3140c49899a53d6c614ef431e
FRVIAE123463992610,FRVIA1b4c8df3140c49899a53d6c614ef431e
FRVIAE12346399261,FRVIA1b4c8df3140c49899a53d6c614ef431e
FRVIAE20125004032,FRVIA64cfd72818304ee28d3a875aef64d31b
FRVIAE20125004031,FRVIA64cfd72818304ee28d3a875aef64d31b
FRVIAE20122177062,FRVIA1b4c8df3140c49899a53d6c614ef431e
FRVIAE20122177061,FRVIA1b4c8df3140c49899a53d6c614ef431e
FRVIAE20164001062,FRVIA5ac8fc13-69bd-4238-91fc-00d74021df49
FRVIAE20164001061,FRVIA5ac8fc13-69bd-4238-91fc-00d74021df49
FRVIAE10001225542,FRVIA663d278c-7663-41ea-86aa-015b9a5dd8e4
FRVIAE10001225541,FRVIA663d278c-7663-41ea-86aa-015b9a5dd8e4
FRVIAE10001231872,FRVIA663d278c-7663-41ea-86aa-015b9a5dd8e4
FRVIAE10001231871,FRVIA663d278c-7663-41ea-86aa-015b9a5dd8e4
FRVIAE10001181483,FRVIA663d278c-7663-41ea-86aa-015b9a5dd8e4
FRVIAE10001181482,FRVIA663d278c-7663-41ea-86aa-015b9a5dd8e4
FRVIAE20161010142,FRVIA5ac8fc13-69bd-4238-91fc-00d74021df49
FRVIAE20161010141,FRVIA5ac8fc13-69bd-4238-91fc-00d74021df49
FRVIAE12345955336,FRVIA1b4c8df3140c49899a53d6c614ef431e
FRVIAE12345955335,FRVIA1b4c8df3140c49899a53d6c614ef431e
FRVIAE12345955334,FRVIA1b4c8df3140c49899a53d6c614ef431e
FRVIAE12345955333,FRVIA1b4c8df3140c49899a53d6c614ef431e
FRVIAE12345955332,FRVIA1b4c8df3140c49899a53d6c614ef431e
FRVIAE12345955331,FRVIA1b4c8df3140c49899a53d6c614ef431e
FRVIAE12346112024,FRVIA9ce4a9d0-ef0d-4bd5-a61c-f36a35f666b6
FRVIAE12346112023,FRVIA9ce4a9d0-ef0d-4bd5-a61c-f36a35f666b6
FRVIAE12346112022,FRVIA9ce4a9d0-ef0d-4bd5-a61c-f36a35f666b6
FRVIAE12346112021,FRVIA9ce4a9d0-ef0d-4bd5-a61c-f36a35f666b6
FRVIAE12345715414,FRVIA9ce4a9d0-ef0d-4bd5-a61c-f36a35f666b6
FRVIAE12345715413,FRVIA9ce4a9d0-ef0d-4bd5-a61c-f36a35f666b6
FRVIAE12345715412,FRVIA9ce4a9d0-ef0d-4bd5-a61c-f36a35f666b6
FRVIAE12345715411,FRVIA9ce4a9d0-ef0d-4bd5-a61c-f36a35f666b6
FRVIAE10001158052,FRVIA1b4c8df3140c49899a53d6c614ef431e
FRVIAE10001158051,FRVIA1b4c8df3140c49899a53d6c614ef431e
FRVIAE20142069013,FRVIA1b4c8df3140c49899a53d6c614ef431e
FRVIAE20142069012,FRVIA64cfd72818304ee28d3a875aef64d31b
FRVIAE20142069011,FRVIA64cfd72818304ee28d3a875aef64d31b
FRVIAE20122080062,FRVIA1b4c8df3140c49899a53d6c614ef431e
FRVIAE20122080061,FRVIA1b4c8df3140c49899a53d6c614ef431e
FRVIAE12345955419,FRVIA1b4c8df3140c49899a53d6c614ef431e
FRVIAE12345955418,FRVIA1b4c8df3140c49899a53d6c614ef431e
FRVIAE12345955417,FRVIA1b4c8df3140c49899a53d6c614ef431e
FRVIAE12345955416,FRVIA1b4c8df3140c49899a53d6c614ef431e
FRVIAE12345955415,FRVIA1b4c8df3140c49899a53d6c614ef431e
FRVIAE12345955414,FRVIA1b4c8df3140c49899a53d6c614ef431e
FRVIAE12345955413,FRVIA1b4c8df3140c49899a53d6c614ef431e
FRVIAE12345955412,FRVIA1b4c8df3140c49899a53d6c614ef431e
FRVIAE123459554112,FRVIA1b4c8df3140c49899a53d6c614ef431e
FRVIAE123459554111,FRVIA1b4c8df3140c49899a53d6c614ef431e
FRVIAE123459554110,FRVIA1b4c8df3140c49899a53d6c614ef431e
FRVIAE12345955411,FRVIA1b4c8df3140c49899a53d6c614ef431e
FRVIAE10001444812,FRVIA1b4c8df3140c49899a53d6c614ef431e
FRVIAE10001444811,FRVIA1b4c8df3140c49899a53d6c614ef431e
FRVIAE20142071013,FRVIA1b4c8df3140c49899a53d6c614ef431e
FRVIAE20142071012,FRVIA1b4c8df3140c49899a53d6c614ef431e
FRVIAE20142071011,FRVIA1b4c8df3140c49899a53d6c614ef431e
FRVIAE12346008094,FRVIA9ce4a9d0-ef0d-4bd5-a61c-f36a35f666b6
FRVIAE12346008093,FRVIA9ce4a9d0-ef0d-4bd5-a61c-f36a35f666b6
FRVIAE12346008092,FRVIA9ce4a9d0-ef0d-4bd5-a61c-f36a35f666b6
FRVIAE12346008091,FRVIA9ce4a9d0-ef0d-4bd5-a61c-f36a35f666b6
FRVIAE12346139769,FRVIA1b4c8df3140c49899a53d6c614ef431e
FRVIAE12346139768,FRVIA1b4c8df3140c49899a53d6c614ef431e
FRVIAE12346139767,FRVIA1b4c8df3140c49899a53d6c614ef431e
FRVIAE12346139766,FRVIA1b4c8df3140c49899a53d6c614ef431e
FRVIAE12346139765,FRVIA1b4c8df3140c49899a53d6c614ef431e
FRVIAE12346139764,FRVIA1b4c8df3140c49899a53d6c614ef431e
FRVIAE12346139763,FRVIA1b4c8df3140c49899a53d6c614ef431e
FRVIAE12346139762,FRVIA1b4c8df3140c49899a53d6c614ef431e
FRVIAE123461397612,FRVIA1b4c8df3140c49899a53d6c614ef431e
FRVIAE123461397611,FRVIA1b4c8df3140c49899a53d6c614ef431e
FRVIAE123461397610,FRVIA1b4c8df3140c49899a53d6c614ef431e
FRVIAE12346139761,FRVIA1b4c8df3140c49899a53d6c614ef431e
FRVIAE20142040023,FRVIA1b4c8df3140c49899a53d6c614ef431e
FRVIAE20142040022,FRVIA1b4c8df3140c49899a53d6c614ef431e
FRVIAE20142040021,FRVIA1b4c8df3140c49899a53d6c614ef431e
FRVIAE10001251214,FRVIA9ce4a9d0-ef0d-4bd5-a61c-f36a35f666b6
FRVIAE10001251213,FRVIA9ce4a9d0-ef0d-4bd5-a61c-f36a35f666b6
FRVIAE10001251212,FRVIA9ce4a9d0-ef0d-4bd5-a61c-f36a35f666b6
FRVIAE10001251211,FRVIA9ce4a9d0-ef0d-4bd5-a61c-f36a35f666b6
FRVIAE20142067012,FRVIA1b4c8df3140c49899a53d6c614ef431e
FRVIAE20142067011,FRVIA1b4c8df3140c49899a53d6c614ef431e
FRVIAE10001181481,FRVIA663d278c-7663-41ea-86aa-015b9a5dd8e4
FRVIAE10001181213,FRVIA663d278c-7663-41ea-86aa-015b9a5dd8e4
FRVIAE10001181212,FRVIA663d278c-7663-41ea-86aa-015b9a5dd8e4
FRVIAE10001181211,FRVIA663d278c-7663-41ea-86aa-015b9a5dd8e4
FRVIAE10001487974,FRVIA9ce4a9d0-ef0d-4bd5-a61c-f36a35f666b6
FRVIAE10001487973,FRVIA9ce4a9d0-ef0d-4bd5-a61c-f36a35f666b6
FRVIAE10001487972,FRVIA9ce4a9d0-ef0d-4bd5-a61c-f36a35f666b6
FRVIAE10001487971,FRVIA9ce4a9d0-ef0d-4bd5-a61c-f36a35f666b6
FRVIAE12346137272,FRVIA1b4c8df3140c49899a53d6c614ef431e
FRVIAE12346137271,FRVIA1b4c8df3140c49899a53d6c614ef431e
FRVIAE12346402262,FRVIA1b4c8df3140c49899a53d6c614ef431e
FRVIAE12346402261,FRVIA1b4c8df3140c49899a53d6c614ef431e
FRVIAE12346033542,FRVIA63b9a2fb-f35c-4dfb-bf27-4a42039521dd
FRVIAE12346033541,FRVIA63b9a2fb-f35c-4dfb-bf27-4a42039521dd
FRVIAE12346235792,FRVIA1b4c8df3140c49899a53d6c614ef431e
FRVIAE12346235791,FRVIA1b4c8df3140c49899a53d6c614ef431e
FRVIAE12346285674,FRVIA9ce4a9d0-ef0d-4bd5-a61c-f36a35f666b6
FRVIAE12346285673,FRVIA9ce4a9d0-ef0d-4bd5-a61c-f36a35f666b6
FRVIAE12346285672,FRVIA9ce4a9d0-ef0d-4bd5-a61c-f36a35f666b6
FRVIAE12346285671,FRVIA9ce4a9d0-ef0d-4bd5-a61c-f36a35f666b6
FRVIAE10001249234,FRVIA9ce4a9d0-ef0d-4bd5-a61c-f36a35f666b6
FRVIAE10001249233,FRVIA9ce4a9d0-ef0d-4bd5-a61c-f36a35f666b6
FRVIAE10001249232,FRVIA9ce4a9d0-ef0d-4bd5-a61c-f36a35f666b6
FRVIAE10001249231,FRVIA9ce4a9d0-ef0d-4bd5-a61c-f36a35f666b6
FRVIAE20142070013,FRVIA1b4c8df3140c49899a53d6c614ef431e
FRVIAE20142070012,FRVIA1b4c8df3140c49899a53d6c614ef431e
FRVIAE20142070011,FRVIA1b4c8df3140c49899a53d6c614ef431e
FRVIAE20123001098,FRVIAe9a95d1a-7f0c-49b8-a860-4f450bce162c
FRVIAE20123001097,FRVIAe9a95d1a-7f0c-49b8-a860-4f450bce162c
FRVIAE20123001096,FRVIAe9a95d1a-7f0c-49b8-a860-4f450bce162c
FRVIAE20123001095,FRVIAe9a95d1a-7f0c-49b8-a860-4f450bce162c
FRVIAE20123001094,FRVIAe9a95d1a-7f0c-49b8-a860-4f450bce162c
FRVIAE20123001093,FRVIAe9a95d1a-7f0c-49b8-a860-4f450bce162c
FRVIAE20123001092,FRVIAe9a95d1a-7f0c-49b8-a860-4f450bce162c
FRVIAE20123001091,FRVIAe9a95d1a-7f0c-49b8-a860-4f450bce162c
FRVIAE20122172029,FRVIA1b4c8df3140c49899a53d6c614ef431e
FRVIAE20122172028,FRVIA1b4c8df3140c49899a53d6c614ef431e
FRVIAE20122172027,FRVIA1b4c8df3140c49899a53d6c614ef431e
FRVIAE20122172026,FRVIA1b4c8df3140c49899a53d6c614ef431e
FRVIAE20122172025,FRVIA1b4c8df3140c49899a53d6c614ef431e
FRVIAE20122172024,FRVIA1b4c8df3140c49899a53d6c614ef431e
FRVIAE20122172023,FRVIA1b4c8df3140c49899a53d6c614ef431e
FRVIAE20122172022,FRVIA1b4c8df3140c49899a53d6c614ef431e
FRVIAE201221720212,FRVIA1b4c8df3140c49899a53d6c614ef431e
FRVIAE201221720211,FRVIA1b4c8df3140c49899a53d6c614ef431e
FRVIAE201221720210,FRVIA1b4c8df3140c49899a53d6c614ef431e
FRVIAE20122172021,FRVIA1b4c8df3140c49899a53d6c614ef431e
FRVIAE20122025092,FRVIA1b4c8df3140c49899a53d6c614ef431e
FRVIAE20122025091,FRVIA1b4c8df3140c49899a53d6c614ef431e
FRVIAE20125003022,FRVIA64cfd72818304ee28d3a875aef64d31b
FRVIAE20125003021,FRVIA64cfd72818304ee28d3a875aef64d31b
FRVIAE10001276092,FRVIA663d278c-7663-41ea-86aa-015b9a5dd8e4
FRVIAE10001276091,FRVIA663d278c-7663-41ea-86aa-015b9a5dd8e4
FRVIAE10001301132,FRVIA663d278c-7663-41ea-86aa-015b9a5dd8e4
FRVIAE10001301131,FRVIA663d278c-7663-41ea-86aa-015b9a5dd8e4
FRVIAE20164012082,FRVIA7d814e34-8d08-4c97-82ce-5e3887f2aaaf
FRVIAE20164012081,FRVIA7d814e34-8d08-4c97-82ce-5e3887f2aaaf
FRVIAE20161009052,FRVIAfa6213d8-d5b6-4194-9c4e-3d089601e0b6
FRVIAE20161009051,FRVIAfa6213d8-d5b6-4194-9c4e-3d089601e0b6
FRVIAE20143041012,FRVIA1b4c8df3140c49899a53d6c614ef431e
FRVIAE20143041011,FRVIA1b4c8df3140c49899a53d6c614ef431e
FRVIAE12345963444,FRVIA9ce4a9d0-ef0d-4bd5-a61c-f36a35f666b6
FRVIAE12345963443,FRVIA9ce4a9d0-ef0d-4bd5-a61c-f36a35f666b6
FRVIAE12345963442,FRVIA9ce4a9d0-ef0d-4bd5-a61c-f36a35f666b6
FRVIAE12345963441,FRVIA9ce4a9d0-ef0d-4bd5-a61c-f36a35f666b6
FRVIAE12346295968,FRVIA1b4c8df3140c49899a53d6c614ef431e
FRVIAE12346295967,FRVIA1b4c8df3140c49899a53d6c614ef431e
FRVIAE12346295966,FRVIA1b4c8df3140c49899a53d6c614ef431e
FRVIAE12346295965,FRVIA1b4c8df3140c49899a53d6c614ef431e
FRVIAE12346295964,FRVIA1b4c8df3140c49899a53d6c614ef431e
FRVIAE12346295963,FRVIA1b4c8df3140c49899a53d6c614ef431e
FRVIAE12346295962,FRVIA1b4c8df3140c49899a53d6c614ef431e
FRVIAE12346295961,FRVIA1b4c8df3140c49899a53d6c614ef431e
FRVIAE10001318404,FRVIA9ce4a9d0-ef0d-4bd5-a61c-f36a35f666b6
FRVIAE10001318403,FRVIA9ce4a9d0-ef0d-4bd5-a61c-f36a35f666b6
FRVIAE10001318402,FRVIA9ce4a9d0-ef0d-4bd5-a61c-f36a35f666b6
FRVIAE10001318401,FRVIA9ce4a9d0-ef0d-4bd5-a61c-f36a35f666b6
FRVIAE20142066012,FRVIA1b4c8df3140c49899a53d6c614ef431e
FRVIAE20142066011,FRVIA1b4c8df3140c49899a53d6c614ef431e
FRVIAE12345955426,FRVIA1b4c8df3140c49899a53d6c614ef431e
FRVIAE12345955425,FRVIA1b4c8df3140c49899a53d6c614ef431e
FRVIAE12345955424,FRVIA1b4c8df3140c49899a53d6c614ef431e
FRVIAE12345955423,FRVIA1b4c8df3140c49899a53d6c614ef431e
FRVIAE12345955422,FRVIA1b4c8df3140c49899a53d6c614ef431e
FRVIAE12345955421,FRVIA1b4c8df3140c49899a53d6c614ef431e
FRVIAE12346274824,FRVIA9ce4a9d0-ef0d-4bd5-a61c-f36a35f666b6
FRVIAE12346274823,FRVIA9ce4a9d0-ef0d-4bd5-a61c-f36a35f666b6
FRVIAE12346274822,FRVIA9ce4a9d0-ef0d-4bd5-a61c-f36a35f666b6
FRVIAE12346274821,FRVIA9ce4a9d0-ef0d-4bd5-a61c-f36a35f666b6
FRVIAE10001480222,FRVIA0f286212-cb69-4cd7-abda-c0368a02ccbf
FRVIAE10001480221,FRVIA0f286212-cb69-4cd7-abda-c0368a02ccbf
FRVIAE20122060062,FRVIA1b4c8df3140c49899a53d6c614ef431e
FRVIAE20122060061,FRVIA1b4c8df3140c49899a53d6c614ef431e
FRVIAE12346325099,FRVIA1b4c8df3140c49899a53d6c614ef431e
FRVIAE12346325098,FRVIA1b4c8df3140c49899a53d6c614ef431e
FRVIAE12346325097,FRVIA1b4c8df3140c49899a53d6c614ef431e
FRVIAE12346325096,FRVIA1b4c8df3140c49899a53d6c614ef431e
FRVIAE12346325095,FRVIA1b4c8df3140c49899a53d6c614ef431e
FRVIAE12346325094,FRVIA1b4c8df3140c49899a53d6c614ef431e
FRVIAE12346325093,FRVIA1b4c8df3140c49899a53d6c614ef431e
FRVIAE12346325092,FRVIA1b4c8df3140c49899a53d6c614ef431e
FRVIAE123463250912,FRVIA1b4c8df3140c49899a53d6c614ef431e
FRVIAE123463250911,FRVIA1b4c8df3140c49899a53d6c614ef431e
FRVIAE123463250910,FRVIA1b4c8df3140c49899a53d6c614ef431e
FRVIAE12346325091,FRVIA1b4c8df3140c49899a53d6c614ef431e
FRVIAE12345723501,FRVIA9ce4a9d0-ef0d-4bd5-a61c-f36a35f666b6
FRVIAE20122088072,FRVIA1b4c8df3140c49899a53d6c614ef431e
FRVIAE20122088071,FRVIA1b4c8df3140c49899a53d6c614ef431e
FRVIAE10001486104,FRVIA9ce4a9d0-ef0d-4bd5-a61c-f36a35f666b6
FRVIAE10001486103,FRVIA9ce4a9d0-ef0d-4bd5-a61c-f36a35f666b6
FRVIAE10001486102,FRVIA9ce4a9d0-ef0d-4bd5-a61c-f36a35f666b6
FRVIAE10001486101,FRVIA9ce4a9d0-ef0d-4bd5-a61c-f36a35f666b6
FRVIAE12346063543,FRVIA0f286212-cb69-4cd7-abda-c0368a02ccbf
FRVIAE12346063542,FRVIA0f286212-cb69-4cd7-abda-c0368a02ccbf
FRVIAE12346063541,FRVIA0f286212-cb69-4cd7-abda-c0368a02ccbf
FRVIAE20142077012,FRVIA1b4c8df3140c49899a53d6c614ef431e
FRVIAE20142077011,FRVIA1b4c8df3140c49899a53d6c614ef431e
FRVIAE20122062072,FRVIA1b4c8df3140c49899a53d6c614ef431e
FRVIAE20122062071,FRVIA1b4c8df3140c49899a53d6c614ef431e
FRVIAE20142099012,FRVIA1b4c8df3140c49899a53d6c614ef431e
FRVIAE20142099011,FRVIA1b4c8df3140c49899a53d6c614ef431e
FRVIAE10001170153,FRVIA84ba7e49-a9d1-41d9-85f4-d72d875ec724
FRVIAE10001170152,FRVIA84ba7e49-a9d1-41d9-85f4-d72d875ec724
FRVIAE10001170151,FRVIA84ba7e49-a9d1-41d9-85f4-d72d875ec724
FRVIAE20122195029,FRVIA1b4c8df3140c49899a53d6c614ef431e
FRVIAE20122195028,FRVIA1b4c8df3140c49899a53d6c614ef431e
FRVIAE20122195027,FRVIA1b4c8df3140c49899a53d6c614ef431e
FRVIAE20122195026,FRVIA1b4c8df3140c49899a53d6c614ef431e
FRVIAE20122195025,FRVIA1b4c8df3140c49899a53d6c614ef431e
FRVIAE20122195024,FRVIA1b4c8df3140c49899a53d6c614ef431e
FRVIAE20122195023,FRVIA1b4c8df3140c49899a53d6c614ef431e
FRVIAE20122195022,FRVIA1b4c8df3140c49899a53d6c614ef431e
FRVIAE201221950210,FRVIA1b4c8df3140c49899a53d6c614ef431e
FRVIAE20122195021,FRVIA1b4c8df3140c49899a53d6c614ef431e
FRVIAE10001319873,FRVIA84ba7e49-a9d1-41d9-85f4-d72d875ec724
FRVIAE10001319872,FRVIA84ba7e49-a9d1-41d9-85f4-d72d875ec724
FRVIAE10001319871,FRVIA84ba7e49-a9d1-41d9-85f4-d72d875ec724
FRVIAE10001229632,FRVIA87b962cf-5c99-4812-8f03-16f2047aba80
FRVIAE10001229631,FRVIA87b962cf-5c99-4812-8f03-16f2047aba80
FRVIAE10001170083,FRVIA48b30eb5-5751-41d6-aeb6-80e1ecd57409
FRVIAE10001170082,FRVIA48b30eb5-5751-41d6-aeb6-80e1ecd57409
FRVIAE10001170081,FRVIA48b30eb5-5751-41d6-aeb6-80e1ecd57409
FRVIAE10001181452,FRVIA663d278c-7663-41ea-86aa-015b9a5dd8e4
FRVIAE10001181451,FRVIA663d278c-7663-41ea-86aa-015b9a5dd8e4
FRVIAE10001169763,FRVIA84ba7e49-a9d1-41d9-85f4-d72d875ec724
FRVIAE10001169762,FRVIA84ba7e49-a9d1-41d9-85f4-d72d875ec724
FRVIAE10001169761,FRVIA84ba7e49-a9d1-41d9-85f4-d72d875ec724
FRVIAE20142030022,FRVIA1b4c8df3140c49899a53d6c614ef431e
FRVIAE20142030021,FRVIA1b4c8df3140c49899a53d6c614ef431e
FRVIAE10001158042,FRVIA1b4c8df3140c49899a53d6c614ef431e
FRVIAE10001158041,FRVIA1b4c8df3140c49899a53d6c614ef431e
FRVIAE10001205742,FRVIA1b4c8df3140c49899a53d6c614ef431e
FRVIAE10001205741,FRVIA1b4c8df3140c49899a53d6c614ef431e
FRVIAE10001208442,FRVIA1b4c8df3140c49899a53d6c614ef431e
FRVIAE10001208441,FRVIA1b4c8df3140c49899a53d6c614ef431e
FRVIAE10001451214,FRVIA9ce4a9d0-ef0d-4bd5-a61c-f36a35f666b6
FRVIAE10001451213,FRVIA9ce4a9d0-ef0d-4bd5-a61c-f36a35f666b6
FRVIAE10001451212,FRVIA9ce4a9d0-ef0d-4bd5-a61c-f36a35f666b6
FRVIAE10001451211,FRVIA9ce4a9d0-ef0d-4bd5-a61c-f36a35f666b6
FRVIAE20142097012,FRVIA1b4c8df3140c49899a53d6c614ef431e
FRVIAE20142097011,FRVIA1b4c8df3140c49899a53d6c614ef431e
FRVIAE10001390473,FRVIAf7ca5dfe-173b-4b98-86ba-db712a2e6118
FRVIAE10001390472,FRVIAf7ca5dfe-173b-4b98-86ba-db712a2e6118
FRVIAE10001390471,FRVIAf7ca5dfe-173b-4b98-86ba-db712a2e6118
FRVIAE10001251194,FRVIA9ce4a9d0-ef0d-4bd5-a61c-f36a35f666b6
FRVIAE10001251193,FRVIA9ce4a9d0-ef0d-4bd5-a61c-f36a35f666b6
FRVIAE10001251192,FRVIA9ce4a9d0-ef0d-4bd5-a61c-f36a35f666b6
FRVIAE10001251191,FRVIA9ce4a9d0-ef0d-4bd5-a61c-f36a35f666b6
FRVIAE12345955456,FRVIA1b4c8df3140c49899a53d6c614ef431e
FRVIAE12345955455,FRVIA1b4c8df3140c49899a53d6c614ef431e
FRVIAE12345955454,FRVIA1b4c8df3140c49899a53d6c614ef431e
FRVIAE12345955453,FRVIA1b4c8df3140c49899a53d6c614ef431e
FRVIAE12345955452,FRVIA1b4c8df3140c49899a53d6c614ef431e
FRVIAE12345955451,FRVIA1b4c8df3140c49899a53d6c614ef431e
FRVIAE20142027012,FRVIA1b4c8df3140c49899a53d6c614ef431e
FRVIAE20142027011,FRVIA1b4c8df3140c49899a53d6c614ef431e
FRVIAE20142076012,FRVIA1b4c8df3140c49899a53d6c614ef431e
FRVIAE20142076011,FRVIA1b4c8df3140c49899a53d6c614ef431e
FRVIAE10001456413,FRVIA0f286212-cb69-4cd7-abda-c0368a02ccbf
FRVIAE10001456412,FRVIA0f286212-cb69-4cd7-abda-c0368a02ccbf
FRVIAE10001456411,FRVIA0f286212-cb69-4cd7-abda-c0368a02ccbf
FRVIAE20122148019,FRVIA1b4c8df3140c49899a53d6c614ef431e
FRVIAE20122148018,FRVIA1b4c8df3140c49899a53d6c614ef431e
FRVIAE20122148017,FRVIA1b4c8df3140c49899a53d6c614ef431e
FRVIAE20122148016,FRVIA1b4c8df3140c49899a53d6c614ef431e
FRVIAE20122148015,FRVIA1b4c8df3140c49899a53d6c614ef431e
FRVIAE20122148014,FRVIA1b4c8df3140c49899a53d6c614ef431e
FRVIAE20122148013,FRVIA1b4c8df3140c49899a53d6c614ef431e
FRVIAE20122148012,FRVIA1b4c8df3140c49899a53d6c614ef431e
FRVIAE201221480112,FRVIA1b4c8df3140c49899a53d6c614ef431e
FRVIAE201221480111,FRVIA1b4c8df3140c49899a53d6c614ef431e
FRVIAE201221480110,FRVIA1b4c8df3140c49899a53d6c614ef431e
FRVIAE20122148011,FRVIA1b4c8df3140c49899a53d6c614ef431e
FRVIAE10001093032,FRVIA1b4c8df3140c49899a53d6c614ef431e
FRVIAE10001093031,FRVIA1b4c8df3140c49899a53d6c614ef431e
FRVIAE10001205692,FRVIA1b4c8df3140c49899a53d6c614ef431e
FRVIAE10001205691,FRVIA1b4c8df3140c49899a53d6c614ef431e
FRVIAE20142142022,FRVIA1b4c8df3140c49899a53d6c614ef431e
FRVIAE20142142021,FRVIA1b4c8df3140c49899a53d6c614ef431e
FRVIAE10001181472,FRVIA663d278c-7663-41ea-86aa-015b9a5dd8e4
FRVIAE10001181471,FRVIA663d278c-7663-41ea-86aa-015b9a5dd8e4
FRVIAE20161002052,FRVIA5ac8fc13-69bd-4238-91fc-00d74021df49
FRVIAE20161002051,FRVIA5ac8fc13-69bd-4238-91fc-00d74021df49
FRVIAE20164007022,FRVIAfa6213d8-d5b6-4194-9c4e-3d089601e0b6
FRVIAE20164007021,FRVIAfa6213d8-d5b6-4194-9c4e-3d089601e0b6
FRVIAE10001495062,FRVIA9ce4a9d0-ef0d-4bd5-a61c-f36a35f666b6
FRVIAE10001495061,FRVIA9ce4a9d0-ef0d-4bd5-a61c-f36a35f666b6
FRVIAE12346274942,FRVIA9ce4a9d0-ef0d-4bd5-a61c-f36a35f666b6
FRVIAE12346274941,FRVIA9ce4a9d0-ef0d-4bd5-a61c-f36a35f666b6
FRVIAE12346036042,FRVIA1b4c8df3140c49899a53d6c614ef431e
FRVIAE12346036041,FRVIA1b4c8df3140c49899a53d6c614ef431e
FRVIAE20122077062,FRVIA1b4c8df3140c49899a53d6c614ef431e
FRVIAE20122077061,FRVIA1b4c8df3140c49899a53d6c614ef431e
FRVIAE20123014022,FRVIAe9a95d1a-7f0c-49b8-a860-4f450bce162c
FRVIAE20123014021,FRVIAe9a95d1a-7f0c-49b8-a860-4f450bce162c
FRVIAE20142047013,FRVIA1b4c8df3140c49899a53d6c614ef431e
FRVIAE20142047012,FRVIA64cfd72818304ee28d3a875aef64d31b
FRVIAE20142047011,FRVIA64cfd72818304ee28d3a875aef64d31b
FRVIAE10001181392,FRVIA663d278c-7663-41ea-86aa-015b9a5dd8e4
FRVIAE10001181391,FRVIA663d278c-7663-41ea-86aa-015b9a5dd8e4
FRVIAE20142109022,FRVIA64cfd72818304ee28d3a875aef64d31b
FRVIAE20142109021,FRVIA64cfd72818304ee28d3a875aef64d31b
FRVIAE20122091062,FRVIA1b4c8df3140c49899a53d6c614ef431e
FRVIAE20122091061,FRVIA1b4c8df3140c49899a53d6c614ef431e
FRVIAE12346057092,FRVIA1b4c8df3140c49899a53d6c614ef431e
FRVIAE12346057091,FRVIA1b4c8df3140c49899a53d6c614ef431e
FRVIAE20101103102,FRVIA87b962cf-5c99-4812-8f03-16f2047aba80
FRVIAE20101103101,FRVIA87b962cf-5c99-4812-8f03-16f2047aba80
FRVIAE12346374602,FRVIA1b4c8df3140c49899a53d6c614ef431e
FRVIAE12346374601,FRVIA1b4c8df3140c49899a53d6c614ef431e
FRVIAE10001231242,FRVIA663d278c-7663-41ea-86aa-015b9a5dd8e4
FRVIAE10001231241,FRVIA663d278c-7663-41ea-86aa-015b9a5dd8e4
FRVIAE10000853833,FRVIA0b46268150cf4976ad848e9cfbe14c78
FRVIAE10000853832,FRVIA0b46268150cf4976ad848e9cfbe14c78
FRVIAE10000853831,FRVIA0b46268150cf4976ad848e9cfbe14c78
FRVIAE10001444862,FRVIA1b4c8df3140c49899a53d6c614ef431e
FRVIAE10001444861,FRVIA1b4c8df3140c49899a53d6c614ef431e
FRVIAE20111102012,FRVIA64cfd72818304ee28d3a875aef64d31b
FRVIAE20111102011,FRVIA64cfd72818304ee28d3a875aef64d31b
FRVIAE12345955729,FRVIA1b4c8df3140c49899a53d6c614ef431e
FRVIAE12345955728,FRVIA1b4c8df3140c49899a53d6c614ef431e
FRVIAE12345955727,FRVIA1b4c8df3140c49899a53d6c614ef431e
FRVIAE12345955726,FRVIA1b4c8df3140c49899a53d6c614ef431e
FRVIAE12345955725,FRVIA1b4c8df3140c49899a53d6c614ef431e
FRVIAE12345955724,FRVIA1b4c8df3140c49899a53d6c614ef431e
FRVIAE12345955723,FRVIA1b4c8df3140c49899a53d6c614ef431e
FRVIAE12345955722,FRVIA1b4c8df3140c49899a53d6c614ef431e
FRVIAE123459557212,FRVIA1b4c8df3140c49899a53d6c614ef431e
FRVIAE123459557211,FRVIA1b4c8df3140c49899a53d6c614ef431e
FRVIAE123459557210,FRVIA1b4c8df3140c49899a53d6c614ef431e
FRVIAE12345955721,FRVIA1b4c8df3140c49899a53d6c614ef431e
FRVIAE10001345092,FRVIA87b962cf-5c99-4812-8f03-16f2047aba80
FRVIAE10001345091,FRVIA87b962cf-5c99-4812-8f03-16f2047aba80
FRVIAE12345954889,FRVIA1b4c8df3140c49899a53d6c614ef431e
FRVIAE12345954888,FRVIA1b4c8df3140c49899a53d6c614ef431e
FRVIAE12345954887,FRVIA1b4c8df3140c49899a53d6c614ef431e
FRVIAE12345954886,FRVIA1b4c8df3140c49899a53d6c614ef431e
FRVIAE12345954885,FRVIA1b4c8df3140c49899a53d6c614ef431e
FRVIAE12345954884,FRVIA1b4c8df3140c49899a53d6c614ef431e
FRVIAE12345954883,FRVIA1b4c8df3140c49899a53d6c614ef431e
FRVIAE12345954882,FRVIA1b4c8df3140c49899a53d6c614ef431e
FRVIAE123459548812,FRVIA1b4c8df3140c49899a53d6c614ef431e
FRVIAE123459548811,FRVIA1b4c8df3140c49899a53d6c614ef431e
FRVIAE123459548810,FRVIA1b4c8df3140c49899a53d6c614ef431e
FRVIAE12345954881,FRVIA1b4c8df3140c49899a53d6c614ef431e
FRVIAE12346328752,FRVIA1b4c8df3140c49899a53d6c614ef431e
FRVIAE12346328751,FRVIA1b4c8df3140c49899a53d6c614ef431e
FRVIAE20122098062,FRVIA1b4c8df3140c49899a53d6c614ef431e
FRVIAE20122098061,FRVIA1b4c8df3140c49899a53d6c614ef431e
FRVIAE20122181062,FRVIA1b4c8df3140c49899a53d6c614ef431e
FRVIAE20122181061,FRVIA1b4c8df3140c49899a53d6c614ef431e
FRVIAE20161005082,FRVIA5ac8fc13-69bd-4238-91fc-00d74021df49
FRVIAE20161005081,FRVIA5ac8fc13-69bd-4238-91fc-00d74021df49
FRVIAE20122089062,FRVIA1b4c8df3140c49899a53d6c614ef431e
FRVIAE20122089061,FRVIA1b4c8df3140c49899a53d6c614ef431e
FRVIAE10001181082,FRVIA87b962cf-5c99-4812-8f03-16f2047aba80
FRVIAE10001181081,FRVIA87b962cf-5c99-4812-8f03-16f2047aba80
FRVIAE10001319532,FRVIA87b962cf-5c99-4812-8f03-16f2047aba80
FRVIAE10001319531,FRVIA87b962cf-5c99-4812-8f03-16f2047aba80
FRVIAE20111103012,FRVIA64cfd72818304ee28d3a875aef64d31b
FRVIAE20111103011,FRVIA64cfd72818304ee28d3a875aef64d31b
FRVIAE12346451752,FRVIA9ce4a9d0-ef0d-4bd5-a61c-f36a35f666b6
FRVIAE12346451751,FRVIA9ce4a9d0-ef0d-4bd5-a61c-f36a35f666b6
FRVIAE10001275992,FRVIA663d278c-7663-41ea-86aa-015b9a5dd8e4
FRVIAE10001275991,FRVIA663d278c-7663-41ea-86aa-015b9a5dd8e4
FRVIAE20122239082,FRVIA1b4c8df3140c49899a53d6c614ef431e
FRVIAE20122239081,FRVIA1b4c8df3140c49899a53d6c614ef431e
FRVIAE20124001022,FRVIA64cfd72818304ee28d3a875aef64d31b
FRVIAE20124001021,FRVIA64cfd72818304ee28d3a875aef64d31b
FRVIAE12345955479,FRVIA1b4c8df3140c49899a53d6c614ef431e
FRVIAE12345955478,FRVIA1b4c8df3140c49899a53d6c614ef431e
FRVIAE12345955477,FRVIA1b4c8df3140c49899a53d6c614ef431e
FRVIAE12345955476,FRVIA1b4c8df3140c49899a53d6c614ef431e
FRVIAE12345955475,FRVIA1b4c8df3140c49899a53d6c614ef431e
FRVIAE12345955474,FRVIA1b4c8df3140c49899a53d6c614ef431e
FRVIAE12345955473,FRVIA1b4c8df3140c49899a53d6c614ef431e
FRVIAE12345955472,FRVIA1b4c8df3140c49899a53d6c614ef431e
FRVIAE123459554712,FRVIA1b4c8df3140c49899a53d6c614ef431e
FRVIAE123459554711,FRVIA1b4c8df3140c49899a53d6c614ef431e
FRVIAE123459554710,FRVIA1b4c8df3140c49899a53d6c614ef431e
FRVIAE12345955471,FRVIA1b4c8df3140c49899a53d6c614ef431e
FRVIAE10001231082,FRVIA87b962cf-5c99-4812-8f03-16f2047aba80
FRVIAE10001231081,FRVIA87b962cf-5c99-4812-8f03-16f2047aba80
FRVIAE20122063112,FRVIA1b4c8df3140c49899a53d6c614ef431e
FRVIAE20122063111,FRVIA1b4c8df3140c49899a53d6c614ef431e
FRVIAE10001231772,FRVIA663d278c-7663-41ea-86aa-015b9a5dd8e4
FRVIAE10001231771,FRVIA663d278c-7663-41ea-86aa-015b9a5dd8e4
FRVIAE20122072062,FRVIA1b4c8df3140c49899a53d6c614ef431e
FRVIAE20122072061,FRVIA1b4c8df3140c49899a53d6c614ef431e
FRVIAE20102002022,FRVIA663d278c-7663-41ea-86aa-015b9a5dd8e4
FRVIAE20102002021,FRVIA663d278c-7663-41ea-86aa-015b9a5dd8e4
FRVIAE12346339092,FRVIA1b4c8df3140c49899a53d6c614ef431e
FRVIAE12346339091,FRVIA1b4c8df3140c49899a53d6c614ef431e
FRVIAE20101002012,FRVIA87b962cf-5c99-4812-8f03-16f2047aba80
FRVIAE20101002011,FRVIA87b962cf-5c99-4812-8f03-16f2047aba80
FRVIAE10001006713,FRVIA64cfd72818304ee28d3a875aef64d31b
FRVIAE10001006712,FRVIA64cfd72818304ee28d3a875aef64d31b
FRVIAE10001006711,FRVIA64cfd72818304ee28d3a875aef64d31b
FRVIAE10001180882,FRVIA87b962cf-5c99-4812-8f03-16f2047aba80
FRVIAE10001180881,FRVIA87b962cf-5c99-4812-8f03-16f2047aba80
FRVIAE10001225532,FRVIA663d278c-7663-41ea-86aa-015b9a5dd8e4
FRVIAE10001225531,FRVIA663d278c-7663-41ea-86aa-015b9a5dd8e4
FRVIAE20122087062,FRVIA1b4c8df3140c49899a53d6c614ef431e
FRVIAE20122087061,FRVIA1b4c8df3140c49899a53d6c614ef431e
FRVIAE20161001042,FRVIAfa6213d8-d5b6-4194-9c4e-3d089601e0b6
FRVIAE20161001041,FRVIAfa6213d8-d5b6-4194-9c4e-3d089601e0b6
FRVIAE20161004102,FRVIA5ac8fc13-69bd-4238-91fc-00d74021df49
FRVIAE20161004101,FRVIA5ac8fc13-69bd-4238-91fc-00d74021df49
FRVIAE10001480662,FRVIA0f286212-cb69-4cd7-abda-c0368a02ccbf
FRVIAE10001480661,FRVIA0f286212-cb69-4cd7-abda-c0368a02ccbf
FRVIAE12345727982,FRVIA1b4c8df3140c49899a53d6c614ef431e
FRVIAE12345727981,FRVIA1b4c8df3140c49899a53d6c614ef431e
FRVIAE20103003012,FRVIA84ba7e49-a9d1-41d9-85f4-d72d875ec724
FRVIAE20103003011,FRVIA84ba7e49-a9d1-41d9-85f4-d72d875ec724
FRVIAE10001231032,FRVIA87b962cf-5c99-4812-8f03-16f2047aba80
FRVIAE10001231031,FRVIA87b962cf-5c99-4812-8f03-16f2047aba80
FRVIAE20111101022,FRVIA64cfd72818304ee28d3a875aef64d31b
FRVIAE20111101021,FRVIA64cfd72818304ee28d3a875aef64d31b
FRVIAE10001232002,FRVIA87b962cf-5c99-4812-8f03-16f2047aba80
FRVIAE10001232001,FRVIA87b962cf-5c99-4812-8f03-16f2047aba80
FRVIAE20122082082,FRVIA1b4c8df3140c49899a53d6c614ef431e
FRVIAE20122082081,FRVIA1b4c8df3140c49899a53d6c614ef431e
FRVIAE20152003042,FRVIA0b46268150cf4976ad848e9cfbe14c78
FRVIAE20152003041,FRVIA0b46268150cf4976ad848e9cfbe14c78
FRVIAE20142009013,FRVIA1b4c8df3140c49899a53d6c614ef431e
FRVIAE20142009012,FRVIA1b4c8df3140c49899a53d6c614ef431e
FRVIAE20142009011,FRVIA1b4c8df3140c49899a53d6c614ef431e
FRVIAE10001444752,FRVIA1b4c8df3140c49899a53d6c614ef431e
FRVIAE10001444751,FRVIA1b4c8df3140c49899a53d6c614ef431e
FRVIAE20103001052,FRVIA84ba7e49-a9d1-41d9-85f4-d72d875ec724
FRVIAE20103001051,FRVIA84ba7e49-a9d1-41d9-85f4-d72d875ec724
FRVIAE12346233279,FRVIA1b4c8df3140c49899a53d6c614ef431e
FRVIAE12346233278,FRVIA1b4c8df3140c49899a53d6c614ef431e
FRVIAE12346233277,FRVIA1b4c8df3140c49899a53d6c614ef431e
FRVIAE12346233276,FRVIA1b4c8df3140c49899a53d6c614ef431e
FRVIAE12346233275,FRVIA1b4c8df3140c49899a53d6c614ef431e
FRVIAE12346233274,FRVIA1b4c8df3140c49899a53d6c614ef431e
FRVIAE12346233273,FRVIA1b4c8df3140c49899a53d6c614ef431e
FRVIAE12346233272,FRVIA1b4c8df3140c49899a53d6c614ef431e
FRVIAE123462332710,FRVIA1b4c8df3140c49899a53d6c614ef431e
FRVIAE12346233271,FRVIA1b4c8df3140c49899a53d6c614ef431e
FRVIAE20142106013,FRVIA64cfd72818304ee28d3a875aef64d31b
FRVIAE20142106012,FRVIA64cfd72818304ee28d3a875aef64d31b
FRVIAE20142106011,FRVIA64cfd72818304ee28d3a875aef64d31b
FRVIAE12345951599,FRVIA1b4c8df3140c49899a53d6c614ef431e
FRVIAE12345951598,FRVIA1b4c8df3140c49899a53d6c614ef431e
FRVIAE12345951597,FRVIA1b4c8df3140c49899a53d6c614ef431e
FRVIAE12345951596,FRVIA1b4c8df3140c49899a53d6c614ef431e
FRVIAE12345951595,FRVIA1b4c8df3140c49899a53d6c614ef431e
FRVIAE12345951594,FRVIA1b4c8df3140c49899a53d6c614ef431e
FRVIAE12345951593,FRVIA1b4c8df3140c49899a53d6c614ef431e
FRVIAE12345951592,FRVIA1b4c8df3140c49899a53d6c614ef431e
FRVIAE123459515910,FRVIA1b4c8df3140c49899a53d6c614ef431e
FRVIAE12345951591,FRVIA1b4c8df3140c49899a53d6c614ef431e
FRVIAE12345955394,FRVIA1b4c8df3140c49899a53d6c614ef431e
FRVIAE12345955393,FRVIA1b4c8df3140c49899a53d6c614ef431e
FRVIAE12345955392,FRVIA1b4c8df3140c49899a53d6c614ef431e
FRVIAE12345955391,FRVIA1b4c8df3140c49899a53d6c614ef431e
FRVIAE10001231132,FRVIA87b962cf-5c99-4812-8f03-16f2047aba80
FRVIAE10001231131,FRVIA87b962cf-5c99-4812-8f03-16f2047aba80
FRVIAE20122070062,FRVIA1b4c8df3140c49899a53d6c614ef431e
FRVIAE20122070061,FRVIA1b4c8df3140c49899a53d6c614ef431e
FRVIAE10001231862,FRVIA663d278c-7663-41ea-86aa-015b9a5dd8e4
FRVIAE10001231861,FRVIA663d278c-7663-41ea-86aa-015b9a5dd8e4
FRVIAE20152002013,FRVIA0b46268150cf4976ad848e9cfbe14c78
FRVIAE20152002012,FRVIA0b46268150cf4976ad848e9cfbe14c78
FRVIAE20152002011,FRVIA0b46268150cf4976ad848e9cfbe14c78
FRVIAE20122101052,FRVIA1b4c8df3140c49899a53d6c614ef431e
FRVIAE20122101051,FRVIA1b4c8df3140c49899a53d6c614ef431e
FRVIAE20131003052,FRVIA64cfd72818304ee28d3a875aef64d31b
FRVIAE20131003051,FRVIA64cfd72818304ee28d3a875aef64d31b
FRVIAE20131002012,FRVIA64cfd72818304ee28d3a875aef64d31b
FRVIAE20131002011,FRVIA64cfd72818304ee28d3a875aef64d31b
FRVIAE20164002032,FRVIA5ac8fc13-69bd-4238-91fc-00d74021df49
FRVIAE20164002031,FRVIA5ac8fc13-69bd-4238-91fc-00d74021df49
FRVIAE12346355132,FRVIA1b4c8df3140c49899a53d6c614ef431e
FRVIAE12346355131,FRVIA1b4c8df3140c49899a53d6c614ef431e
FRVIAE12345703912,FRVIA63b9a2fb-f35c-4dfb-bf27-4a42039521dd
FRVIAE12345703911,FRVIA63b9a2fb-f35c-4dfb-bf27-4a42039521dd
FRVIAE12346063563,FRVIA0f286212-cb69-4cd7-abda-c0368a02ccbf
FRVIAE12346063562,FRVIA0f286212-cb69-4cd7-abda-c0368a02ccbf
FRVIAE12346063561,FRVIA0f286212-cb69-4cd7-abda-c0368a02ccbf
FRVIAE12346329352,FRVIA1b4c8df3140c49899a53d6c614ef431e
FRVIAE12346329351,FRVIA1b4c8df3140c49899a53d6c614ef431e
FRVIAE20122064082,FRVIA1b4c8df3140c49899a53d6c614ef431e
FRVIAE20122064081,FRVIA1b4c8df3140c49899a53d6c614ef431e
FRVIAE12346298552,FRVIA1b4c8df3140c49899a53d6c614ef431e
FRVIAE12346298551,FRVIA1b4c8df3140c49899a53d6c614ef431e
FRVIAE20122076062,FRVIA1b4c8df3140c49899a53d6c614ef431e
FRVIAE20122076061,FRVIA1b4c8df3140c49899a53d6c614ef431e
FRVIAE20111104012,FRVIA64cfd72818304ee28d3a875aef64d31b
FRVIAE20111104011,FRVIA64cfd72818304ee28d3a875aef64d31b
FRVIAE12346219643,FRVIA0f286212-cb69-4cd7-abda-c0368a02ccbf
FRVIAE12346219642,FRVIA0f286212-cb69-4cd7-abda-c0368a02ccbf
FRVIAE12346219641,FRVIA0f286212-cb69-4cd7-abda-c0368a02ccbf
FRVIAE20103002022,FRVIA84ba7e49-a9d1-41d9-85f4-d72d875ec724
FRVIAE20103002021,FRVIA84ba7e49-a9d1-41d9-85f4-d72d875ec724
FRVIAE20102003012,FRVIA663d278c-7663-41ea-86aa-015b9a5dd8e4
FRVIAE20102003011,FRVIA663d278c-7663-41ea-86aa-015b9a5dd8e4
FRVIAE12346141582,FRVIA1b4c8df3140c49899a53d6c614ef431e
FRVIAE12346141581,FRVIA1b4c8df3140c49899a53d6c614ef431e
FRVIAE20111105012,FRVIA64cfd72818304ee28d3a875aef64d31b
FRVIAE20111105011,FRVIA64cfd72818304ee28d3a875aef64d31b
FRVIAE10001276082,FRVIA663d278c-7663-41ea-86aa-015b9a5dd8e4
FRVIAE10001276081,FRVIA663d278c-7663-41ea-86aa-015b9a5dd8e4
FRVIAE10001231182,FRVIA87b962cf-5c99-4812-8f03-16f2047aba80
FRVIAE10001231181,FRVIA87b962cf-5c99-4812-8f03-16f2047aba80
FRVIAE12346378912,FRVIA1b4c8df3140c49899a53d6c614ef431e
FRVIAE12346378911,FRVIA1b4c8df3140c49899a53d6c614ef431e
FRVIAE20122168052,FRVIA1b4c8df3140c49899a53d6c614ef431e
FRVIAE20122168051,FRVIA1b4c8df3140c49899a53d6c614ef431e
FRVIAE20125001022,FRVIA64cfd72818304ee28d3a875aef64d31b
FRVIAE20125001021,FRVIA64cfd72818304ee28d3a875aef64d31b
FRVIAE20161003042,FRVIA5ac8fc13-69bd-4238-91fc-00d74021df49
FRVIAE20161003041,FRVIA5ac8fc13-69bd-4238-91fc-00d74021df49
FRVIAE20164004022,FRVIA5ac8fc13-69bd-4238-91fc-00d74021df49
FRVIAE20164004021,FRVIA5ac8fc13-69bd-4238-91fc-00d74021df49
FRVIAE10001371643,FRVIA64cfd72818304ee28d3a875aef64d31b
FRVIAE10001371642,FRVIA64cfd72818304ee28d3a875aef64d31b
FRVIAE10001371641,FRVIA64cfd72818304ee28d3a875aef64d31b
FRVIAE12346155292,FRVIA1b4c8df3140c49899a53d6c614ef431e
FRVIAE12346155291,FRVIA1b4c8df3140c49899a53d6c614ef431e
FRVIAE12346219722,FRVIA63b9a2fb-f35c-4dfb-bf27-4a42039521dd
FRVIAE12346219721,FRVIA63b9a2fb-f35c-4dfb-bf27-4a42039521dd
FRVIAE12345955269,FRVIA1b4c8df3140c49899a53d6c614ef431e
FRVIAE12345955268,FRVIA1b4c8df3140c49899a53d6c614ef431e
FRVIAE12345955267,FRVIA1b4c8df3140c49899a53d6c614ef431e
FRVIAE12345955266,FRVIA1b4c8df3140c49899a53d6c614ef431e
FRVIAE12345955265,FRVIA1b4c8df3140c49899a53d6c614ef431e
FRVIAE12345955264,FRVIA1b4c8df3140c49899a53d6c614ef431e
FRVIAE12345955263,FRVIA1b4c8df3140c49899a53d6c614ef431e
FRVIAE12345955262,FRVIA1b4c8df3140c49899a53d6c614ef431e
FRVIAE123459552612,FRVIA1b4c8df3140c49899a53d6c614ef431e
FRVIAE123459552611,FRVIA1b4c8df3140c49899a53d6c614ef431e
FRVIAE123459552610,FRVIA1b4c8df3140c49899a53d6c614ef431e
FRVIAE12345955261,FRVIA1b4c8df3140c49899a53d6c614ef431e
FRVIAE10001444682,FRVIA1b4c8df3140c49899a53d6c614ef431e
FRVIAE10001444681,FRVIA1b4c8df3140c49899a53d6c614ef431e
FRVIAE10000988232,FRVIA0b46268150cf4976ad848e9cfbe14c78
FRVIAE10000988231,FRVIA0b46268150cf4976ad848e9cfbe14c78
FRVIAE10001181412,FRVIA87b962cf-5c99-4812-8f03-16f2047aba80
FRVIAE10001181411,FRVIA87b962cf-5c99-4812-8f03-16f2047aba80
FRVIAE10001480112,FRVIA0f286212-cb69-4cd7-abda-c0368a02ccbf
FRVIAE10001480111,FRVIA0f286212-cb69-4cd7-abda-c0368a02ccbf
FRVIAE12346216512,FRVIA1b4c8df3140c49899a53d6c614ef431e
FRVIAE12346216511,FRVIA1b4c8df3140c49899a53d6c614ef431e
FRVIAE12346402402,FRVIA1b4c8df3140c49899a53d6c614ef431e
FRVIAE12346402401,FRVIA1b4c8df3140c49899a53d6c614ef431e
FRVIAE20101104102,FRVIA87b962cf-5c99-4812-8f03-16f2047aba80
FRVIAE20101104101,FRVIA87b962cf-5c99-4812-8f03-16f2047aba80
FRVIAE12346431472,FRVIA1b4c8df3140c49899a53d6c614ef431e
FRVIAE12346431471,FRVIA1b4c8df3140c49899a53d6c614ef431e
FRVIAE12346374122,FRVIA1b4c8df3140c49899a53d6c614ef431e
FRVIAE12346374121,FRVIA1b4c8df3140c49899a53d6c614ef431e
FRVIAE12345954859,FRVIA1b4c8df3140c49899a53d6c614ef431e
FRVIAE12345954858,FRVIA1b4c8df3140c49899a53d6c614ef431e
FRVIAE12345954857,FRVIA1b4c8df3140c49899a53d6c614ef431e
FRVIAE12345954856,FRVIA1b4c8df3140c49899a53d6c614ef431e
FRVIAE12345954855,FRVIA1b4c8df3140c49899a53d6c614ef431e
FRVIAE12345954854,FRVIA1b4c8df3140c49899a53d6c614ef431e
FRVIAE12345954853,FRVIA1b4c8df3140c49899a53d6c614ef431e
FRVIAE12345954852,FRVIA1b4c8df3140c49899a53d6c614ef431e
FRVIAE123459548512,FRVIA1b4c8df3140c49899a53d6c614ef431e
FRVIAE123459548511,FRVIA1b4c8df3140c49899a53d6c614ef431e
FRVIAE123459548510,FRVIA1b4c8df3140c49899a53d6c614ef431e
FRVIAE12345954851,FRVIA1b4c8df3140c49899a53d6c614ef431e
FRVIAE12346225512,FRVIA1b4c8df3140c49899a53d6c614ef431e
FRVIAE12346225511,FRVIA1b4c8df3140c49899a53d6c614ef431e
FRVIAE12346431052,FRVIA1b4c8df3140c49899a53d6c614ef431e
FRVIAE12346431051,FRVIA1b4c8df3140c49899a53d6c614ef431e
FRVIAE20122071062,FRVIA1b4c8df3140c49899a53d6c614ef431e
FRVIAE20122071061,FRVIA1b4c8df3140c49899a53d6c614ef431e
FRVIAE20122097062,FRVIA1b4c8df3140c49899a53d6c614ef431e
FRVIAE20122097061,FRVIA1b4c8df3140c49899a53d6c614ef431e
FRVIAE12346402312,FRVIA1b4c8df3140c49899a53d6c614ef431e
FRVIAE12346402311,FRVIA1b4c8df3140c49899a53d6c614ef431e
FRVIAE12346372292,FRVIA1b4c8df3140c49899a53d6c614ef431e
FRVIAE12346372291,FRVIA1b4c8df3140c49899a53d6c614ef431e
FRVIAE20122058052,FRVIA1b4c8df3140c49899a53d6c614ef431e
FRVIAE20122058051,FRVIA1b4c8df3140c49899a53d6c614ef431e
FRVIAE20142089012,FRVIA64cfd72818304ee28d3a875aef64d31b
FRVIAE20142089011,FRVIA64cfd72818304ee28d3a875aef64d31b
FRVIAE10001180902,FRVIA87b962cf-5c99-4812-8f03-16f2047aba80
FRVIAE10001180901,FRVIA87b962cf-5c99-4812-8f03-16f2047aba80
FRVIAE12345724842,FRVIA1b4c8df3140c49899a53d6c614ef431e
FRVIAE12345724841,FRVIA1b4c8df3140c49899a53d6c614ef431e
FRVIAE12346281512,FRVIA1b4c8df3140c49899a53d6c614ef431e
FRVIAE12346281511,FRVIA1b4c8df3140c49899a53d6c614ef431e
FRVIAE20122092052,FRVIA1b4c8df3140c49899a53d6c614ef431e
FRVIAE20122092051,FRVIA1b4c8df3140c49899a53d6c614ef431e
FRVIAE10001444612,FRVIA1b4c8df3140c49899a53d6c614ef431e
FRVIAE10001444611,FRVIA1b4c8df3140c49899a53d6c614ef431e
FRVIAE12346329072,FRVIA1b4c8df3140c49899a53d6c614ef431e
FRVIAE12346329071,FRVIA1b4c8df3140c49899a53d6c614ef431e
FRVIAE20164006032,FRVIA5ac8fc13-69bd-4238-91fc-00d74021df49
FRVIAE20164006031,FRVIA5ac8fc13-69bd-4238-91fc-00d74021df49
FRVIAE12346100412,FRVIA1b4c8df3140c49899a53d6c614ef431e
FRVIAE12346100411,FRVIA1b4c8df3140c49899a53d6c614ef431e
FRVIAE20142093012,FRVIA64cfd72818304ee28d3a875aef64d31b
FRVIAE20142093011,FRVIA64cfd72818304ee28d3a875aef64d31b
FRVIAE20122069062,FRVIA1b4c8df3140c49899a53d6c614ef431e
FRVIAE20122069061,FRVIA1b4c8df3140c49899a53d6c614ef431e
FRVIAE10001240782,FRVIA87b962cf-5c99-4812-8f03-16f2047aba80
FRVIAE10001240781,FRVIA87b962cf-5c99-4812-8f03-16f2047aba80
FRVIAE20125004022,FRVIA64cfd72818304ee28d3a875aef64d31b
FRVIAE20125004021,FRVIA64cfd72818304ee28d3a875aef64d31b
FRVIAE20122177052,FRVIA1b4c8df3140c49899a53d6c614ef431e
FRVIAE20122177051,FRVIA1b4c8df3140c49899a53d6c614ef431e
FRVIAE20164001052,FRVIA5ac8fc13-69bd-4238-91fc-00d74021df49
FRVIAE20164001051,FRVIA5ac8fc13-69bd-4238-91fc-00d74021df49
FRVIAE20161010132,FRVIA5ac8fc13-69bd-4238-91fc-00d74021df49
FRVIAE20161010131,FRVIA5ac8fc13-69bd-4238-91fc-00d74021df49
FRVIAE20122080052,FRVIA1b4c8df3140c49899a53d6c614ef431e
FRVIAE20122080051,FRVIA1b4c8df3140c49899a53d6c614ef431e
FRVIAE10001444802,FRVIA1b4c8df3140c49899a53d6c614ef431e
FRVIAE10001444801,FRVIA1b4c8df3140c49899a53d6c614ef431e
FRVIAE10001301122,FRVIA663d278c-7663-41ea-86aa-015b9a5dd8e4
FRVIAE10001301121,FRVIA663d278c-7663-41ea-86aa-015b9a5dd8e4
FRVIAE10001181442,FRVIA663d278c-7663-41ea-86aa-015b9a5dd8e4
FRVIAE10001181441,FRVIA663d278c-7663-41ea-86aa-015b9a5dd8e4
FRVIAE12346137262,FRVIA1b4c8df3140c49899a53d6c614ef431e
FRVIAE12346137261,FRVIA1b4c8df3140c49899a53d6c614ef431e
FRVIAE12346402252,FRVIA1b4c8df3140c49899a53d6c614ef431e
FRVIAE12346402251,FRVIA1b4c8df3140c49899a53d6c614ef431e
FRVIAE12346033532,FRVIA85ec0d43-7f2d-4e2e-828e-c173e0afe657
FRVIAE12346033531,FRVIA85ec0d43-7f2d-4e2e-828e-c173e0afe657
FRVIAE12346235782,FRVIA1b4c8df3140c49899a53d6c614ef431e
FRVIAE12346235781,FRVIA1b4c8df3140c49899a53d6c614ef431e
FRVIAE20122025082,FRVIA1b4c8df3140c49899a53d6c614ef431e
FRVIAE20122025081,FRVIA1b4c8df3140c49899a53d6c614ef431e
FRVIAE20125003012,FRVIA64cfd72818304ee28d3a875aef64d31b
FRVIAE20125003011,FRVIA64cfd72818304ee28d3a875aef64d31b
FRVIAE20164012072,FRVIA7d814e34-8d08-4c97-82ce-5e3887f2aaaf
FRVIAE20164012071,FRVIA7d814e34-8d08-4c97-82ce-5e3887f2aaaf
FRVIAE20161009042,FRVIAfa6213d8-d5b6-4194-9c4e-3d089601e0b6
FRVIAE20161009041,FRVIAfa6213d8-d5b6-4194-9c4e-3d089601e0b6
FRVIAE10001480212,FRVIA0f286212-cb69-4cd7-abda-c0368a02ccbf
FRVIAE10001480211,FRVIA0f286212-cb69-4cd7-abda-c0368a02ccbf
FRVIAE20122060052,FRVIA1b4c8df3140c49899a53d6c614ef431e
FRVIAE20122060051,FRVIA1b4c8df3140c49899a53d6c614ef431e
FRVIAE20122088062,FRVIA1b4c8df3140c49899a53d6c614ef431e
FRVIAE20122088061,FRVIA1b4c8df3140c49899a53d6c614ef431e
FRVIAE20122062062,FRVIA1b4c8df3140c49899a53d6c614ef431e
FRVIAE20122062061,FRVIA1b4c8df3140c49899a53d6c614ef431e
FRVIAE10001229622,FRVIA87b962cf-5c99-4812-8f03-16f2047aba80
FRVIAE10001229621,FRVIA87b962cf-5c99-4812-8f03-16f2047aba80
FRVIAE10001181462,FRVIA663d278c-7663-41ea-86aa-015b9a5dd8e4
FRVIAE10001181461,FRVIA663d278c-7663-41ea-86aa-015b9a5dd8e4
FRVIAE20142030013,FRVIA1b4c8df3140c49899a53d6c614ef431e
FRVIAE20142030012,FRVIA1b4c8df3140c49899a53d6c614ef431e
FRVIAE20142030011,FRVIA1b4c8df3140c49899a53d6c614ef431e
FRVIAE20142142012,FRVIA1b4c8df3140c49899a53d6c614ef431e
FRVIAE20142142011,FRVIA1b4c8df3140c49899a53d6c614ef431e
FRVIAE20161002042,FRVIA5ac8fc13-69bd-4238-91fc-00d74021df49
FRVIAE20161002041,FRVIA5ac8fc13-69bd-4238-91fc-00d74021df49
FRVIAE20164007012,FRVIAfa6213d8-d5b6-4194-9c4e-3d089601e0b6
FRVIAE20164007011,FRVIAfa6213d8-d5b6-4194-9c4e-3d089601e0b6
FRVIAE10001453312,FRVIAd57690eb-0476-4bdf-862a-4fd2da26302f
FRVIAE10001453311,FRVIAd57690eb-0476-4bdf-862a-4fd2da26302f
FRVIAE20142107012,FRVIA64cfd72818304ee28d3a875aef64d31b
FRVIAE20142107011,FRVIA64cfd72818304ee28d3a875aef64d31b
FRVIAE20142037013,FRVIA1b4c8df3140c49899a53d6c614ef431e
FRVIAE20142037012,FRVIA64cfd72818304ee28d3a875aef64d31b
FRVIAE20142037011,FRVIA64cfd72818304ee28d3a875aef64d31b
FRVIAE20142068013,FRVIA1b4c8df3140c49899a53d6c614ef431e
FRVIAE20142068012,FRVIA64cfd72818304ee28d3a875aef64d31b
FRVIAE20142068011,FRVIA64cfd72818304ee28d3a875aef64d31b
FRVIAE10001169833,FRVIA84ba7e49-a9d1-41d9-85f4-d72d875ec724
FRVIAE10001169832,FRVIA84ba7e49-a9d1-41d9-85f4-d72d875ec724
FRVIAE10001169831,FRVIA84ba7e49-a9d1-41d9-85f4-d72d875ec724
FRVIAE20142065013,FRVIA1b4c8df3140c49899a53d6c614ef431e
FRVIAE20142065012,FRVIA64cfd72818304ee28d3a875aef64d31b
FRVIAE20142065011,FRVIA64cfd72818304ee28d3a875aef64d31b
FRVIAE12345703813,FRVIA0f286212-cb69-4cd7-abda-c0368a02ccbf
FRVIAE12345703812,FRVIA0f286212-cb69-4cd7-abda-c0368a02ccbf
FRVIAE12345703811,FRVIA0f286212-cb69-4cd7-abda-c0368a02ccbf
FRVIAE10001218572,FRVIA64cfd72818304ee28d3a875aef64d31b
FRVIAE10001218571,FRVIA64cfd72818304ee28d3a875aef64d31b
FRVIAE10001169633,FRVIA84ba7e49-a9d1-41d9-85f4-d72d875ec724
FRVIAE10001169632,FRVIA84ba7e49-a9d1-41d9-85f4-d72d875ec724
FRVIAE10001169631,FRVIA84ba7e49-a9d1-41d9-85f4-d72d875ec724
FRVIAE10001169723,FRVIA84ba7e49-a9d1-41d9-85f4-d72d875ec724
FRVIAE10001169722,FRVIA84ba7e49-a9d1-41d9-85f4-d72d875ec724
FRVIAE10001169721,FRVIA84ba7e49-a9d1-41d9-85f4-d72d875ec724
FRVIAE10001456393,FRVIA0f286212-cb69-4cd7-abda-c0368a02ccbf
FRVIAE10001456392,FRVIA0f286212-cb69-4cd7-abda-c0368a02ccbf
FRVIAE10001456391,FRVIA0f286212-cb69-4cd7-abda-c0368a02ccbf
FRVIAE10001169783,FRVIA84ba7e49-a9d1-41d9-85f4-d72d875ec724
FRVIAE10001169782,FRVIA84ba7e49-a9d1-41d9-85f4-d72d875ec724
FRVIAE10001169781,FRVIA84ba7e49-a9d1-41d9-85f4-d72d875ec724
FRVIAE10001181382,FRVIA663d278c-7663-41ea-86aa-015b9a5dd8e4
FRVIAE10001181381,FRVIA663d278c-7663-41ea-86aa-015b9a5dd8e4
FRVIAE10001169873,FRVIA64cfd72818304ee28d3a875aef64d31b
FRVIAE10001169872,FRVIA64cfd72818304ee28d3a875aef64d31b
FRVIAE10001169871,FRVIA64cfd72818304ee28d3a875aef64d31b
FRVIAE10001169563,FRVIA84ba7e49-a9d1-41d9-85f4-d72d875ec724
FRVIAE10001169562,FRVIA84ba7e49-a9d1-41d9-85f4-d72d875ec724
FRVIAE10001169561,FRVIA84ba7e49-a9d1-41d9-85f4-d72d875ec724
FRVIAE10001301093,FRVIA84ba7e49-a9d1-41d9-85f4-d72d875ec724
FRVIAE10001301092,FRVIA84ba7e49-a9d1-41d9-85f4-d72d875ec724
FRVIAE10001301091,FRVIA84ba7e49-a9d1-41d9-85f4-d72d875ec724
FRVIAE10001475733,FRVIA63b9a2fb-f35c-4dfb-bf27-4a42039521dd
FRVIAE10001475732,FRVIA7e5797d5-0da9-4ea1-beb7-9e3d0fa7e71f
FRVIAE10001475731,FRVIA7e5797d5-0da9-4ea1-beb7-9e3d0fa7e71f
FRVIAE20142040013,FRVIA1b4c8df3140c49899a53d6c614ef431e
FRVIAE20142040012,FRVIA1b4c8df3140c49899a53d6c614ef431e
FRVIAE20142040011,FRVIA1b4c8df3140c49899a53d6c614ef431e
FRVIAE12346063533,FRVIA0f286212-cb69-4cd7-abda-c0368a02ccbf
FRVIAE12346063532,FRVIA0f286212-cb69-4cd7-abda-c0368a02ccbf
FRVIAE12346063531,FRVIA0f286212-cb69-4cd7-abda-c0368a02ccbf
FRVIAE10001170113,FRVIA84ba7e49-a9d1-41d9-85f4-d72d875ec724
FRVIAE10001170112,FRVIA84ba7e49-a9d1-41d9-85f4-d72d875ec724
FRVIAE10001170111,FRVIA84ba7e49-a9d1-41d9-85f4-d72d875ec724
FRVIAE10001170143,FRVIA84ba7e49-a9d1-41d9-85f4-d72d875ec724
FRVIAE10001170142,FRVIA84ba7e49-a9d1-41d9-85f4-d72d875ec724
FRVIAE10001170141,FRVIA84ba7e49-a9d1-41d9-85f4-d72d875ec724
FRVIAE10001170073,FRVIA48b30eb5-5751-41d6-aeb6-80e1ecd57409
FRVIAE10001170072,FRVIA48b30eb5-5751-41d6-aeb6-80e1ecd57409
FRVIAE10001170071,FRVIA48b30eb5-5751-41d6-aeb6-80e1ecd57409
FRVIAE10001169733,FRVIA84ba7e49-a9d1-41d9-85f4-d72d875ec724
FRVIAE10001169732,FRVIA84ba7e49-a9d1-41d9-85f4-d72d875ec724
FRVIAE10001169731,FRVIA84ba7e49-a9d1-41d9-85f4-d72d875ec724
FRVIAE10001390463,FRVIAf7ca5dfe-173b-4b98-86ba-db712a2e6118
FRVIAE10001390462,FRVIAf7ca5dfe-173b-4b98-86ba-db712a2e6118
FRVIAE10001390461,FRVIAf7ca5dfe-173b-4b98-86ba-db712a2e6118
FRVIAE10001456383,FRVIA0f286212-cb69-4cd7-abda-c0368a02ccbf
FRVIAE10001456382,FRVIA0f286212-cb69-4cd7-abda-c0368a02ccbf
FRVIAE10001456381,FRVIA0f286212-cb69-4cd7-abda-c0368a02ccbf
FRVIAE12346029842,FRVIA1b4c8df3140c49899a53d6c614ef431e
FRVIAE12346029841,FRVIA1b4c8df3140c49899a53d6c614ef431e
FRVIAE20122077052,FRVIA1b4c8df3140c49899a53d6c614ef431e
FRVIAE20122077051,FRVIA1b4c8df3140c49899a53d6c614ef431e
FRVIAE20123014012,FRVIAe9a95d1a-7f0c-49b8-a860-4f450bce162c
FRVIAE20123014011,FRVIAe9a95d1a-7f0c-49b8-a860-4f450bce162c
FRVIAE12345951858,FRVIA1b4c8df3140c49899a53d6c614ef431e
FRVIAE12345951857,FRVIA1b4c8df3140c49899a53d6c614ef431e
FRVIAE12345951856,FRVIA1b4c8df3140c49899a53d6c614ef431e
FRVIAE12345951855,FRVIA1b4c8df3140c49899a53d6c614ef431e
FRVIAE12345951854,FRVIA1b4c8df3140c49899a53d6c614ef431e
FRVIAE12345951853,FRVIA1b4c8df3140c49899a53d6c614ef431e
FRVIAE12345951852,FRVIA1b4c8df3140c49899a53d6c614ef431e
FRVIAE12345951851,FRVIA1b4c8df3140c49899a53d6c614ef431e
FRVIAE10001181152,FRVIA663d278c-7663-41ea-86aa-015b9a5dd8e4
FRVIAE10001181151,FRVIA663d278c-7663-41ea-86aa-015b9a5dd8e4
FRVIAE20142109012,FRVIA64cfd72818304ee28d3a875aef64d31b
FRVIAE20142109011,FRVIA64cfd72818304ee28d3a875aef64d31b
FRVIAE20122091052,FRVIA1b4c8df3140c49899a53d6c614ef431e
FRVIAE20122091051,FRVIA1b4c8df3140c49899a53d6c614ef431e
FRVIAE12346057082,FRVIA1b4c8df3140c49899a53d6c614ef431e
FRVIAE12346057081,FRVIA1b4c8df3140c49899a53d6c614ef431e
FRVIAE20101103092,FRVIA87b962cf-5c99-4812-8f03-16f2047aba80
FRVIAE20101103091,FRVIA87b962cf-5c99-4812-8f03-16f2047aba80
FRVIAE12346374592,FRVIA1b4c8df3140c49899a53d6c614ef431e
FRVIAE12346374591,FRVIA1b4c8df3140c49899a53d6c614ef431e
FRVIAE10001231232,FRVIA663d278c-7663-41ea-86aa-015b9a5dd8e4
FRVIAE10001231231,FRVIA663d278c-7663-41ea-86aa-015b9a5dd8e4
FRVIAE10001444852,FRVIA1b4c8df3140c49899a53d6c614ef431e
FRVIAE10001444851,FRVIA1b4c8df3140c49899a53d6c614ef431e
FRVIAE10001345082,FRVIA87b962cf-5c99-4812-8f03-16f2047aba80
FRVIAE10001345081,FRVIA87b962cf-5c99-4812-8f03-16f2047aba80
FRVIAE12346328742,FRVIA1b4c8df3140c49899a53d6c614ef431e
FRVIAE12346328741,FRVIA1b4c8df3140c49899a53d6c614ef431e
FRVIAE20122098052,FRVIA1b4c8df3140c49899a53d6c614ef431e
FRVIAE20122098051,FRVIA1b4c8df3140c49899a53d6c614ef431e
FRVIAE20122181052,FRVIA1b4c8df3140c49899a53d6c614ef431e
FRVIAE20122181051,FRVIA1b4c8df3140c49899a53d6c614ef431e
FRVIAE20161005072,FRVIA5ac8fc13-69bd-4238-91fc-00d74021df49
FRVIAE20161005071,FRVIA5ac8fc13-69bd-4238-91fc-00d74021df49
FRVIAE20122089052,FRVIA1b4c8df3140c49899a53d6c614ef431e
FRVIAE20122089051,FRVIA1b4c8df3140c49899a53d6c614ef431e
FRVIAE10001181072,FRVIA87b962cf-5c99-4812-8f03-16f2047aba80
FRVIAE10001181071,FRVIA87b962cf-5c99-4812-8f03-16f2047aba80
FRVIAE10001232112,FRVIA87b962cf-5c99-4812-8f03-16f2047aba80
FRVIAE10001232111,FRVIA87b962cf-5c99-4812-8f03-16f2047aba80
FRVIAE10001275982,FRVIA663d278c-7663-41ea-86aa-015b9a5dd8e4
FRVIAE10001275981,FRVIA663d278c-7663-41ea-86aa-015b9a5dd8e4
FRVIAE20122239072,FRVIA1b4c8df3140c49899a53d6c614ef431e
FRVIAE20122239071,FRVIA1b4c8df3140c49899a53d6c614ef431e
FRVIAE20124001012,FRVIA64cfd72818304ee28d3a875aef64d31b
FRVIAE20124001011,FRVIA64cfd72818304ee28d3a875aef64d31b
FRVIAE10001230852,FRVIA87b962cf-5c99-4812-8f03-16f2047aba80
FRVIAE10001230851,FRVIA87b962cf-5c99-4812-8f03-16f2047aba80
FRVIAE20122063102,FRVIA1b4c8df3140c49899a53d6c614ef431e
FRVIAE20122063101,FRVIA1b4c8df3140c49899a53d6c614ef431e
FRVIAE10001231762,FRVIA663d278c-7663-41ea-86aa-015b9a5dd8e4
FRVIAE10001231761,FRVIA663d278c-7663-41ea-86aa-015b9a5dd8e4
FRVIAE20122072052,FRVIA1b4c8df3140c49899a53d6c614ef431e
FRVIAE20122072051,FRVIA1b4c8df3140c49899a53d6c614ef431e
FRVIAE20102002012,FRVIA663d278c-7663-41ea-86aa-015b9a5dd8e4
FRVIAE20102002011,FRVIA663d278c-7663-41ea-86aa-015b9a5dd8e4
FRVIAE12346339082,FRVIA1b4c8df3140c49899a53d6c614ef431e
FRVIAE12346339081,FRVIA1b4c8df3140c49899a53d6c614ef431e
FRVIAE10001333372,FRVIA87b962cf-5c99-4812-8f03-16f2047aba80
FRVIAE10001333371,FRVIA87b962cf-5c99-4812-8f03-16f2047aba80
FRVIAE10001180872,FRVIA87b962cf-5c99-4812-8f03-16f2047aba80
FRVIAE10001180871,FRVIA87b962cf-5c99-4812-8f03-16f2047aba80
FRVIAE10001225522,FRVIA663d278c-7663-41ea-86aa-015b9a5dd8e4
FRVIAE10001225521,FRVIA663d278c-7663-41ea-86aa-015b9a5dd8e4
FRVIAE20122087052,FRVIA1b4c8df3140c49899a53d6c614ef431e
FRVIAE20122087051,FRVIA1b4c8df3140c49899a53d6c614ef431e
FRVIAE20161001032,FRVIAfa6213d8-d5b6-4194-9c4e-3d089601e0b6
FRVIAE20161001031,FRVIAfa6213d8-d5b6-4194-9c4e-3d089601e0b6
FRVIAE20161004092,FRVIA5ac8fc13-69bd-4238-91fc-00d74021df49
FRVIAE20161004091,FRVIA5ac8fc13-69bd-4238-91fc-00d74021df49
FRVIAE10001393742,FRVIA63b9a2fb-f35c-4dfb-bf27-4a42039521dd
FRVIAE10001393741,FRVIA63b9a2fb-f35c-4dfb-bf27-4a42039521dd
FRVIAE12345727972,FRVIA1b4c8df3140c49899a53d6c614ef431e
FRVIAE12345727971,FRVIA1b4c8df3140c49899a53d6c614ef431e
FRVIAE10001170163,FRVIA84ba7e49-a9d1-41d9-85f4-d72d875ec724
FRVIAE10001170162,FRVIA84ba7e49-a9d1-41d9-85f4-d72d875ec724
FRVIAE10001170161,FRVIA84ba7e49-a9d1-41d9-85f4-d72d875ec724
FRVIAE10001231022,FRVIA87b962cf-5c99-4812-8f03-16f2047aba80
FRVIAE10001231021,FRVIA87b962cf-5c99-4812-8f03-16f2047aba80
FRVIAE20111101012,FRVIA64cfd72818304ee28d3a875aef64d31b
FRVIAE20111101011,FRVIA64cfd72818304ee28d3a875aef64d31b
FRVIAE10001231992,FRVIA87b962cf-5c99-4812-8f03-16f2047aba80
FRVIAE10001231991,FRVIA87b962cf-5c99-4812-8f03-16f2047aba80
FRVIAE20122082072,FRVIA1b4c8df3140c49899a53d6c614ef431e
FRVIAE20122082071,FRVIA1b4c8df3140c49899a53d6c614ef431e
FRVIAE20152003032,FRVIA0b46268150cf4976ad848e9cfbe14c78
FRVIAE20152003031,FRVIA0b46268150cf4976ad848e9cfbe14c78
FRVIAE10001444742,FRVIA1b4c8df3140c49899a53d6c614ef431e
FRVIAE10001444741,FRVIA1b4c8df3140c49899a53d6c614ef431e
FRVIAE20103001042,FRVIA84ba7e49-a9d1-41d9-85f4-d72d875ec724
FRVIAE20103001041,FRVIA84ba7e49-a9d1-41d9-85f4-d72d875ec724
FRVIAE10001231122,FRVIA87b962cf-5c99-4812-8f03-16f2047aba80
FRVIAE10001231121,FRVIA87b962cf-5c99-4812-8f03-16f2047aba80
FRVIAE20122070052,FRVIA1b4c8df3140c49899a53d6c614ef431e
FRVIAE20122070051,FRVIA1b4c8df3140c49899a53d6c614ef431e
FRVIAE10001231852,FRVIA663d278c-7663-41ea-86aa-015b9a5dd8e4
FRVIAE10001231851,FRVIA663d278c-7663-41ea-86aa-015b9a5dd8e4
FRVIAE20122101032,FRVIA1b4c8df3140c49899a53d6c614ef431e
FRVIAE20122101031,FRVIA1b4c8df3140c49899a53d6c614ef431e
FRVIAE20131003042,FRVIA64cfd72818304ee28d3a875aef64d31b
FRVIAE20131003041,FRVIA64cfd72818304ee28d3a875aef64d31b
FRVIAE20164002022,FRVIA5ac8fc13-69bd-4238-91fc-00d74021df49
FRVIAE20164002021,FRVIA5ac8fc13-69bd-4238-91fc-00d74021df49
FRVIAE12346355122,FRVIA1b4c8df3140c49899a53d6c614ef431e
FRVIAE12346355121,FRVIA1b4c8df3140c49899a53d6c614ef431e
FRVIAE12345703902,FRVIA63b9a2fb-f35c-4dfb-bf27-4a42039521dd
FRVIAE12345703901,FRVIA63b9a2fb-f35c-4dfb-bf27-4a42039521dd
FRVIAE12346030372,FRVIA64cfd72818304ee28d3a875aef64d31b
FRVIAE12346030371,FRVIA64cfd72818304ee28d3a875aef64d31b
FRVIAE20122064072,FRVIA1b4c8df3140c49899a53d6c614ef431e
FRVIAE20122064071,FRVIA1b4c8df3140c49899a53d6c614ef431e
FRVIAE12346298542,FRVIA1b4c8df3140c49899a53d6c614ef431e
FRVIAE12346298541,FRVIA1b4c8df3140c49899a53d6c614ef431e
FRVIAE20122076052,FRVIA1b4c8df3140c49899a53d6c614ef431e
FRVIAE20122076051,FRVIA1b4c8df3140c49899a53d6c614ef431e
FRVIAE20103002012,FRVIA84ba7e49-a9d1-41d9-85f4-d72d875ec724
FRVIAE20103002011,FRVIA84ba7e49-a9d1-41d9-85f4-d72d875ec724
FRVIAE10001181352,FRVIA663d278c-7663-41ea-86aa-015b9a5dd8e4
FRVIAE10001181351,FRVIA663d278c-7663-41ea-86aa-015b9a5dd8e4
FRVIAE12346141572,FRVIA1b4c8df3140c49899a53d6c614ef431e
FRVIAE12346141571,FRVIA1b4c8df3140c49899a53d6c614ef431e
FRVIAE10001276072,FRVIA663d278c-7663-41ea-86aa-015b9a5dd8e4
FRVIAE10001276071,FRVIA663d278c-7663-41ea-86aa-015b9a5dd8e4
FRVIAE10001231172,FRVIA87b962cf-5c99-4812-8f03-16f2047aba80
FRVIAE10001231171,FRVIA87b962cf-5c99-4812-8f03-16f2047aba80
FRVIAE12346378902,FRVIA1b4c8df3140c49899a53d6c614ef431e
FRVIAE12346378901,FRVIA1b4c8df3140c49899a53d6c614ef431e
FRVIAE20122168042,FRVIA7e5797d5-0da9-4ea1-beb7-9e3d0fa7e71f
FRVIAE20122168041,FRVIA7e5797d5-0da9-4ea1-beb7-9e3d0fa7e71f
FRVIAE20125001012,FRVIA64cfd72818304ee28d3a875aef64d31b
FRVIAE20125001011,FRVIA64cfd72818304ee28d3a875aef64d31b
FRVIAE20161003032,FRVIA5ac8fc13-69bd-4238-91fc-00d74021df49
FRVIAE20161003031,FRVIA5ac8fc13-69bd-4238-91fc-00d74021df49
FRVIAE20164004012,FRVIAfa6213d8-d5b6-4194-9c4e-3d089601e0b6
FRVIAE20164004011,FRVIAfa6213d8-d5b6-4194-9c4e-3d089601e0b6
FRVIAE12346030062,FRVIA7e5797d5-0da9-4ea1-beb7-9e3d0fa7e71f
FRVIAE12346030061,FRVIA7e5797d5-0da9-4ea1-beb7-9e3d0fa7e71f
FRVIAE12346219712,FRVIA63b9a2fb-f35c-4dfb-bf27-4a42039521dd
FRVIAE12346219711,FRVIA63b9a2fb-f35c-4dfb-bf27-4a42039521dd
FRVIAE10001444672,FRVIA1b4c8df3140c49899a53d6c614ef431e
FRVIAE10001444671,FRVIA1b4c8df3140c49899a53d6c614ef431e
FRVIAE10000988222,FRVIA0b46268150cf4976ad848e9cfbe14c78
FRVIAE10000988221,FRVIA0b46268150cf4976ad848e9cfbe14c78
FRVIAE10001181022,FRVIA87b962cf-5c99-4812-8f03-16f2047aba80
FRVIAE10001181021,FRVIA87b962cf-5c99-4812-8f03-16f2047aba80
FRVIAE10001453142,FRVIA63b9a2fb-f35c-4dfb-bf27-4a42039521dd
FRVIAE10001453141,FRVIA63b9a2fb-f35c-4dfb-bf27-4a42039521dd
FRVIAE12346216492,FRVIA1b4c8df3140c49899a53d6c614ef431e
FRVIAE12346216491,FRVIA1b4c8df3140c49899a53d6c614ef431e
FRVIAE12346030742,FRVIA7e5797d5-0da9-4ea1-beb7-9e3d0fa7e71f
FRVIAE12346030741,FRVIA7e5797d5-0da9-4ea1-beb7-9e3d0fa7e71f
FRVIAE20101104092,FRVIA87b962cf-5c99-4812-8f03-16f2047aba80
FRVIAE20101104091,FRVIA87b962cf-5c99-4812-8f03-16f2047aba80
FRVIAE12346431462,FRVIA0b46268150cf4976ad848e9cfbe14c78
FRVIAE12346431461,FRVIA0b46268150cf4976ad848e9cfbe14c78
FRVIAE12346373612,FRVIA1b4c8df3140c49899a53d6c614ef431e
FRVIAE12346373611,FRVIA1b4c8df3140c49899a53d6c614ef431e
FRVIAE12346225092,FRVIA1b4c8df3140c49899a53d6c614ef431e
FRVIAE12346225091,FRVIA1b4c8df3140c49899a53d6c614ef431e
FRVIAE20122084042,FRVIA7e5797d5-0da9-4ea1-beb7-9e3d0fa7e71f
FRVIAE20122084041,FRVIA7e5797d5-0da9-4ea1-beb7-9e3d0fa7e71f
FRVIAE12346431042,FRVIA1b4c8df3140c49899a53d6c614ef431e
FRVIAE12346431041,FRVIA1b4c8df3140c49899a53d6c614ef431e
FRVIAE20122071052,FRVIA1b4c8df3140c49899a53d6c614ef431e
FRVIAE20122071051,FRVIA1b4c8df3140c49899a53d6c614ef431e
FRVIAE20122097052,FRVIA1b4c8df3140c49899a53d6c614ef431e
FRVIAE20122097051,FRVIA1b4c8df3140c49899a53d6c614ef431e
FRVIAE12346402302,FRVIA1b4c8df3140c49899a53d6c614ef431e
FRVIAE12346402301,FRVIA1b4c8df3140c49899a53d6c614ef431e
FRVIAE12346030612,FRVIA7e5797d5-0da9-4ea1-beb7-9e3d0fa7e71f
FRVIAE12346030611,FRVIA7e5797d5-0da9-4ea1-beb7-9e3d0fa7e71f
FRVIAE20122058042,FRVIA64cfd72818304ee28d3a875aef64d31b
FRVIAE20122058041,FRVIA64cfd72818304ee28d3a875aef64d31b
FRVIAE10001180892,FRVIA87b962cf-5c99-4812-8f03-16f2047aba80
FRVIAE10001180891,FRVIA87b962cf-5c99-4812-8f03-16f2047aba80
FRVIAE12345724822,FRVIA1b4c8df3140c49899a53d6c614ef431e
FRVIAE12345724821,FRVIA1b4c8df3140c49899a53d6c614ef431e
FRVIAE12346281502,FRVIA1b4c8df3140c49899a53d6c614ef431e
FRVIAE12346281501,FRVIA1b4c8df3140c49899a53d6c614ef431e
FRVIAE20122092042,FRVIA7e5797d5-0da9-4ea1-beb7-9e3d0fa7e71f
FRVIAE20122092041,FRVIA7e5797d5-0da9-4ea1-beb7-9e3d0fa7e71f
FRVIAE10001444602,FRVIA1b4c8df3140c49899a53d6c614ef431e
FRVIAE10001444601,FRVIA1b4c8df3140c49899a53d6c614ef431e
FRVIAE12346329052,FRVIA1b4c8df3140c49899a53d6c614ef431e
FRVIAE12346329051,FRVIA1b4c8df3140c49899a53d6c614ef431e
FRVIAE20164006022,FRVIAfa6213d8-d5b6-4194-9c4e-3d089601e0b6
FRVIAE20164006021,FRVIAfa6213d8-d5b6-4194-9c4e-3d089601e0b6
FRVIAE12346100402,FRVIA1b4c8df3140c49899a53d6c614ef431e
FRVIAE12346100401,FRVIA1b4c8df3140c49899a53d6c614ef431e
FRVIAE20122069052,FRVIA1b4c8df3140c49899a53d6c614ef431e
FRVIAE20122069051,FRVIA1b4c8df3140c49899a53d6c614ef431e
FRVIAE10001240772,FRVIA87b962cf-5c99-4812-8f03-16f2047aba80
FRVIAE10001240771,FRVIA87b962cf-5c99-4812-8f03-16f2047aba80
FRVIAE20125004012,FRVIA64cfd72818304ee28d3a875aef64d31b
FRVIAE20125004011,FRVIA64cfd72818304ee28d3a875aef64d31b
FRVIAE20122177042,FRVIA7e5797d5-0da9-4ea1-beb7-9e3d0fa7e71f
FRVIAE20122177041,FRVIA7e5797d5-0da9-4ea1-beb7-9e3d0fa7e71f
FRVIAE20164001042,FRVIAfa6213d8-d5b6-4194-9c4e-3d089601e0b6
FRVIAE20164001041,FRVIAfa6213d8-d5b6-4194-9c4e-3d089601e0b6
FRVIAE20161010122,FRVIA5ac8fc13-69bd-4238-91fc-00d74021df49
FRVIAE20161010121,FRVIA5ac8fc13-69bd-4238-91fc-00d74021df49
FRVIAE20122080042,FRVIA64cfd72818304ee28d3a875aef64d31b
FRVIAE20122080041,FRVIA64cfd72818304ee28d3a875aef64d31b
FRVIAE10001444792,FRVIA1b4c8df3140c49899a53d6c614ef431e
FRVIAE10001444791,FRVIA1b4c8df3140c49899a53d6c614ef431e
FRVIAE10001301112,FRVIA663d278c-7663-41ea-86aa-015b9a5dd8e4
FRVIAE10001301111,FRVIA663d278c-7663-41ea-86aa-015b9a5dd8e4
FRVIAE10001181432,FRVIA663d278c-7663-41ea-86aa-015b9a5dd8e4
FRVIAE10001181431,FRVIA663d278c-7663-41ea-86aa-015b9a5dd8e4
FRVIAE12346116922,FRVIA7e5797d5-0da9-4ea1-beb7-9e3d0fa7e71f
FRVIAE12346116921,FRVIA7e5797d5-0da9-4ea1-beb7-9e3d0fa7e71f
FRVIAE12346402242,FRVIA1b4c8df3140c49899a53d6c614ef431e
FRVIAE12346402241,FRVIA1b4c8df3140c49899a53d6c614ef431e
FRVIAE12346033512,FRVIA63b9a2fb-f35c-4dfb-bf27-4a42039521dd
FRVIAE12346033511,FRVIA63b9a2fb-f35c-4dfb-bf27-4a42039521dd
FRVIAE12346031402,FRVIA7e5797d5-0da9-4ea1-beb7-9e3d0fa7e71f
FRVIAE12346031401,FRVIA7e5797d5-0da9-4ea1-beb7-9e3d0fa7e71f
FRVIAE20122025072,FRVIA1b4c8df3140c49899a53d6c614ef431e
FRVIAE20122025071,FRVIA1b4c8df3140c49899a53d6c614ef431e
FRVIAE20164012062,FRVIAfa6213d8-d5b6-4194-9c4e-3d089601e0b6
FRVIAE20164012061,FRVIAfa6213d8-d5b6-4194-9c4e-3d089601e0b6
FRVIAE20161009032,FRVIAfa6213d8-d5b6-4194-9c4e-3d089601e0b6
FRVIAE20161009031,FRVIAfa6213d8-d5b6-4194-9c4e-3d089601e0b6
FRVIAE10001454052,FRVIA63b9a2fb-f35c-4dfb-bf27-4a42039521dd
FRVIAE10001454051,FRVIA63b9a2fb-f35c-4dfb-bf27-4a42039521dd
FRVIAE20122060042,FRVIA1b4c8df3140c49899a53d6c614ef431e
FRVIAE20122060041,FRVIA1b4c8df3140c49899a53d6c614ef431e
FRVIAE20122088052,FRVIA1b4c8df3140c49899a53d6c614ef431e
FRVIAE20122088051,FRVIA1b4c8df3140c49899a53d6c614ef431e
FRVIAE20122062052,FRVIA1b4c8df3140c49899a53d6c614ef431e
FRVIAE20122062051,FRVIA1b4c8df3140c49899a53d6c614ef431e
FRVIAE10001229612,FRVIA87b962cf-5c99-4812-8f03-16f2047aba80
FRVIAE10001229611,FRVIA87b962cf-5c99-4812-8f03-16f2047aba80
FRVIAE10001181422,FRVIA663d278c-7663-41ea-86aa-015b9a5dd8e4
FRVIAE10001181421,FRVIA663d278c-7663-41ea-86aa-015b9a5dd8e4
FRVIAE20161002032,FRVIA5ac8fc13-69bd-4238-91fc-00d74021df49
FRVIAE20161002031,FRVIA5ac8fc13-69bd-4238-91fc-00d74021df49
FRVIAE10001453222,FRVIAd57690eb-0476-4bdf-862a-4fd2da26302f
FRVIAE10001453221,FRVIAd57690eb-0476-4bdf-862a-4fd2da26302f
FRVIAE10001181372,FRVIA663d278c-7663-41ea-86aa-015b9a5dd8e4
FRVIAE10001181371,FRVIA663d278c-7663-41ea-86aa-015b9a5dd8e4
FRVIAE12346063553,FRVIA0f286212-cb69-4cd7-abda-c0368a02ccbf
FRVIAE12346063552,FRVIA0f286212-cb69-4cd7-abda-c0368a02ccbf
FRVIAE12346063551,FRVIA0f286212-cb69-4cd7-abda-c0368a02ccbf
FRVIAE12346219633,FRVIA0f286212-cb69-4cd7-abda-c0368a02ccbf
FRVIAE12346219632,FRVIA0f286212-cb69-4cd7-abda-c0368a02ccbf
FRVIAE12346219631,FRVIA0f286212-cb69-4cd7-abda-c0368a02ccbf
FRVIAE12346029832,FRVIA1b4c8df3140c49899a53d6c614ef431e
FRVIAE12346029831,FRVIA1b4c8df3140c49899a53d6c614ef431e
FRVIAE20122077042,FRVIA7e5797d5-0da9-4ea1-beb7-9e3d0fa7e71f
FRVIAE20122077041,FRVIA7e5797d5-0da9-4ea1-beb7-9e3d0fa7e71f
FRVIAE12346438456,FRVIA1b4c8df3140c49899a53d6c614ef431e
FRVIAE12346438455,FRVIA1b4c8df3140c49899a53d6c614ef431e
FRVIAE12346438454,FRVIA1b4c8df3140c49899a53d6c614ef431e
FRVIAE12346438453,FRVIA1b4c8df3140c49899a53d6c614ef431e
FRVIAE12346438452,FRVIA1b4c8df3140c49899a53d6c614ef431e
FRVIAE12346438451,FRVIA1b4c8df3140c49899a53d6c614ef431e
FRVIAE10001181142,FRVIA663d278c-7663-41ea-86aa-015b9a5dd8e4
FRVIAE10001181141,FRVIA663d278c-7663-41ea-86aa-015b9a5dd8e4
FRVIAE10001169793,FRVIA84ba7e49-a9d1-41d9-85f4-d72d875ec724
FRVIAE10001169792,FRVIA84ba7e49-a9d1-41d9-85f4-d72d875ec724
FRVIAE10001169791,FRVIA84ba7e49-a9d1-41d9-85f4-d72d875ec724
FRVIAE20122091042,FRVIA7e5797d5-0da9-4ea1-beb7-9e3d0fa7e71f
FRVIAE20122091041,FRVIA7e5797d5-0da9-4ea1-beb7-9e3d0fa7e71f
FRVIAE12346029882,FRVIA7e5797d5-0da9-4ea1-beb7-9e3d0fa7e71f
FRVIAE12346029881,FRVIA7e5797d5-0da9-4ea1-beb7-9e3d0fa7e71f
FRVIAE20101103082,FRVIA87b962cf-5c99-4812-8f03-16f2047aba80
FRVIAE20101103081,FRVIA87b962cf-5c99-4812-8f03-16f2047aba80
FRVIAE12346030952,FRVIA7e5797d5-0da9-4ea1-beb7-9e3d0fa7e71f
FRVIAE12346030951,FRVIA7e5797d5-0da9-4ea1-beb7-9e3d0fa7e71f
FRVIAE10001181312,FRVIA663d278c-7663-41ea-86aa-015b9a5dd8e4
FRVIAE10001181311,FRVIA663d278c-7663-41ea-86aa-015b9a5dd8e4
FRVIAE10001444842,FRVIA1b4c8df3140c49899a53d6c614ef431e
FRVIAE10001444841,FRVIA1b4c8df3140c49899a53d6c614ef431e
FRVIAE10001345072,FRVIA87b962cf-5c99-4812-8f03-16f2047aba80
FRVIAE10001345071,FRVIA87b962cf-5c99-4812-8f03-16f2047aba80
FRVIAE12346031292,FRVIA7e5797d5-0da9-4ea1-beb7-9e3d0fa7e71f
FRVIAE12346031291,FRVIA7e5797d5-0da9-4ea1-beb7-9e3d0fa7e71f
FRVIAE20122098042,FRVIA64cfd72818304ee28d3a875aef64d31b
FRVIAE20122098041,FRVIA64cfd72818304ee28d3a875aef64d31b
FRVIAE20122181042,FRVIA7e5797d5-0da9-4ea1-beb7-9e3d0fa7e71f
FRVIAE20122181041,FRVIA7e5797d5-0da9-4ea1-beb7-9e3d0fa7e71f
FRVIAE20161005062,FRVIA5ac8fc13-69bd-4238-91fc-00d74021df49
FRVIAE20161005061,FRVIA5ac8fc13-69bd-4238-91fc-00d74021df49
FRVIAE20122089042,FRVIA7e5797d5-0da9-4ea1-beb7-9e3d0fa7e71f
FRVIAE20122089041,FRVIA7e5797d5-0da9-4ea1-beb7-9e3d0fa7e71f
FRVIAE10001181062,FRVIA87b962cf-5c99-4812-8f03-16f2047aba80
FRVIAE10001181061,FRVIA87b962cf-5c99-4812-8f03-16f2047aba80
FRVIAE10001232102,FRVIA87b962cf-5c99-4812-8f03-16f2047aba80
FRVIAE10001232101,FRVIA87b962cf-5c99-4812-8f03-16f2047aba80
FRVIAE12345703802,FRVIA63b9a2fb-f35c-4dfb-bf27-4a42039521dd
FRVIAE12345703801,FRVIA63b9a2fb-f35c-4dfb-bf27-4a42039521dd
FRVIAE10001275972,FRVIA663d278c-7663-41ea-86aa-015b9a5dd8e4
FRVIAE10001275971,FRVIA663d278c-7663-41ea-86aa-015b9a5dd8e4
FRVIAE20122239062,FRVIA1b4c8df3140c49899a53d6c614ef431e
FRVIAE20122239061,FRVIA1b4c8df3140c49899a53d6c614ef431e
FRVIAE10001230842,FRVIA87b962cf-5c99-4812-8f03-16f2047aba80
FRVIAE10001230841,FRVIA87b962cf-5c99-4812-8f03-16f2047aba80
FRVIAE20122063092,FRVIA1b4c8df3140c49899a53d6c614ef431e
FRVIAE20122063091,FRVIA1b4c8df3140c49899a53d6c614ef431e
FRVIAE10001231752,FRVIA663d278c-7663-41ea-86aa-015b9a5dd8e4
FRVIAE10001231751,FRVIA663d278c-7663-41ea-86aa-015b9a5dd8e4
FRVIAE12345954826,FRVIA1b4c8df3140c49899a53d6c614ef431e
FRVIAE12345954825,FRVIA1b4c8df3140c49899a53d6c614ef431e
FRVIAE12345954824,FRVIA1b4c8df3140c49899a53d6c614ef431e
FRVIAE12345954823,FRVIA1b4c8df3140c49899a53d6c614ef431e
FRVIAE12345954822,FRVIA1b4c8df3140c49899a53d6c614ef431e
FRVIAE12345954821,FRVIA1b4c8df3140c49899a53d6c614ef431e
FRVIAE10001169623,FRVIA84ba7e49-a9d1-41d9-85f4-d72d875ec724
FRVIAE10001169622,FRVIA84ba7e49-a9d1-41d9-85f4-d72d875ec724
FRVIAE10001169621,FRVIA84ba7e49-a9d1-41d9-85f4-d72d875ec724
FRVIAE20122072042,FRVIA7e5797d5-0da9-4ea1-beb7-9e3d0fa7e71f
FRVIAE20122072041,FRVIA7e5797d5-0da9-4ea1-beb7-9e3d0fa7e71f
FRVIAE10001476522,FRVIA663d278c-7663-41ea-86aa-015b9a5dd8e4
FRVIAE10001476521,FRVIA663d278c-7663-41ea-86aa-015b9a5dd8e4
FRVIAE10001181263,FRVIA663d278c-7663-41ea-86aa-015b9a5dd8e4
FRVIAE12346029962,FRVIA7e5797d5-0da9-4ea1-beb7-9e3d0fa7e71f
FRVIAE12346029961,FRVIA7e5797d5-0da9-4ea1-beb7-9e3d0fa7e71f
FRVIAE10001231952,FRVIA87b962cf-5c99-4812-8f03-16f2047aba80
FRVIAE10001231951,FRVIA87b962cf-5c99-4812-8f03-16f2047aba80
FRVIAE10001180852,FRVIA87b962cf-5c99-4812-8f03-16f2047aba80
FRVIAE10001180851,FRVIA87b962cf-5c99-4812-8f03-16f2047aba80
FRVIAE10001181262,FRVIA663d278c-7663-41ea-86aa-015b9a5dd8e4
FRVIAE10001181261,FRVIA663d278c-7663-41ea-86aa-015b9a5dd8e4
FRVIAE20122087042,FRVIA7e5797d5-0da9-4ea1-beb7-9e3d0fa7e71f
FRVIAE20122087041,FRVIA7e5797d5-0da9-4ea1-beb7-9e3d0fa7e71f
FRVIAE20161001022,FRVIAfa6213d8-d5b6-4194-9c4e-3d089601e0b6
FRVIAE20161001021,FRVIAfa6213d8-d5b6-4194-9c4e-3d089601e0b6
FRVIAE20161004082,FRVIA5ac8fc13-69bd-4238-91fc-00d74021df49
FRVIAE20161004081,FRVIA5ac8fc13-69bd-4238-91fc-00d74021df49
FRVIAE10001169713,FRVIA84ba7e49-a9d1-41d9-85f4-d72d875ec724
FRVIAE10001169712,FRVIA84ba7e49-a9d1-41d9-85f4-d72d875ec724
FRVIAE10001169711,FRVIA84ba7e49-a9d1-41d9-85f4-d72d875ec724
FRVIAE10001393732,FRVIA63b9a2fb-f35c-4dfb-bf27-4a42039521dd
FRVIAE10001393731,FRVIA63b9a2fb-f35c-4dfb-bf27-4a42039521dd
FRVIAE12345727952,FRVIA1b4c8df3140c49899a53d6c614ef431e
FRVIAE12345727951,FRVIA1b4c8df3140c49899a53d6c614ef431e
FRVIAE10001231012,FRVIA87b962cf-5c99-4812-8f03-16f2047aba80
FRVIAE10001231011,FRVIA87b962cf-5c99-4812-8f03-16f2047aba80
FRVIAE10001231982,FRVIA87b962cf-5c99-4812-8f03-16f2047aba80
FRVIAE10001231981,FRVIA87b962cf-5c99-4812-8f03-16f2047aba80
FRVIAE20122082062,FRVIA1b4c8df3140c49899a53d6c614ef431e
FRVIAE20122082061,FRVIA1b4c8df3140c49899a53d6c614ef431e
FRVIAE20152003022,FRVIA0b46268150cf4976ad848e9cfbe14c78
FRVIAE20152003021,FRVIA0b46268150cf4976ad848e9cfbe14c78
FRVIAE10001453922,FRVIA63b9a2fb-f35c-4dfb-bf27-4a42039521dd
FRVIAE10001453921,FRVIA63b9a2fb-f35c-4dfb-bf27-4a42039521dd
FRVIAE10001444732,FRVIA1b4c8df3140c49899a53d6c614ef431e
FRVIAE10001444731,FRVIA1b4c8df3140c49899a53d6c614ef431e
FRVIAE20103001032,FRVIA84ba7e49-a9d1-41d9-85f4-d72d875ec724
FRVIAE20103001031,FRVIA84ba7e49-a9d1-41d9-85f4-d72d875ec724
FRVIAE12345955376,FRVIA1b4c8df3140c49899a53d6c614ef431e
FRVIAE12345955375,FRVIA1b4c8df3140c49899a53d6c614ef431e
FRVIAE12345955374,FRVIA1b4c8df3140c49899a53d6c614ef431e
FRVIAE12345955373,FRVIA1b4c8df3140c49899a53d6c614ef431e
FRVIAE12345955372,FRVIA1b4c8df3140c49899a53d6c614ef431e
FRVIAE12345955371,FRVIA1b4c8df3140c49899a53d6c614ef431e
FRVIAE10001205412,FRVIA65df1f1d-34c8-4886-a465-c0943f5e9ba2
FRVIAE10001205411,FRVIA65df1f1d-34c8-4886-a465-c0943f5e9ba2
FRVIAE10001169743,FRVIA84ba7e49-a9d1-41d9-85f4-d72d875ec724
FRVIAE10001169742,FRVIA84ba7e49-a9d1-41d9-85f4-d72d875ec724
FRVIAE10001169741,FRVIA84ba7e49-a9d1-41d9-85f4-d72d875ec724
FRVIAE20122070042,FRVIA7e5797d5-0da9-4ea1-beb7-9e3d0fa7e71f
FRVIAE20122070041,FRVIA7e5797d5-0da9-4ea1-beb7-9e3d0fa7e71f
FRVIAE10001231842,FRVIA663d278c-7663-41ea-86aa-015b9a5dd8e4
FRVIAE10001231841,FRVIA663d278c-7663-41ea-86aa-015b9a5dd8e4
FRVIAE20122101022,FRVIA64cfd72818304ee28d3a875aef64d31b
FRVIAE20122101021,FRVIA64cfd72818304ee28d3a875aef64d31b
FRVIAE20131003032,FRVIA64cfd72818304ee28d3a875aef64d31b
FRVIAE20131003031,FRVIA64cfd72818304ee28d3a875aef64d31b
FRVIAE20164002012,FRVIA7d814e34-8d08-4c97-82ce-5e3887f2aaaf
FRVIAE20164002011,FRVIA7d814e34-8d08-4c97-82ce-5e3887f2aaaf
FRVIAE12346031132,FRVIA7e5797d5-0da9-4ea1-beb7-9e3d0fa7e71f
FRVIAE12346031131,FRVIA7e5797d5-0da9-4ea1-beb7-9e3d0fa7e71f
FRVIAE12345703882,FRVIA63b9a2fb-f35c-4dfb-bf27-4a42039521dd
FRVIAE12345703881,FRVIA63b9a2fb-f35c-4dfb-bf27-4a42039521dd
FRVIAE12346030302,FRVIA64cfd72818304ee28d3a875aef64d31b
FRVIAE12346030301,FRVIA64cfd72818304ee28d3a875aef64d31b
FRVIAE20122064062,FRVIA1b4c8df3140c49899a53d6c614ef431e
FRVIAE20122064061,FRVIA1b4c8df3140c49899a53d6c614ef431e
FRVIAE12346030832,FRVIA7e5797d5-0da9-4ea1-beb7-9e3d0fa7e71f
FRVIAE12346030831,FRVIA7e5797d5-0da9-4ea1-beb7-9e3d0fa7e71f
FRVIAE20122076042,FRVIA7e5797d5-0da9-4ea1-beb7-9e3d0fa7e71f
FRVIAE20122076041,FRVIA7e5797d5-0da9-4ea1-beb7-9e3d0fa7e71f
FRVIAE10001221133,FRVIA84ba7e49-a9d1-41d9-85f4-d72d875ec724
FRVIAE10001221132,FRVIA84ba7e49-a9d1-41d9-85f4-d72d875ec724
FRVIAE10001221131,FRVIA84ba7e49-a9d1-41d9-85f4-d72d875ec724
FRVIAE10001181342,FRVIA663d278c-7663-41ea-86aa-015b9a5dd8e4
FRVIAE10001181341,FRVIA663d278c-7663-41ea-86aa-015b9a5dd8e4
FRVIAE12346030022,FRVIA7e5797d5-0da9-4ea1-beb7-9e3d0fa7e71f
FRVIAE12346030021,FRVIA7e5797d5-0da9-4ea1-beb7-9e3d0fa7e71f
FRVIAE10001276032,FRVIA663d278c-7663-41ea-86aa-015b9a5dd8e4
FRVIAE10001276031,FRVIA663d278c-7663-41ea-86aa-015b9a5dd8e4
FRVIAE10001181513,FRVIA663d278c-7663-41ea-86aa-015b9a5dd8e4
FRVIAE10001231162,FRVIA87b962cf-5c99-4812-8f03-16f2047aba80
FRVIAE10001231161,FRVIA87b962cf-5c99-4812-8f03-16f2047aba80
FRVIAE12346031362,FRVIA7e5797d5-0da9-4ea1-beb7-9e3d0fa7e71f
FRVIAE12346031361,FRVIA7e5797d5-0da9-4ea1-beb7-9e3d0fa7e71f
FRVIAE20122168032,FRVIA7e5797d5-0da9-4ea1-beb7-9e3d0fa7e71f
FRVIAE20122168031,FRVIA7e5797d5-0da9-4ea1-beb7-9e3d0fa7e71f
FRVIAE20161003022,FRVIA5ac8fc13-69bd-4238-91fc-00d74021df49
FRVIAE20161003021,FRVIA5ac8fc13-69bd-4238-91fc-00d74021df49
FRVIAE12346030052,FRVIA7e5797d5-0da9-4ea1-beb7-9e3d0fa7e71f
FRVIAE12346030051,FRVIA7e5797d5-0da9-4ea1-beb7-9e3d0fa7e71f
FRVIAE12346219702,FRVIA63b9a2fb-f35c-4dfb-bf27-4a42039521dd
FRVIAE12346219701,FRVIA63b9a2fb-f35c-4dfb-bf27-4a42039521dd
FRVIAE10001444662,FRVIA1b4c8df3140c49899a53d6c614ef431e
FRVIAE10001444661,FRVIA1b4c8df3140c49899a53d6c614ef431e
FRVIAE10000988212,FRVIA0b46268150cf4976ad848e9cfbe14c78
FRVIAE10000988211,FRVIA0b46268150cf4976ad848e9cfbe14c78
FRVIAE10001181002,FRVIA87b962cf-5c99-4812-8f03-16f2047aba80
FRVIAE10001181001,FRVIA87b962cf-5c99-4812-8f03-16f2047aba80
FRVIAE10001453132,FRVIA63b9a2fb-f35c-4dfb-bf27-4a42039521dd
FRVIAE10001453131,FRVIA63b9a2fb-f35c-4dfb-bf27-4a42039521dd
FRVIAE12346216482,FRVIA1b4c8df3140c49899a53d6c614ef431e
FRVIAE12346216481,FRVIA1b4c8df3140c49899a53d6c614ef431e
FRVIAE12346030472,FRVIA7e5797d5-0da9-4ea1-beb7-9e3d0fa7e71f
FRVIAE12346030471,FRVIA7e5797d5-0da9-4ea1-beb7-9e3d0fa7e71f
FRVIAE20101104082,FRVIA87b962cf-5c99-4812-8f03-16f2047aba80
FRVIAE20101104081,FRVIA87b962cf-5c99-4812-8f03-16f2047aba80
FRVIAE10001169863,FRVIA64cfd72818304ee28d3a875aef64d31b
FRVIAE10001169862,FRVIA64cfd72818304ee28d3a875aef64d31b
FRVIAE10001169861,FRVIA64cfd72818304ee28d3a875aef64d31b
FRVIAE12346431452,FRVIA0b46268150cf4976ad848e9cfbe14c78
FRVIAE12346431451,FRVIA0b46268150cf4976ad848e9cfbe14c78
FRVIAE12346031032,FRVIA7e5797d5-0da9-4ea1-beb7-9e3d0fa7e71f
FRVIAE12346031031,FRVIA7e5797d5-0da9-4ea1-beb7-9e3d0fa7e71f
FRVIAE12346031342,FRVIA7e5797d5-0da9-4ea1-beb7-9e3d0fa7e71f
FRVIAE12346031341,FRVIA7e5797d5-0da9-4ea1-beb7-9e3d0fa7e71f
FRVIAE20122084032,FRVIA7e5797d5-0da9-4ea1-beb7-9e3d0fa7e71f
FRVIAE20122084031,FRVIA7e5797d5-0da9-4ea1-beb7-9e3d0fa7e71f
FRVIAE12346031142,FRVIA7e5797d5-0da9-4ea1-beb7-9e3d0fa7e71f
FRVIAE12346031141,FRVIA7e5797d5-0da9-4ea1-beb7-9e3d0fa7e71f
FRVIAE20122071042,FRVIA7e5797d5-0da9-4ea1-beb7-9e3d0fa7e71f
FRVIAE20122071041,FRVIA7e5797d5-0da9-4ea1-beb7-9e3d0fa7e71f
FRVIAE20122097042,FRVIA7e5797d5-0da9-4ea1-beb7-9e3d0fa7e71f
FRVIAE20122097041,FRVIA7e5797d5-0da9-4ea1-beb7-9e3d0fa7e71f
FRVIAE12346031092,FRVIA64cfd72818304ee28d3a875aef64d31b
FRVIAE12346031091,FRVIA64cfd72818304ee28d3a875aef64d31b
FRVIAE12346030602,FRVIA7e5797d5-0da9-4ea1-beb7-9e3d0fa7e71f
FRVIAE12346030601,FRVIA7e5797d5-0da9-4ea1-beb7-9e3d0fa7e71f
FRVIAE20122058032,FRVIA64cfd72818304ee28d3a875aef64d31b
FRVIAE20122058031,FRVIA64cfd72818304ee28d3a875aef64d31b
FRVIAE10001180862,FRVIA87b962cf-5c99-4812-8f03-16f2047aba80
FRVIAE10001180861,FRVIA87b962cf-5c99-4812-8f03-16f2047aba80
FRVIAE12345724812,FRVIA1b4c8df3140c49899a53d6c614ef431e
FRVIAE12345724811,FRVIA1b4c8df3140c49899a53d6c614ef431e
FRVIAE12346030262,FRVIA7e5797d5-0da9-4ea1-beb7-9e3d0fa7e71f
FRVIAE12346030261,FRVIA7e5797d5-0da9-4ea1-beb7-9e3d0fa7e71f
FRVIAE20122092032,FRVIA7e5797d5-0da9-4ea1-beb7-9e3d0fa7e71f
FRVIAE20122092031,FRVIA7e5797d5-0da9-4ea1-beb7-9e3d0fa7e71f
FRVIAE10001444592,FRVIA1b4c8df3140c49899a53d6c614ef431e
FRVIAE10001444591,FRVIA1b4c8df3140c49899a53d6c614ef431e
FRVIAE12346030272,FRVIA7e5797d5-0da9-4ea1-beb7-9e3d0fa7e71f
FRVIAE12346030271,FRVIA7e5797d5-0da9-4ea1-beb7-9e3d0fa7e71f
FRVIAE10001169543,FRVIA84ba7e49-a9d1-41d9-85f4-d72d875ec724
FRVIAE10001169542,FRVIA84ba7e49-a9d1-41d9-85f4-d72d875ec724
FRVIAE10001169541,FRVIA84ba7e49-a9d1-41d9-85f4-d72d875ec724
FRVIAE20164006012,FRVIA7d814e34-8d08-4c97-82ce-5e3887f2aaaf
FRVIAE20164006011,FRVIA7d814e34-8d08-4c97-82ce-5e3887f2aaaf
FRVIAE20122093016,FRVIA1b4c8df3140c49899a53d6c614ef431e
FRVIAE20122093015,FRVIA1b4c8df3140c49899a53d6c614ef431e
FRVIAE20122093014,FRVIA1b4c8df3140c49899a53d6c614ef431e
FRVIAE20122093013,FRVIA1b4c8df3140c49899a53d6c614ef431e
FRVIAE20122093012,FRVIA1b4c8df3140c49899a53d6c614ef431e
FRVIAE20122093011,FRVIA1b4c8df3140c49899a53d6c614ef431e
FRVIAE12346029922,FRVIA1b4c8df3140c49899a53d6c614ef431e
FRVIAE12346029921,FRVIA1b4c8df3140c49899a53d6c614ef431e
FRVIAE10001301083,FRVIA84ba7e49-a9d1-41d9-85f4-d72d875ec724
FRVIAE10001301082,FRVIA84ba7e49-a9d1-41d9-85f4-d72d875ec724
FRVIAE10001301081,FRVIA84ba7e49-a9d1-41d9-85f4-d72d875ec724
FRVIAE20122069042,FRVIA64cfd72818304ee28d3a875aef64d31b
FRVIAE20122069041,FRVIA64cfd72818304ee28d3a875aef64d31b
FRVIAE10001240762,FRVIA87b962cf-5c99-4812-8f03-16f2047aba80
FRVIAE10001240761,FRVIA87b962cf-5c99-4812-8f03-16f2047aba80
FRVIAE10001475722,FRVIA63b9a2fb-f35c-4dfb-bf27-4a42039521dd
FRVIAE10001475721,FRVIA63b9a2fb-f35c-4dfb-bf27-4a42039521dd
FRVIAE20122177032,FRVIA7e5797d5-0da9-4ea1-beb7-9e3d0fa7e71f
FRVIAE20122177031,FRVIA7e5797d5-0da9-4ea1-beb7-9e3d0fa7e71f
FRVIAE20164001032,FRVIAfa6213d8-d5b6-4194-9c4e-3d089601e0b6
FRVIAE20164001031,FRVIAfa6213d8-d5b6-4194-9c4e-3d089601e0b6
FRVIAE20161010112,FRVIA5ac8fc13-69bd-4238-91fc-00d74021df49
FRVIAE20161010111,FRVIA5ac8fc13-69bd-4238-91fc-00d74021df49
FRVIAE20122080032,FRVIA64cfd72818304ee28d3a875aef64d31b
FRVIAE20122080031,FRVIA64cfd72818304ee28d3a875aef64d31b
FRVIAE10001444782,FRVIA1b4c8df3140c49899a53d6c614ef431e
FRVIAE10001444781,FRVIA1b4c8df3140c49899a53d6c614ef431e
FRVIAE10001181512,FRVIA663d278c-7663-41ea-86aa-015b9a5dd8e4
FRVIAE10001181511,FRVIA663d278c-7663-41ea-86aa-015b9a5dd8e4
FRVIAE10001181233,FRVIA663d278c-7663-41ea-86aa-015b9a5dd8e4
FRVIAE10001181232,FRVIA663d278c-7663-41ea-86aa-015b9a5dd8e4
FRVIAE10001181231,FRVIA663d278c-7663-41ea-86aa-015b9a5dd8e4
FRVIAE10001181243,FRVIA663d278c-7663-41ea-86aa-015b9a5dd8e4
FRVIAE12346116912,FRVIA7e5797d5-0da9-4ea1-beb7-9e3d0fa7e71f
FRVIAE12346116911,FRVIA7e5797d5-0da9-4ea1-beb7-9e3d0fa7e71f
FRVIAE12346402232,FRVIA1b4c8df3140c49899a53d6c614ef431e
FRVIAE12346402231,FRVIA1b4c8df3140c49899a53d6c614ef431e
FRVIAE12346033502,FRVIA63b9a2fb-f35c-4dfb-bf27-4a42039521dd
FRVIAE12346033501,FRVIA63b9a2fb-f35c-4dfb-bf27-4a42039521dd
FRVIAE12346031392,FRVIA7e5797d5-0da9-4ea1-beb7-9e3d0fa7e71f
FRVIAE12346031391,FRVIA7e5797d5-0da9-4ea1-beb7-9e3d0fa7e71f
FRVIAE20122025062,FRVIA1b4c8df3140c49899a53d6c614ef431e
FRVIAE20122025061,FRVIA1b4c8df3140c49899a53d6c614ef431e
FRVIAE20164012052,FRVIAfa6213d8-d5b6-4194-9c4e-3d089601e0b6
FRVIAE20164012051,FRVIAfa6213d8-d5b6-4194-9c4e-3d089601e0b6
FRVIAE20161009022,FRVIAfa6213d8-d5b6-4194-9c4e-3d089601e0b6
FRVIAE20161009021,FRVIAfa6213d8-d5b6-4194-9c4e-3d089601e0b6
FRVIAE10001454032,FRVIA63b9a2fb-f35c-4dfb-bf27-4a42039521dd
FRVIAE10001454031,FRVIA63b9a2fb-f35c-4dfb-bf27-4a42039521dd
FRVIAE20122060032,FRVIA1b4c8df3140c49899a53d6c614ef431e
FRVIAE20122060031,FRVIA1b4c8df3140c49899a53d6c614ef431e
FRVIAE20122088042,FRVIA7e5797d5-0da9-4ea1-beb7-9e3d0fa7e71f
FRVIAE20122088041,FRVIA7e5797d5-0da9-4ea1-beb7-9e3d0fa7e71f
FRVIAE12346063462,FRVIA63b9a2fb-f35c-4dfb-bf27-4a42039521dd
FRVIAE12346063461,FRVIA63b9a2fb-f35c-4dfb-bf27-4a42039521dd
FRVIAE20122062042,FRVIA64cfd72818304ee28d3a875aef64d31b
FRVIAE20122062041,FRVIA64cfd72818304ee28d3a875aef64d31b
FRVIAE10001169963,FRVIA84ba7e49-a9d1-41d9-85f4-d72d875ec724
FRVIAE10001169962,FRVIA84ba7e49-a9d1-41d9-85f4-d72d875ec724
FRVIAE10001169961,FRVIA84ba7e49-a9d1-41d9-85f4-d72d875ec724
FRVIAE10001170133,FRVIA84ba7e49-a9d1-41d9-85f4-d72d875ec724
FRVIAE10001170132,FRVIA84ba7e49-a9d1-41d9-85f4-d72d875ec724
FRVIAE10001170131,FRVIA84ba7e49-a9d1-41d9-85f4-d72d875ec724
FRVIAE10001229602,FRVIA87b962cf-5c99-4812-8f03-16f2047aba80
FRVIAE10001229601,FRVIA87b962cf-5c99-4812-8f03-16f2047aba80
FRVIAE10001170063,FRVIA48b30eb5-5751-41d6-aeb6-80e1ecd57409
FRVIAE10001170062,FRVIA48b30eb5-5751-41d6-aeb6-80e1ecd57409
FRVIAE10001170061,FRVIA48b30eb5-5751-41d6-aeb6-80e1ecd57409
FRVIAE10001181242,FRVIA663d278c-7663-41ea-86aa-015b9a5dd8e4
FRVIAE10001181241,FRVIA663d278c-7663-41ea-86aa-015b9a5dd8e4
FRVIAE10001169703,FRVIA84ba7e49-a9d1-41d9-85f4-d72d875ec724
FRVIAE10001169702,FRVIA84ba7e49-a9d1-41d9-85f4-d72d875ec724
FRVIAE10001169701,FRVIA84ba7e49-a9d1-41d9-85f4-d72d875ec724
FRVIAE10001170213,FRVIA84ba7e49-a9d1-41d9-85f4-d72d875ec724
FRVIAE10001170212,FRVIA84ba7e49-a9d1-41d9-85f4-d72d875ec724
FRVIAE10001170211,FRVIA84ba7e49-a9d1-41d9-85f4-d72d875ec724
FRVIAE12345951848,FRVIA1b4c8df3140c49899a53d6c614ef431e
FRVIAE12345951847,FRVIA1b4c8df3140c49899a53d6c614ef431e
FRVIAE12345951846,FRVIA1b4c8df3140c49899a53d6c614ef431e
FRVIAE12345951845,FRVIA1b4c8df3140c49899a53d6c614ef431e
FRVIAE12345951844,FRVIA1b4c8df3140c49899a53d6c614ef431e
FRVIAE12345951843,FRVIA1b4c8df3140c49899a53d6c614ef431e
FRVIAE12345951842,FRVIA1b4c8df3140c49899a53d6c614ef431e
FRVIAE12345951841,FRVIA1b4c8df3140c49899a53d6c614ef431e
FRVIAE10001453952,FRVIA63b9a2fb-f35c-4dfb-bf27-4a42039521dd
FRVIAE10001453951,FRVIA63b9a2fb-f35c-4dfb-bf27-4a42039521dd
FRVIAE20161002022,FRVIA5ac8fc13-69bd-4238-91fc-00d74021df49
FRVIAE20161002021,FRVIA5ac8fc13-69bd-4238-91fc-00d74021df49
FRVIAE10001453203,FRVIAd57690eb-0476-4bdf-862a-4fd2da26302f
FRVIAE10001453202,FRVIA7e5797d5-0da9-4ea1-beb7-9e3d0fa7e71f
FRVIAE10001453201,FRVIAd57690eb-0476-4bdf-862a-4fd2da26302f
FRVIAE10001170093,FRVIA84ba7e49-a9d1-41d9-85f4-d72d875ec724
FRVIAE10001170092,FRVIA84ba7e49-a9d1-41d9-85f4-d72d875ec724
FRVIAE10001170091,FRVIA84ba7e49-a9d1-41d9-85f4-d72d875ec724
FRVIAE10001181322,FRVIA663d278c-7663-41ea-86aa-015b9a5dd8e4
FRVIAE10001181321,FRVIA663d278c-7663-41ea-86aa-015b9a5dd8e4
FRVIAE12346029822,FRVIA1b4c8df3140c49899a53d6c614ef431e
FRVIAE12346029821,FRVIA1b4c8df3140c49899a53d6c614ef431e
FRVIAE20122077032,FRVIA7e5797d5-0da9-4ea1-beb7-9e3d0fa7e71f
FRVIAE20122077031,FRVIA7e5797d5-0da9-4ea1-beb7-9e3d0fa7e71f
FRVIAE10001181132,FRVIA663d278c-7663-41ea-86aa-015b9a5dd8e4
FRVIAE10001181131,FRVIA663d278c-7663-41ea-86aa-015b9a5dd8e4
FRVIAE10001181273,FRVIA663d278c-7663-41ea-86aa-015b9a5dd8e4
FRVIAE20122091032,FRVIA7e5797d5-0da9-4ea1-beb7-9e3d0fa7e71f
FRVIAE20122091031,FRVIA7e5797d5-0da9-4ea1-beb7-9e3d0fa7e71f
FRVIAE12346029872,FRVIA7e5797d5-0da9-4ea1-beb7-9e3d0fa7e71f
FRVIAE12346029871,FRVIA7e5797d5-0da9-4ea1-beb7-9e3d0fa7e71f
FRVIAE20101103072,FRVIA87b962cf-5c99-4812-8f03-16f2047aba80
FRVIAE20101103071,FRVIA87b962cf-5c99-4812-8f03-16f2047aba80
FRVIAE12346030672,FRVIA7e5797d5-0da9-4ea1-beb7-9e3d0fa7e71f
FRVIAE12346030671,FRVIA7e5797d5-0da9-4ea1-beb7-9e3d0fa7e71f
FRVIAE10001181272,FRVIA663d278c-7663-41ea-86aa-015b9a5dd8e4
FRVIAE10001181271,FRVIA663d278c-7663-41ea-86aa-015b9a5dd8e4
FRVIAE10001181533,FRVIA663d278c-7663-41ea-86aa-015b9a5dd8e4
FRVIAE10001444832,FRVIA1b4c8df3140c49899a53d6c614ef431e
FRVIAE10001444831,FRVIA1b4c8df3140c49899a53d6c614ef431e
FRVIAE10001345062,FRVIA87b962cf-5c99-4812-8f03-16f2047aba80
FRVIAE10001345061,FRVIA87b962cf-5c99-4812-8f03-16f2047aba80
FRVIAE12346031282,FRVIA7e5797d5-0da9-4ea1-beb7-9e3d0fa7e71f
FRVIAE12346031281,FRVIA7e5797d5-0da9-4ea1-beb7-9e3d0fa7e71f
FRVIAE20122098032,FRVIA64cfd72818304ee28d3a875aef64d31b
FRVIAE20122098031,FRVIA64cfd72818304ee28d3a875aef64d31b
FRVIAE20122181032,FRVIA7e5797d5-0da9-4ea1-beb7-9e3d0fa7e71f
FRVIAE20122181031,FRVIA7e5797d5-0da9-4ea1-beb7-9e3d0fa7e71f
FRVIAE20161005052,FRVIA5ac8fc13-69bd-4238-91fc-00d74021df49
FRVIAE20161005051,FRVIA5ac8fc13-69bd-4238-91fc-00d74021df49
FRVIAE20122089032,FRVIA7e5797d5-0da9-4ea1-beb7-9e3d0fa7e71f
FRVIAE20122089031,FRVIA7e5797d5-0da9-4ea1-beb7-9e3d0fa7e71f
FRVIAE10001181052,FRVIA87b962cf-5c99-4812-8f03-16f2047aba80
FRVIAE10001181051,FRVIA87b962cf-5c99-4812-8f03-16f2047aba80
FRVIAE10001205482,FRVIA65df1f1d-34c8-4886-a465-c0943f5e9ba2
FRVIAE10001205481,FRVIA65df1f1d-34c8-4886-a465-c0943f5e9ba2
FRVIAE12345703792,FRVIA63b9a2fb-f35c-4dfb-bf27-4a42039521dd
FRVIAE12345703791,FRVIA63b9a2fb-f35c-4dfb-bf27-4a42039521dd
FRVIAE10001181532,FRVIA663d278c-7663-41ea-86aa-015b9a5dd8e4
FRVIAE10001181531,FRVIA663d278c-7663-41ea-86aa-015b9a5dd8e4
FRVIAE20122239052,FRVIA1b4c8df3140c49899a53d6c614ef431e
FRVIAE20122239051,FRVIA1b4c8df3140c49899a53d6c614ef431e
FRVIAE10001230832,FRVIA87b962cf-5c99-4812-8f03-16f2047aba80
FRVIAE10001230831,FRVIA87b962cf-5c99-4812-8f03-16f2047aba80
FRVIAE20122063082,FRVIA1b4c8df3140c49899a53d6c614ef431e
FRVIAE20122063081,FRVIA1b4c8df3140c49899a53d6c614ef431e
FRVIAE10001231742,FRVIA663d278c-7663-41ea-86aa-015b9a5dd8e4
FRVIAE10001231741,FRVIA663d278c-7663-41ea-86aa-015b9a5dd8e4
FRVIAE20122072032,FRVIA7e5797d5-0da9-4ea1-beb7-9e3d0fa7e71f
FRVIAE20122072031,FRVIA7e5797d5-0da9-4ea1-beb7-9e3d0fa7e71f
FRVIAE12346029952,FRVIA7e5797d5-0da9-4ea1-beb7-9e3d0fa7e71f
FRVIAE12346029951,FRVIA7e5797d5-0da9-4ea1-beb7-9e3d0fa7e71f
FRVIAE10001231942,FRVIA87b962cf-5c99-4812-8f03-16f2047aba80
FRVIAE10001231941,FRVIA87b962cf-5c99-4812-8f03-16f2047aba80
FRVIAE10001180822,FRVIA87b962cf-5c99-4812-8f03-16f2047aba80
FRVIAE10001180821,FRVIA87b962cf-5c99-4812-8f03-16f2047aba80
FRVIAE10001476502,FRVIA663d278c-7663-41ea-86aa-015b9a5dd8e4
FRVIAE10001476501,FRVIA663d278c-7663-41ea-86aa-015b9a5dd8e4
FRVIAE20122087032,FRVIA7e5797d5-0da9-4ea1-beb7-9e3d0fa7e71f
FRVIAE20122087031,FRVIA7e5797d5-0da9-4ea1-beb7-9e3d0fa7e71f
FRVIAE20161001012,FRVIAfa6213d8-d5b6-4194-9c4e-3d089601e0b6
FRVIAE20161001011,FRVIAfa6213d8-d5b6-4194-9c4e-3d089601e0b6
FRVIAE20161004072,FRVIA5ac8fc13-69bd-4238-91fc-00d74021df49
FRVIAE20161004071,FRVIA5ac8fc13-69bd-4238-91fc-00d74021df49
FRVIAE10001393722,FRVIA63b9a2fb-f35c-4dfb-bf27-4a42039521dd
FRVIAE10001393721,FRVIA63b9a2fb-f35c-4dfb-bf27-4a42039521dd
FRVIAE12345727942,FRVIA1b4c8df3140c49899a53d6c614ef431e
FRVIAE12345727941,FRVIA1b4c8df3140c49899a53d6c614ef431e
FRVIAE10001231002,FRVIA87b962cf-5c99-4812-8f03-16f2047aba80
FRVIAE10001231001,FRVIA87b962cf-5c99-4812-8f03-16f2047aba80
FRVIAE10001231972,FRVIA87b962cf-5c99-4812-8f03-16f2047aba80
FRVIAE10001231971,FRVIA87b962cf-5c99-4812-8f03-16f2047aba80
FRVIAE20122082052,FRVIA1b4c8df3140c49899a53d6c614ef431e
FRVIAE20122082051,FRVIA1b4c8df3140c49899a53d6c614ef431e
FRVIAE20152003012,FRVIA0b46268150cf4976ad848e9cfbe14c78
FRVIAE20152003011,FRVIA0b46268150cf4976ad848e9cfbe14c78
FRVIAE10001453912,FRVIA63b9a2fb-f35c-4dfb-bf27-4a42039521dd
FRVIAE10001453911,FRVIA63b9a2fb-f35c-4dfb-bf27-4a42039521dd
FRVIAE10001444722,FRVIA1b4c8df3140c49899a53d6c614ef431e
FRVIAE10001444721,FRVIA1b4c8df3140c49899a53d6c614ef431e
FRVIAE20103001022,FRVIA84ba7e49-a9d1-41d9-85f4-d72d875ec724
FRVIAE20103001021,FRVIA84ba7e49-a9d1-41d9-85f4-d72d875ec724
FRVIAE10001181012,FRVIA87b962cf-5c99-4812-8f03-16f2047aba80
FRVIAE10001181011,FRVIA87b962cf-5c99-4812-8f03-16f2047aba80
FRVIAE20122070032,FRVIA7e5797d5-0da9-4ea1-beb7-9e3d0fa7e71f
FRVIAE20122070031,FRVIA7e5797d5-0da9-4ea1-beb7-9e3d0fa7e71f
FRVIAE10001231832,FRVIA663d278c-7663-41ea-86aa-015b9a5dd8e4
FRVIAE10001231831,FRVIA663d278c-7663-41ea-86aa-015b9a5dd8e4
FRVIAE20122101012,FRVIA64cfd72818304ee28d3a875aef64d31b
FRVIAE20122101011,FRVIA64cfd72818304ee28d3a875aef64d31b
FRVIAE20131003022,FRVIA64cfd72818304ee28d3a875aef64d31b
FRVIAE20131003021,FRVIA64cfd72818304ee28d3a875aef64d31b
FRVIAE12346031122,FRVIA7e5797d5-0da9-4ea1-beb7-9e3d0fa7e71f
FRVIAE12346031121,FRVIA7e5797d5-0da9-4ea1-beb7-9e3d0fa7e71f
FRVIAE12345703872,FRVIA63b9a2fb-f35c-4dfb-bf27-4a42039521dd
FRVIAE12345703871,FRVIA63b9a2fb-f35c-4dfb-bf27-4a42039521dd
FRVIAE12346063512,FRVIA63b9a2fb-f35c-4dfb-bf27-4a42039521dd
FRVIAE12346063511,FRVIA63b9a2fb-f35c-4dfb-bf27-4a42039521dd
FRVIAE12346030292,FRVIA64cfd72818304ee28d3a875aef64d31b
FRVIAE12346030291,FRVIA64cfd72818304ee28d3a875aef64d31b
FRVIAE20122064052,FRVIA1b4c8df3140c49899a53d6c614ef431e
FRVIAE20122064051,FRVIA1b4c8df3140c49899a53d6c614ef431e
FRVIAE12346030822,FRVIA7e5797d5-0da9-4ea1-beb7-9e3d0fa7e71f
FRVIAE12346030821,FRVIA7e5797d5-0da9-4ea1-beb7-9e3d0fa7e71f
FRVIAE20122076032,FRVIA7e5797d5-0da9-4ea1-beb7-9e3d0fa7e71f
FRVIAE20122076031,FRVIA7e5797d5-0da9-4ea1-beb7-9e3d0fa7e71f
FRVIAE12346219623,FRVIA0f286212-cb69-4cd7-abda-c0368a02ccbf
FRVIAE12346219622,FRVIA0f286212-cb69-4cd7-abda-c0368a02ccbf
FRVIAE12346219621,FRVIA0f286212-cb69-4cd7-abda-c0368a02ccbf
FRVIAE10001181332,FRVIA663d278c-7663-41ea-86aa-015b9a5dd8e4
FRVIAE10001181331,FRVIA663d278c-7663-41ea-86aa-015b9a5dd8e4
FRVIAE10001181543,FRVIA663d278c-7663-41ea-86aa-015b9a5dd8e4
FRVIAE12346030012,FRVIA7e5797d5-0da9-4ea1-beb7-9e3d0fa7e71f
FRVIAE12346030011,FRVIA7e5797d5-0da9-4ea1-beb7-9e3d0fa7e71f
FRVIAE10001231152,FRVIA87b962cf-5c99-4812-8f03-16f2047aba80
FRVIAE10001231151,FRVIA87b962cf-5c99-4812-8f03-16f2047aba80
FRVIAE12346031352,FRVIA7e5797d5-0da9-4ea1-beb7-9e3d0fa7e71f
FRVIAE12346031351,FRVIA7e5797d5-0da9-4ea1-beb7-9e3d0fa7e71f
FRVIAE20122168022,FRVIA7e5797d5-0da9-4ea1-beb7-9e3d0fa7e71f
FRVIAE20122168021,FRVIA7e5797d5-0da9-4ea1-beb7-9e3d0fa7e71f
FRVIAE20161003012,FRVIA5ac8fc13-69bd-4238-91fc-00d74021df49
FRVIAE20161003011,FRVIA5ac8fc13-69bd-4238-91fc-00d74021df49
FRVIAE12346030042,FRVIA7e5797d5-0da9-4ea1-beb7-9e3d0fa7e71f
FRVIAE12346030041,FRVIA7e5797d5-0da9-4ea1-beb7-9e3d0fa7e71f
FRVIAE12346219692,FRVIA63b9a2fb-f35c-4dfb-bf27-4a42039521dd
FRVIAE12346219691,FRVIA63b9a2fb-f35c-4dfb-bf27-4a42039521dd
FRVIAE10001444652,FRVIA1b4c8df3140c49899a53d6c614ef431e
FRVIAE10001444651,FRVIA1b4c8df3140c49899a53d6c614ef431e
FRVIAE10000815403,FRVIA0b46268150cf4976ad848e9cfbe14c78
FRVIAE10000815402,FRVIA0b46268150cf4976ad848e9cfbe14c78
FRVIAE10000815401,FRVIA0b46268150cf4976ad848e9cfbe14c78
FRVIAE10001180992,FRVIA87b962cf-5c99-4812-8f03-16f2047aba80
FRVIAE10001180991,FRVIA87b962cf-5c99-4812-8f03-16f2047aba80
FRVIAE12345955404,FRVIA1b4c8df3140c49899a53d6c614ef431e
FRVIAE12345955403,FRVIA1b4c8df3140c49899a53d6c614ef431e
FRVIAE12345955402,FRVIA1b4c8df3140c49899a53d6c614ef431e
FRVIAE12345955401,FRVIA1b4c8df3140c49899a53d6c614ef431e
FRVIAE10001453122,FRVIA63b9a2fb-f35c-4dfb-bf27-4a42039521dd
FRVIAE10001453121,FRVIA63b9a2fb-f35c-4dfb-bf27-4a42039521dd
FRVIAE12346216462,FRVIA1b4c8df3140c49899a53d6c614ef431e
FRVIAE12346216461,FRVIA1b4c8df3140c49899a53d6c614ef431e
FRVIAE12346030462,FRVIA7e5797d5-0da9-4ea1-beb7-9e3d0fa7e71f
FRVIAE12346030461,FRVIA7e5797d5-0da9-4ea1-beb7-9e3d0fa7e71f
FRVIAE20101104072,FRVIA87b962cf-5c99-4812-8f03-16f2047aba80
FRVIAE20101104071,FRVIA87b962cf-5c99-4812-8f03-16f2047aba80
FRVIAE12346031022,FRVIA7e5797d5-0da9-4ea1-beb7-9e3d0fa7e71f
FRVIAE12346031021,FRVIA7e5797d5-0da9-4ea1-beb7-9e3d0fa7e71f
FRVIAE12346031332,FRVIA7e5797d5-0da9-4ea1-beb7-9e3d0fa7e71f
FRVIAE12346031331,FRVIA7e5797d5-0da9-4ea1-beb7-9e3d0fa7e71f
FRVIAE20122084022,FRVIA7e5797d5-0da9-4ea1-beb7-9e3d0fa7e71f
FRVIAE20122084021,FRVIA7e5797d5-0da9-4ea1-beb7-9e3d0fa7e71f
FRVIAE12346031052,FRVIA7e5797d5-0da9-4ea1-beb7-9e3d0fa7e71f
FRVIAE12346031051,FRVIA7e5797d5-0da9-4ea1-beb7-9e3d0fa7e71f
FRVIAE20122071032,FRVIA7e5797d5-0da9-4ea1-beb7-9e3d0fa7e71f
FRVIAE20122071031,FRVIA7e5797d5-0da9-4ea1-beb7-9e3d0fa7e71f
FRVIAE20122097032,FRVIA7e5797d5-0da9-4ea1-beb7-9e3d0fa7e71f
FRVIAE20122097031,FRVIA7e5797d5-0da9-4ea1-beb7-9e3d0fa7e71f
FRVIAE12346031082,FRVIA64cfd72818304ee28d3a875aef64d31b
FRVIAE12346031081,FRVIA64cfd72818304ee28d3a875aef64d31b
FRVIAE12346030592,FRVIA7e5797d5-0da9-4ea1-beb7-9e3d0fa7e71f
FRVIAE12346030591,FRVIA7e5797d5-0da9-4ea1-beb7-9e3d0fa7e71f
FRVIAE20122058022,FRVIA64cfd72818304ee28d3a875aef64d31b
FRVIAE20122058021,FRVIA64cfd72818304ee28d3a875aef64d31b
FRVIAE10001180842,FRVIA87b962cf-5c99-4812-8f03-16f2047aba80
FRVIAE10001180841,FRVIA87b962cf-5c99-4812-8f03-16f2047aba80
FRVIAE12345724792,FRVIA1b4c8df3140c49899a53d6c614ef431e
FRVIAE12345724791,FRVIA1b4c8df3140c49899a53d6c614ef431e
FRVIAE12346030222,FRVIA7e5797d5-0da9-4ea1-beb7-9e3d0fa7e71f
FRVIAE12346030221,FRVIA7e5797d5-0da9-4ea1-beb7-9e3d0fa7e71f
FRVIAE20122092022,FRVIA7e5797d5-0da9-4ea1-beb7-9e3d0fa7e71f
FRVIAE20122092021,FRVIA7e5797d5-0da9-4ea1-beb7-9e3d0fa7e71f
FRVIAE10001444582,FRVIA1b4c8df3140c49899a53d6c614ef431e
FRVIAE10001444581,FRVIA1b4c8df3140c49899a53d6c614ef431e
FRVIAE12346030252,FRVIA7e5797d5-0da9-4ea1-beb7-9e3d0fa7e71f
FRVIAE12346030251,FRVIA7e5797d5-0da9-4ea1-beb7-9e3d0fa7e71f
FRVIAE12346029912,FRVIA1b4c8df3140c49899a53d6c614ef431e
FRVIAE12346029911,FRVIA1b4c8df3140c49899a53d6c614ef431e
FRVIAE20122069032,FRVIA64cfd72818304ee28d3a875aef64d31b
FRVIAE20122069031,FRVIA64cfd72818304ee28d3a875aef64d31b
FRVIAE10001240712,FRVIA87b962cf-5c99-4812-8f03-16f2047aba80
FRVIAE10001240711,FRVIA87b962cf-5c99-4812-8f03-16f2047aba80
FRVIAE10001475702,FRVIA63b9a2fb-f35c-4dfb-bf27-4a42039521dd
FRVIAE10001475701,FRVIA63b9a2fb-f35c-4dfb-bf27-4a42039521dd
FRVIAE20122177022,FRVIA7e5797d5-0da9-4ea1-beb7-9e3d0fa7e71f
FRVIAE20122177021,FRVIA7e5797d5-0da9-4ea1-beb7-9e3d0fa7e71f
FRVIAE20164001022,FRVIAfa6213d8-d5b6-4194-9c4e-3d089601e0b6
FRVIAE20164001021,FRVIAfa6213d8-d5b6-4194-9c4e-3d089601e0b6
FRVIAE20161010102,FRVIA5ac8fc13-69bd-4238-91fc-00d74021df49
FRVIAE20161010101,FRVIA5ac8fc13-69bd-4238-91fc-00d74021df49
FRVIAE20122080022,FRVIA64cfd72818304ee28d3a875aef64d31b
FRVIAE20122080021,FRVIA64cfd72818304ee28d3a875aef64d31b
FRVIAE10001444772,FRVIA1b4c8df3140c49899a53d6c614ef431e
FRVIAE10001444771,FRVIA1b4c8df3140c49899a53d6c614ef431e
FRVIAE12346116902,FRVIA7e5797d5-0da9-4ea1-beb7-9e3d0fa7e71f
FRVIAE12346116901,FRVIA7e5797d5-0da9-4ea1-beb7-9e3d0fa7e71f
FRVIAE12346402222,FRVIA1b4c8df3140c49899a53d6c614ef431e
FRVIAE12346402221,FRVIA1b4c8df3140c49899a53d6c614ef431e
FRVIAE12346033492,FRVIA63b9a2fb-f35c-4dfb-bf27-4a42039521dd
FRVIAE12346033491,FRVIA63b9a2fb-f35c-4dfb-bf27-4a42039521dd
FRVIAE12346031382,FRVIA7e5797d5-0da9-4ea1-beb7-9e3d0fa7e71f
FRVIAE12346031381,FRVIA7e5797d5-0da9-4ea1-beb7-9e3d0fa7e71f
FRVIAE20122025052,FRVIA1b4c8df3140c49899a53d6c614ef431e
FRVIAE20122025051,FRVIA1b4c8df3140c49899a53d6c614ef431e
FRVIAE20164012042,FRVIAfa6213d8-d5b6-4194-9c4e-3d089601e0b6
FRVIAE20164012041,FRVIAfa6213d8-d5b6-4194-9c4e-3d089601e0b6
FRVIAE20161009012,FRVIAfa6213d8-d5b6-4194-9c4e-3d089601e0b6
FRVIAE20161009011,FRVIAfa6213d8-d5b6-4194-9c4e-3d089601e0b6
FRVIAE12346295946,FRVIA1b4c8df3140c49899a53d6c614ef431e
FRVIAE12346295945,FRVIA1b4c8df3140c49899a53d6c614ef431e
FRVIAE12346295944,FRVIA1b4c8df3140c49899a53d6c614ef431e
FRVIAE12346295943,FRVIA1b4c8df3140c49899a53d6c614ef431e
FRVIAE12346295942,FRVIA1b4c8df3140c49899a53d6c614ef431e
FRVIAE12346295941,FRVIA1b4c8df3140c49899a53d6c614ef431e
FRVIAE10001454012,FRVIA63b9a2fb-f35c-4dfb-bf27-4a42039521dd
FRVIAE10001454011,FRVIA63b9a2fb-f35c-4dfb-bf27-4a42039521dd
FRVIAE20122060022,FRVIA1b4c8df3140c49899a53d6c614ef431e
FRVIAE20122060021,FRVIA1b4c8df3140c49899a53d6c614ef431e
FRVIAE20122088032,FRVIA7e5797d5-0da9-4ea1-beb7-9e3d0fa7e71f
FRVIAE20122088031,FRVIA7e5797d5-0da9-4ea1-beb7-9e3d0fa7e71f
FRVIAE12346063452,FRVIA63b9a2fb-f35c-4dfb-bf27-4a42039521dd
FRVIAE12346063451,FRVIA63b9a2fb-f35c-4dfb-bf27-4a42039521dd
FRVIAE20122062032,FRVIA64cfd72818304ee28d3a875aef64d31b
FRVIAE20122062031,FRVIA64cfd72818304ee28d3a875aef64d31b
FRVIAE10001229582,FRVIA87b962cf-5c99-4812-8f03-16f2047aba80
FRVIAE10001229581,FRVIA87b962cf-5c99-4812-8f03-16f2047aba80
FRVIAE10001181542,FRVIA663d278c-7663-41ea-86aa-015b9a5dd8e4
FRVIAE10001181541,FRVIA663d278c-7663-41ea-86aa-015b9a5dd8e4
FRVIAE10001181293,FRVIA663d278c-7663-41ea-86aa-015b9a5dd8e4
FRVIAE10001453942,FRVIA63b9a2fb-f35c-4dfb-bf27-4a42039521dd
FRVIAE10001453941,FRVIA63b9a2fb-f35c-4dfb-bf27-4a42039521dd
FRVIAE20161002012,FRVIA5ac8fc13-69bd-4238-91fc-00d74021df49
FRVIAE20161002011,FRVIA5ac8fc13-69bd-4238-91fc-00d74021df49
FRVIAE10001169773,FRVIA84ba7e49-a9d1-41d9-85f4-d72d875ec724
FRVIAE10001169772,FRVIA84ba7e49-a9d1-41d9-85f4-d72d875ec724
FRVIAE10001169771,FRVIA84ba7e49-a9d1-41d9-85f4-d72d875ec724
FRVIAE10001169613,FRVIA84ba7e49-a9d1-41d9-85f4-d72d875ec724
FRVIAE10001169612,FRVIA84ba7e49-a9d1-41d9-85f4-d72d875ec724
FRVIAE10001169611,FRVIA84ba7e49-a9d1-41d9-85f4-d72d875ec724
FRVIAE10001169663,FRVIA84ba7e49-a9d1-41d9-85f4-d72d875ec724
FRVIAE10001169662,FRVIA84ba7e49-a9d1-41d9-85f4-d72d875ec724
FRVIAE10001169661,FRVIA84ba7e49-a9d1-41d9-85f4-d72d875ec724
FRVIAE10001169653,FRVIA84ba7e49-a9d1-41d9-85f4-d72d875ec724
FRVIAE10001169652,FRVIA84ba7e49-a9d1-41d9-85f4-d72d875ec724
FRVIAE10001169651,FRVIA84ba7e49-a9d1-41d9-85f4-d72d875ec724
FRVIAE10001181292,FRVIA663d278c-7663-41ea-86aa-015b9a5dd8e4
FRVIAE10001181291,FRVIA663d278c-7663-41ea-86aa-015b9a5dd8e4
FRVIAE10001221123,FRVIA84ba7e49-a9d1-41d9-85f4-d72d875ec724
FRVIAE10001221122,FRVIA84ba7e49-a9d1-41d9-85f4-d72d875ec724
FRVIAE10001221121,FRVIA84ba7e49-a9d1-41d9-85f4-d72d875ec724
FRVIAE10001169853,FRVIA64cfd72818304ee28d3a875aef64d31b
FRVIAE10001169852,FRVIA64cfd72818304ee28d3a875aef64d31b
FRVIAE10001169851,FRVIA64cfd72818304ee28d3a875aef64d31b
FRVIAE10001169533,FRVIA84ba7e49-a9d1-41d9-85f4-d72d875ec724
FRVIAE10001169532,FRVIA84ba7e49-a9d1-41d9-85f4-d72d875ec724
FRVIAE10001169531,FRVIA84ba7e49-a9d1-41d9-85f4-d72d875ec724
FRVIAE10001169933,FRVIA84ba7e49-a9d1-41d9-85f4-d72d875ec724
FRVIAE10001169932,FRVIA84ba7e49-a9d1-41d9-85f4-d72d875ec724
FRVIAE10001169931,FRVIA84ba7e49-a9d1-41d9-85f4-d72d875ec724
FRVIAE10001169943,FRVIA84ba7e49-a9d1-41d9-85f4-d72d875ec724
FRVIAE10001169942,FRVIA84ba7e49-a9d1-41d9-85f4-d72d875ec724
FRVIAE10001169941,FRVIA84ba7e49-a9d1-41d9-85f4-d72d875ec724
FRVIAE10001170103,FRVIA84ba7e49-a9d1-41d9-85f4-d72d875ec724
FRVIAE10001170102,FRVIA84ba7e49-a9d1-41d9-85f4-d72d875ec724
FRVIAE10001170101,FRVIA84ba7e49-a9d1-41d9-85f4-d72d875ec724
FRVIAE10001170053,FRVIA48b30eb5-5751-41d6-aeb6-80e1ecd57409
FRVIAE10001170052,FRVIA48b30eb5-5751-41d6-aeb6-80e1ecd57409
FRVIAE10001170051,FRVIA48b30eb5-5751-41d6-aeb6-80e1ecd57409
FRVIAE10001169683,FRVIA84ba7e49-a9d1-41d9-85f4-d72d875ec724
FRVIAE10001169682,FRVIA84ba7e49-a9d1-41d9-85f4-d72d875ec724
FRVIAE10001169681,FRVIA84ba7e49-a9d1-41d9-85f4-d72d875ec724
FRVIAE10001170203,FRVIA84ba7e49-a9d1-41d9-85f4-d72d875ec724
FRVIAE10001170202,FRVIA84ba7e49-a9d1-41d9-85f4-d72d875ec724
FRVIAE10001170201,FRVIA84ba7e49-a9d1-41d9-85f4-d72d875ec724
FRVIAE12346029792,FRVIA1b4c8df3140c49899a53d6c614ef431e
FRVIAE12346029791,FRVIA1b4c8df3140c49899a53d6c614ef431e
FRVIAE10001453192,FRVIAd57690eb-0476-4bdf-862a-4fd2da26302f
FRVIAE10001453191,FRVIAd57690eb-0476-4bdf-862a-4fd2da26302f
FRVIAE20122077022,FRVIA7e5797d5-0da9-4ea1-beb7-9e3d0fa7e71f
FRVIAE20122077021,FRVIA7e5797d5-0da9-4ea1-beb7-9e3d0fa7e71f
FRVIAE12345955644,FRVIA1b4c8df3140c49899a53d6c614ef431e
FRVIAE12345955643,FRVIA1b4c8df3140c49899a53d6c614ef431e
FRVIAE12345955642,FRVIA1b4c8df3140c49899a53d6c614ef431e
FRVIAE12345955641,FRVIA1b4c8df3140c49899a53d6c614ef431e
FRVIAE20122091022,FRVIA7e5797d5-0da9-4ea1-beb7-9e3d0fa7e71f
FRVIAE20122091021,FRVIA7e5797d5-0da9-4ea1-beb7-9e3d0fa7e71f
FRVIAE12346029862,FRVIA7e5797d5-0da9-4ea1-beb7-9e3d0fa7e71f
FRVIAE12346029861,FRVIA7e5797d5-0da9-4ea1-beb7-9e3d0fa7e71f
FRVIAE10001205472,FRVIA65df1f1d-34c8-4886-a465-c0943f5e9ba2
FRVIAE10001205471,FRVIA65df1f1d-34c8-4886-a465-c0943f5e9ba2
FRVIAE12346030662,FRVIA7e5797d5-0da9-4ea1-beb7-9e3d0fa7e71f
FRVIAE12346030661,FRVIA7e5797d5-0da9-4ea1-beb7-9e3d0fa7e71f
FRVIAE10001444822,FRVIA1b4c8df3140c49899a53d6c614ef431e
FRVIAE10001444821,FRVIA1b4c8df3140c49899a53d6c614ef431e
FRVIAE12346031272,FRVIA7e5797d5-0da9-4ea1-beb7-9e3d0fa7e71f
FRVIAE12346031271,FRVIA7e5797d5-0da9-4ea1-beb7-9e3d0fa7e71f
FRVIAE20122098022,FRVIA64cfd72818304ee28d3a875aef64d31b
FRVIAE20122098021,FRVIA64cfd72818304ee28d3a875aef64d31b
FRVIAE20122181022,FRVIA7e5797d5-0da9-4ea1-beb7-9e3d0fa7e71f
FRVIAE20122181021,FRVIA7e5797d5-0da9-4ea1-beb7-9e3d0fa7e71f
FRVIAE20122214012,FRVIA1b4c8df3140c49899a53d6c614ef431e
FRVIAE20122214011,FRVIA1b4c8df3140c49899a53d6c614ef431e
FRVIAE20161005042,FRVIA5ac8fc13-69bd-4238-91fc-00d74021df49
FRVIAE20161005041,FRVIA5ac8fc13-69bd-4238-91fc-00d74021df49
FRVIAE20122089022,FRVIA7e5797d5-0da9-4ea1-beb7-9e3d0fa7e71f
FRVIAE20122089021,FRVIA7e5797d5-0da9-4ea1-beb7-9e3d0fa7e71f
FRVIAE10001181042,FRVIA87b962cf-5c99-4812-8f03-16f2047aba80
FRVIAE10001181041,FRVIA87b962cf-5c99-4812-8f03-16f2047aba80
FRVIAE12345703782,FRVIA63b9a2fb-f35c-4dfb-bf27-4a42039521dd
FRVIAE12345703781,FRVIA63b9a2fb-f35c-4dfb-bf27-4a42039521dd
FRVIAE10001181122,FRVIA663d278c-7663-41ea-86aa-015b9a5dd8e4
FRVIAE10001181121,FRVIA663d278c-7663-41ea-86aa-015b9a5dd8e4
FRVIAE20122239042,FRVIA7e5797d5-0da9-4ea1-beb7-9e3d0fa7e71f
FRVIAE20122239041,FRVIA7e5797d5-0da9-4ea1-beb7-9e3d0fa7e71f
FRVIAE10001230822,FRVIA87b962cf-5c99-4812-8f03-16f2047aba80
FRVIAE10001230821,FRVIA87b962cf-5c99-4812-8f03-16f2047aba80
FRVIAE20122063072,FRVIA1b4c8df3140c49899a53d6c614ef431e
FRVIAE20122063071,FRVIA1b4c8df3140c49899a53d6c614ef431e
FRVIAE10001231732,FRVIA663d278c-7663-41ea-86aa-015b9a5dd8e4
FRVIAE10001231731,FRVIA663d278c-7663-41ea-86aa-015b9a5dd8e4
FRVIAE20122072022,FRVIA7e5797d5-0da9-4ea1-beb7-9e3d0fa7e71f
FRVIAE20122072021,FRVIA7e5797d5-0da9-4ea1-beb7-9e3d0fa7e71f
FRVIAE12346295822,FRVIA1b4c8df3140c49899a53d6c614ef431e
FRVIAE12346295821,FRVIA1b4c8df3140c49899a53d6c614ef431e
FRVIAE12346029942,FRVIA7e5797d5-0da9-4ea1-beb7-9e3d0fa7e71f
FRVIAE12346029941,FRVIA7e5797d5-0da9-4ea1-beb7-9e3d0fa7e71f
FRVIAE10001231932,FRVIA87b962cf-5c99-4812-8f03-16f2047aba80
FRVIAE10001231931,FRVIA87b962cf-5c99-4812-8f03-16f2047aba80
FRVIAE10001181362,FRVIA663d278c-7663-41ea-86aa-015b9a5dd8e4
FRVIAE10001181361,FRVIA663d278c-7663-41ea-86aa-015b9a5dd8e4
FRVIAE20122087022,FRVIA7e5797d5-0da9-4ea1-beb7-9e3d0fa7e71f
FRVIAE20122087021,FRVIA7e5797d5-0da9-4ea1-beb7-9e3d0fa7e71f
FRVIAE20161004062,FRVIA5ac8fc13-69bd-4238-91fc-00d74021df49
FRVIAE20161004061,FRVIA5ac8fc13-69bd-4238-91fc-00d74021df49
FRVIAE12345955734,FRVIA1b4c8df3140c49899a53d6c614ef431e
FRVIAE12345955733,FRVIA1b4c8df3140c49899a53d6c614ef431e
FRVIAE12345955732,FRVIA1b4c8df3140c49899a53d6c614ef431e
FRVIAE12345955731,FRVIA1b4c8df3140c49899a53d6c614ef431e
FRVIAE10001393712,FRVIA63b9a2fb-f35c-4dfb-bf27-4a42039521dd
FRVIAE10001393711,FRVIA63b9a2fb-f35c-4dfb-bf27-4a42039521dd
FRVIAE12345727912,FRVIA1b4c8df3140c49899a53d6c614ef431e
FRVIAE12345727911,FRVIA1b4c8df3140c49899a53d6c614ef431e
FRVIAE10001169973,FRVIA84ba7e49-a9d1-41d9-85f4-d72d875ec724
FRVIAE10001169972,FRVIA84ba7e49-a9d1-41d9-85f4-d72d875ec724
FRVIAE10001169971,FRVIA84ba7e49-a9d1-41d9-85f4-d72d875ec724
FRVIAE10001230992,FRVIA87b962cf-5c99-4812-8f03-16f2047aba80
FRVIAE10001230991,FRVIA87b962cf-5c99-4812-8f03-16f2047aba80
FRVIAE10001231962,FRVIA87b962cf-5c99-4812-8f03-16f2047aba80
FRVIAE10001231961,FRVIA87b962cf-5c99-4812-8f03-16f2047aba80
FRVIAE20122082042,FRVIA7e5797d5-0da9-4ea1-beb7-9e3d0fa7e71f
FRVIAE20122082041,FRVIA7e5797d5-0da9-4ea1-beb7-9e3d0fa7e71f
FRVIAE10001453902,FRVIA63b9a2fb-f35c-4dfb-bf27-4a42039521dd
FRVIAE10001453901,FRVIA63b9a2fb-f35c-4dfb-bf27-4a42039521dd
FRVIAE10001444712,FRVIA1b4c8df3140c49899a53d6c614ef431e
FRVIAE10001444711,FRVIA1b4c8df3140c49899a53d6c614ef431e
FRVIAE20103001012,FRVIA84ba7e49-a9d1-41d9-85f4-d72d875ec724
FRVIAE20103001011,FRVIA84ba7e49-a9d1-41d9-85f4-d72d875ec724
FRVIAE10001180982,FRVIA87b962cf-5c99-4812-8f03-16f2047aba80
FRVIAE10001180981,FRVIA87b962cf-5c99-4812-8f03-16f2047aba80
FRVIAE20122070022,FRVIA7e5797d5-0da9-4ea1-beb7-9e3d0fa7e71f
FRVIAE20122070021,FRVIA7e5797d5-0da9-4ea1-beb7-9e3d0fa7e71f
FRVIAE10001231822,FRVIA663d278c-7663-41ea-86aa-015b9a5dd8e4
FRVIAE10001231821,FRVIA663d278c-7663-41ea-86aa-015b9a5dd8e4
FRVIAE20122236019,FRVIA1b4c8df3140c49899a53d6c614ef431e
FRVIAE20122236018,FRVIA1b4c8df3140c49899a53d6c614ef431e
FRVIAE20122236017,FRVIA1b4c8df3140c49899a53d6c614ef431e
FRVIAE20122236016,FRVIA1b4c8df3140c49899a53d6c614ef431e
FRVIAE20122236015,FRVIA1b4c8df3140c49899a53d6c614ef431e
FRVIAE20122236014,FRVIA1b4c8df3140c49899a53d6c614ef431e
FRVIAE20122236013,FRVIA1b4c8df3140c49899a53d6c614ef431e
FRVIAE20122236012,FRVIA1b4c8df3140c49899a53d6c614ef431e
FRVIAE201222360110,FRVIA1b4c8df3140c49899a53d6c614ef431e
FRVIAE20122236011,FRVIA1b4c8df3140c49899a53d6c614ef431e
FRVIAE20122106012,FRVIA1b4c8df3140c49899a53d6c614ef431e
FRVIAE20122106011,FRVIA1b4c8df3140c49899a53d6c614ef431e
FRVIAE20131003012,FRVIA64cfd72818304ee28d3a875aef64d31b
FRVIAE20131003011,FRVIA64cfd72818304ee28d3a875aef64d31b
FRVIAE12346031112,FRVIA7e5797d5-0da9-4ea1-beb7-9e3d0fa7e71f
FRVIAE12346031111,FRVIA7e5797d5-0da9-4ea1-beb7-9e3d0fa7e71f
FRVIAE12345703863,FRVIA0f286212-cb69-4cd7-abda-c0368a02ccbf
FRVIAE12345703862,FRVIA0f286212-cb69-4cd7-abda-c0368a02ccbf
FRVIAE12345703861,FRVIA0f286212-cb69-4cd7-abda-c0368a02ccbf
FRVIAE12346063502,FRVIA63b9a2fb-f35c-4dfb-bf27-4a42039521dd
FRVIAE12346063501,FRVIA63b9a2fb-f35c-4dfb-bf27-4a42039521dd
FRVIAE12346030282,FRVIA64cfd72818304ee28d3a875aef64d31b
FRVIAE12346030281,FRVIA64cfd72818304ee28d3a875aef64d31b
FRVIAE20122064042,FRVIA7e5797d5-0da9-4ea1-beb7-9e3d0fa7e71f
FRVIAE20122064041,FRVIA7e5797d5-0da9-4ea1-beb7-9e3d0fa7e71f
FRVIAE12346030812,FRVIA7e5797d5-0da9-4ea1-beb7-9e3d0fa7e71f
FRVIAE12346030811,FRVIA7e5797d5-0da9-4ea1-beb7-9e3d0fa7e71f
FRVIAE20122076022,FRVIA7e5797d5-0da9-4ea1-beb7-9e3d0fa7e71f
FRVIAE20122076021,FRVIA7e5797d5-0da9-4ea1-beb7-9e3d0fa7e71f
FRVIAE12346030002,FRVIA7e5797d5-0da9-4ea1-beb7-9e3d0fa7e71f
FRVIAE12346030001,FRVIA7e5797d5-0da9-4ea1-beb7-9e3d0fa7e71f
FRVIAE10001205492,FRVIA65df1f1d-34c8-4886-a465-c0943f5e9ba2
FRVIAE10001205491,FRVIA65df1f1d-34c8-4886-a465-c0943f5e9ba2
FRVIAE12346031302,FRVIA7e5797d5-0da9-4ea1-beb7-9e3d0fa7e71f
FRVIAE12346031301,FRVIA7e5797d5-0da9-4ea1-beb7-9e3d0fa7e71f
FRVIAE20122168012,FRVIA7e5797d5-0da9-4ea1-beb7-9e3d0fa7e71f
FRVIAE20122168011,FRVIA7e5797d5-0da9-4ea1-beb7-9e3d0fa7e71f
FRVIAE12346030032,FRVIA7e5797d5-0da9-4ea1-beb7-9e3d0fa7e71f
FRVIAE12346030031,FRVIA7e5797d5-0da9-4ea1-beb7-9e3d0fa7e71f
FRVIAE12346219682,FRVIA63b9a2fb-f35c-4dfb-bf27-4a42039521dd
FRVIAE12346219681,FRVIA63b9a2fb-f35c-4dfb-bf27-4a42039521dd
FRVIAE10001444642,FRVIA1b4c8df3140c49899a53d6c614ef431e
FRVIAE10001444641,FRVIA1b4c8df3140c49899a53d6c614ef431e
FRVIAE10001180972,FRVIA87b962cf-5c99-4812-8f03-16f2047aba80
FRVIAE10001180971,FRVIA87b962cf-5c99-4812-8f03-16f2047aba80
FRVIAE10001453082,FRVIA63b9a2fb-f35c-4dfb-bf27-4a42039521dd
FRVIAE10001453081,FRVIA63b9a2fb-f35c-4dfb-bf27-4a42039521dd
FRVIAE12346216452,FRVIA1b4c8df3140c49899a53d6c614ef431e
FRVIAE12346216451,FRVIA1b4c8df3140c49899a53d6c614ef431e
FRVIAE12346030432,FRVIA7e5797d5-0da9-4ea1-beb7-9e3d0fa7e71f
FRVIAE12346030431,FRVIA7e5797d5-0da9-4ea1-beb7-9e3d0fa7e71f
FRVIAE10001205382,FRVIA65df1f1d-34c8-4886-a465-c0943f5e9ba2
FRVIAE10001205381,FRVIA65df1f1d-34c8-4886-a465-c0943f5e9ba2
FRVIAE12346030792,FRVIA7e5797d5-0da9-4ea1-beb7-9e3d0fa7e71f
FRVIAE12346030791,FRVIA7e5797d5-0da9-4ea1-beb7-9e3d0fa7e71f
FRVIAE12346031322,FRVIA7e5797d5-0da9-4ea1-beb7-9e3d0fa7e71f
FRVIAE12346031321,FRVIA7e5797d5-0da9-4ea1-beb7-9e3d0fa7e71f
FRVIAE20122084012,FRVIA7e5797d5-0da9-4ea1-beb7-9e3d0fa7e71f
FRVIAE20122084011,FRVIA7e5797d5-0da9-4ea1-beb7-9e3d0fa7e71f
FRVIAE12346031042,FRVIA7e5797d5-0da9-4ea1-beb7-9e3d0fa7e71f
FRVIAE12346031041,FRVIA7e5797d5-0da9-4ea1-beb7-9e3d0fa7e71f
FRVIAE20122071022,FRVIA7e5797d5-0da9-4ea1-beb7-9e3d0fa7e71f
FRVIAE20122071021,FRVIA7e5797d5-0da9-4ea1-beb7-9e3d0fa7e71f
FRVIAE20122097022,FRVIA7e5797d5-0da9-4ea1-beb7-9e3d0fa7e71f
FRVIAE20122097021,FRVIA7e5797d5-0da9-4ea1-beb7-9e3d0fa7e71f
FRVIAE12346031072,FRVIA64cfd72818304ee28d3a875aef64d31b
FRVIAE12346031071,FRVIA64cfd72818304ee28d3a875aef64d31b
FRVIAE12346030582,FRVIA7e5797d5-0da9-4ea1-beb7-9e3d0fa7e71f
FRVIAE12346030581,FRVIA7e5797d5-0da9-4ea1-beb7-9e3d0fa7e71f
FRVIAE20122058012,FRVIA64cfd72818304ee28d3a875aef64d31b
FRVIAE20122058011,FRVIA64cfd72818304ee28d3a875aef64d31b
FRVIAE10001180832,FRVIA87b962cf-5c99-4812-8f03-16f2047aba80
FRVIAE10001180831,FRVIA87b962cf-5c99-4812-8f03-16f2047aba80
FRVIAE12345724782,FRVIA1b4c8df3140c49899a53d6c614ef431e
FRVIAE12345724781,FRVIA1b4c8df3140c49899a53d6c614ef431e
FRVIAE12346030212,FRVIA7e5797d5-0da9-4ea1-beb7-9e3d0fa7e71f
FRVIAE12346030211,FRVIA7e5797d5-0da9-4ea1-beb7-9e3d0fa7e71f
FRVIAE20122092012,FRVIA7e5797d5-0da9-4ea1-beb7-9e3d0fa7e71f
FRVIAE20122092011,FRVIA7e5797d5-0da9-4ea1-beb7-9e3d0fa7e71f
FRVIAE10001444472,FRVIA1b4c8df3140c49899a53d6c614ef431e
FRVIAE10001444471,FRVIA1b4c8df3140c49899a53d6c614ef431e
FRVIAE12346030242,FRVIA7e5797d5-0da9-4ea1-beb7-9e3d0fa7e71f
FRVIAE12346030241,FRVIA7e5797d5-0da9-4ea1-beb7-9e3d0fa7e71f
FRVIAE12346029902,FRVIA1b4c8df3140c49899a53d6c614ef431e
FRVIAE12346029901,FRVIA1b4c8df3140c49899a53d6c614ef431e
FRVIAE20122069022,FRVIA64cfd72818304ee28d3a875aef64d31b
FRVIAE20122069021,FRVIA64cfd72818304ee28d3a875aef64d31b
FRVIAE10001231342,FRVIA87b962cf-5c99-4812-8f03-16f2047aba80
FRVIAE10001231341,FRVIA87b962cf-5c99-4812-8f03-16f2047aba80
FRVIAE10001475692,FRVIA63b9a2fb-f35c-4dfb-bf27-4a42039521dd
FRVIAE10001475691,FRVIA63b9a2fb-f35c-4dfb-bf27-4a42039521dd
FRVIAE20122177012,FRVIA7e5797d5-0da9-4ea1-beb7-9e3d0fa7e71f
FRVIAE20122177011,FRVIA7e5797d5-0da9-4ea1-beb7-9e3d0fa7e71f
FRVIAE20164001012,FRVIAfa6213d8-d5b6-4194-9c4e-3d089601e0b6
FRVIAE20164001011,FRVIAfa6213d8-d5b6-4194-9c4e-3d089601e0b6
FRVIAE20161010092,FRVIA5ac8fc13-69bd-4238-91fc-00d74021df49
FRVIAE20161010091,FRVIA5ac8fc13-69bd-4238-91fc-00d74021df49
FRVIAE20122080012,FRVIA64cfd72818304ee28d3a875aef64d31b
FRVIAE20122080011,FRVIA64cfd72818304ee28d3a875aef64d31b
FRVIAE10001444762,FRVIA1b4c8df3140c49899a53d6c614ef431e
FRVIAE10001444761,FRVIA1b4c8df3140c49899a53d6c614ef431e
FRVIAE12346116532,FRVIA7e5797d5-0da9-4ea1-beb7-9e3d0fa7e71f
FRVIAE12346116531,FRVIA7e5797d5-0da9-4ea1-beb7-9e3d0fa7e71f
FRVIAE12346031192,FRVIA7e5797d5-0da9-4ea1-beb7-9e3d0fa7e71f
FRVIAE12346031191,FRVIA7e5797d5-0da9-4ea1-beb7-9e3d0fa7e71f
FRVIAE12346033482,FRVIA63b9a2fb-f35c-4dfb-bf27-4a42039521dd
FRVIAE12346033481,FRVIA63b9a2fb-f35c-4dfb-bf27-4a42039521dd
FRVIAE12346031372,FRVIA7e5797d5-0da9-4ea1-beb7-9e3d0fa7e71f
FRVIAE12346031371,FRVIA7e5797d5-0da9-4ea1-beb7-9e3d0fa7e71f
FRVIAE20122025042,FRVIA7e5797d5-0da9-4ea1-beb7-9e3d0fa7e71f
FRVIAE20122025041,FRVIA7e5797d5-0da9-4ea1-beb7-9e3d0fa7e71f
FRVIAE20164012032,FRVIAfa6213d8-d5b6-4194-9c4e-3d089601e0b6
FRVIAE20164012031,FRVIAfa6213d8-d5b6-4194-9c4e-3d089601e0b6
FRVIAE10001453992,FRVIA63b9a2fb-f35c-4dfb-bf27-4a42039521dd
FRVIAE10001453991,FRVIA63b9a2fb-f35c-4dfb-bf27-4a42039521dd
FRVIAE20122060012,FRVIA1b4c8df3140c49899a53d6c614ef431e
FRVIAE20122060011,FRVIA1b4c8df3140c49899a53d6c614ef431e
FRVIAE20122088022,FRVIA7e5797d5-0da9-4ea1-beb7-9e3d0fa7e71f
FRVIAE20122088021,FRVIA7e5797d5-0da9-4ea1-beb7-9e3d0fa7e71f
FRVIAE12346063442,FRVIA63b9a2fb-f35c-4dfb-bf27-4a42039521dd
FRVIAE12346063441,FRVIA63b9a2fb-f35c-4dfb-bf27-4a42039521dd
FRVIAE20122062022,FRVIA64cfd72818304ee28d3a875aef64d31b
FRVIAE20122062021,FRVIA64cfd72818304ee28d3a875aef64d31b
FRVIAE20122195016,FRVIA1b4c8df3140c49899a53d6c614ef431e
FRVIAE20122195015,FRVIA1b4c8df3140c49899a53d6c614ef431e
FRVIAE20122195014,FRVIA1b4c8df3140c49899a53d6c614ef431e
FRVIAE20122195013,FRVIA1b4c8df3140c49899a53d6c614ef431e
FRVIAE20122195012,FRVIA1b4c8df3140c49899a53d6c614ef431e
FRVIAE20122195011,FRVIA1b4c8df3140c49899a53d6c614ef431e
FRVIAE10001229572,FRVIA87b962cf-5c99-4812-8f03-16f2047aba80
FRVIAE10001229571,FRVIA87b962cf-5c99-4812-8f03-16f2047aba80
FRVIAE10001453932,FRVIA63b9a2fb-f35c-4dfb-bf27-4a42039521dd
FRVIAE10001453931,FRVIA63b9a2fb-f35c-4dfb-bf27-4a42039521dd
FRVIAE10001181302,FRVIA663d278c-7663-41ea-86aa-015b9a5dd8e4
FRVIAE10001181301,FRVIA663d278c-7663-41ea-86aa-015b9a5dd8e4
FRVIAE12346219612,FRVIA63b9a2fb-f35c-4dfb-bf27-4a42039521dd
FRVIAE12346219611,FRVIA63b9a2fb-f35c-4dfb-bf27-4a42039521dd
FRVIAE10001453182,FRVIAd57690eb-0476-4bdf-862a-4fd2da26302f
FRVIAE10001453181,FRVIAd57690eb-0476-4bdf-862a-4fd2da26302f
FRVIAE20122077012,FRVIA7e5797d5-0da9-4ea1-beb7-9e3d0fa7e71f
FRVIAE20122077011,FRVIA7e5797d5-0da9-4ea1-beb7-9e3d0fa7e71f
FRVIAE20122091012,FRVIA7e5797d5-0da9-4ea1-beb7-9e3d0fa7e71f
FRVIAE20122091011,FRVIA7e5797d5-0da9-4ea1-beb7-9e3d0fa7e71f
FRVIAE12346029852,FRVIA7e5797d5-0da9-4ea1-beb7-9e3d0fa7e71f
FRVIAE12346029851,FRVIA7e5797d5-0da9-4ea1-beb7-9e3d0fa7e71f
FRVIAE10001180792,FRVIA87b962cf-5c99-4812-8f03-16f2047aba80
FRVIAE10001180791,FRVIA87b962cf-5c99-4812-8f03-16f2047aba80
FRVIAE12346030632,FRVIA7e5797d5-0da9-4ea1-beb7-9e3d0fa7e71f
FRVIAE12346030631,FRVIA7e5797d5-0da9-4ea1-beb7-9e3d0fa7e71f
FRVIAE12346031262,FRVIA7e5797d5-0da9-4ea1-beb7-9e3d0fa7e71f
FRVIAE12346031261,FRVIA7e5797d5-0da9-4ea1-beb7-9e3d0fa7e71f
FRVIAE20122098012,FRVIA64cfd72818304ee28d3a875aef64d31b
FRVIAE20122098011,FRVIA64cfd72818304ee28d3a875aef64d31b
FRVIAE20122181012,FRVIA7e5797d5-0da9-4ea1-beb7-9e3d0fa7e71f
FRVIAE20122181011,FRVIA7e5797d5-0da9-4ea1-beb7-9e3d0fa7e71f
FRVIAE20161005032,FRVIAfa6213d8-d5b6-4194-9c4e-3d089601e0b6
FRVIAE20161005031,FRVIAfa6213d8-d5b6-4194-9c4e-3d089601e0b6
FRVIAE20122089012,FRVIA7e5797d5-0da9-4ea1-beb7-9e3d0fa7e71f
FRVIAE20122089011,FRVIA7e5797d5-0da9-4ea1-beb7-9e3d0fa7e71f
FRVIAE10001181032,FRVIA87b962cf-5c99-4812-8f03-16f2047aba80
FRVIAE10001181031,FRVIA87b962cf-5c99-4812-8f03-16f2047aba80
FRVIAE12345703772,FRVIA63b9a2fb-f35c-4dfb-bf27-4a42039521dd
FRVIAE12345703771,FRVIA63b9a2fb-f35c-4dfb-bf27-4a42039521dd
FRVIAE10001181092,FRVIA663d278c-7663-41ea-86aa-015b9a5dd8e4
FRVIAE10001181091,FRVIA663d278c-7663-41ea-86aa-015b9a5dd8e4
FRVIAE20122239032,FRVIA7e5797d5-0da9-4ea1-beb7-9e3d0fa7e71f
FRVIAE20122239031,FRVIA7e5797d5-0da9-4ea1-beb7-9e3d0fa7e71f
FRVIAE10001205352,FRVIA65df1f1d-34c8-4886-a465-c0943f5e9ba2
FRVIAE10001205351,FRVIA65df1f1d-34c8-4886-a465-c0943f5e9ba2
FRVIAE20122063062,FRVIA1b4c8df3140c49899a53d6c614ef431e
FRVIAE20122063061,FRVIA1b4c8df3140c49899a53d6c614ef431e
FRVIAE10001231722,FRVIA663d278c-7663-41ea-86aa-015b9a5dd8e4
FRVIAE10001231721,FRVIA663d278c-7663-41ea-86aa-015b9a5dd8e4
FRVIAE10001181223,FRVIA663d278c-7663-41ea-86aa-015b9a5dd8e4
FRVIAE10001169603,FRVIA84ba7e49-a9d1-41d9-85f4-d72d875ec724
FRVIAE10001169602,FRVIA84ba7e49-a9d1-41d9-85f4-d72d875ec724
FRVIAE10001169601,FRVIA84ba7e49-a9d1-41d9-85f4-d72d875ec724
FRVIAE20122072012,FRVIA7e5797d5-0da9-4ea1-beb7-9e3d0fa7e71f
FRVIAE20122072011,FRVIA7e5797d5-0da9-4ea1-beb7-9e3d0fa7e71f
FRVIAE12346029932,FRVIA7e5797d5-0da9-4ea1-beb7-9e3d0fa7e71f
FRVIAE12346029931,FRVIA7e5797d5-0da9-4ea1-beb7-9e3d0fa7e71f
FRVIAE10001205442,FRVIA65df1f1d-34c8-4886-a465-c0943f5e9ba2
FRVIAE10001205441,FRVIA65df1f1d-34c8-4886-a465-c0943f5e9ba2
FRVIAE10001181222,FRVIA663d278c-7663-41ea-86aa-015b9a5dd8e4
FRVIAE10001181221,FRVIA663d278c-7663-41ea-86aa-015b9a5dd8e4
FRVIAE20122087012,FRVIA7e5797d5-0da9-4ea1-beb7-9e3d0fa7e71f
FRVIAE20122087011,FRVIA7e5797d5-0da9-4ea1-beb7-9e3d0fa7e71f
FRVIAE20161004052,FRVIA5ac8fc13-69bd-4238-91fc-00d74021df49
FRVIAE20161004051,FRVIA5ac8fc13-69bd-4238-91fc-00d74021df49
FRVIAE10001393702,FRVIA63b9a2fb-f35c-4dfb-bf27-4a42039521dd
FRVIAE10001393701,FRVIA63b9a2fb-f35c-4dfb-bf27-4a42039521dd
FRVIAE12345727902,FRVIA1b4c8df3140c49899a53d6c614ef431e
FRVIAE12345727901,FRVIA1b4c8df3140c49899a53d6c614ef431e
FRVIAE10001230982,FRVIA87b962cf-5c99-4812-8f03-16f2047aba80
FRVIAE10001230981,FRVIA87b962cf-5c99-4812-8f03-16f2047aba80
FRVIAE10001205432,FRVIA65df1f1d-34c8-4886-a465-c0943f5e9ba2
FRVIAE10001205431,FRVIA65df1f1d-34c8-4886-a465-c0943f5e9ba2
FRVIAE20122082032,FRVIA7e5797d5-0da9-4ea1-beb7-9e3d0fa7e71f
FRVIAE20122082031,FRVIA7e5797d5-0da9-4ea1-beb7-9e3d0fa7e71f
FRVIAE10001169923,FRVIA84ba7e49-a9d1-41d9-85f4-d72d875ec724
FRVIAE10001169922,FRVIA84ba7e49-a9d1-41d9-85f4-d72d875ec724
FRVIAE10001169921,FRVIA84ba7e49-a9d1-41d9-85f4-d72d875ec724
FRVIAE10001180962,FRVIA87b962cf-5c99-4812-8f03-16f2047aba80
FRVIAE10001180961,FRVIA87b962cf-5c99-4812-8f03-16f2047aba80
FRVIAE20122070012,FRVIA7e5797d5-0da9-4ea1-beb7-9e3d0fa7e71f
FRVIAE20122070011,FRVIA7e5797d5-0da9-4ea1-beb7-9e3d0fa7e71f
FRVIAE10001231812,FRVIA663d278c-7663-41ea-86aa-015b9a5dd8e4
FRVIAE10001231811,FRVIA663d278c-7663-41ea-86aa-015b9a5dd8e4
FRVIAE10001181193,FRVIA663d278c-7663-41ea-86aa-015b9a5dd8e4
FRVIAE12346031102,FRVIA7e5797d5-0da9-4ea1-beb7-9e3d0fa7e71f
FRVIAE12346031101,FRVIA7e5797d5-0da9-4ea1-beb7-9e3d0fa7e71f
FRVIAE12346063492,FRVIA63b9a2fb-f35c-4dfb-bf27-4a42039521dd
FRVIAE12346063491,FRVIA63b9a2fb-f35c-4dfb-bf27-4a42039521dd
FRVIAE20122064032,FRVIA7e5797d5-0da9-4ea1-beb7-9e3d0fa7e71f
FRVIAE20122064031,FRVIA7e5797d5-0da9-4ea1-beb7-9e3d0fa7e71f
FRVIAE12346030802,FRVIA7e5797d5-0da9-4ea1-beb7-9e3d0fa7e71f
FRVIAE12346030801,FRVIA7e5797d5-0da9-4ea1-beb7-9e3d0fa7e71f
FRVIAE20122076012,FRVIA7e5797d5-0da9-4ea1-beb7-9e3d0fa7e71f
FRVIAE20122076011,FRVIA7e5797d5-0da9-4ea1-beb7-9e3d0fa7e71f
FRVIAE12345955292,FRVIA1b4c8df3140c49899a53d6c614ef431e
FRVIAE12345955291,FRVIA1b4c8df3140c49899a53d6c614ef431e
FRVIAE10001170123,FRVIA84ba7e49-a9d1-41d9-85f4-d72d875ec724
FRVIAE10001170122,FRVIA84ba7e49-a9d1-41d9-85f4-d72d875ec724
FRVIAE10001170121,FRVIA84ba7e49-a9d1-41d9-85f4-d72d875ec724
FRVIAE12346029992,FRVIA7e5797d5-0da9-4ea1-beb7-9e3d0fa7e71f
FRVIAE12346029991,FRVIA7e5797d5-0da9-4ea1-beb7-9e3d0fa7e71f
FRVIAE12346031252,FRVIA7e5797d5-0da9-4ea1-beb7-9e3d0fa7e71f
FRVIAE12346031251,FRVIA7e5797d5-0da9-4ea1-beb7-9e3d0fa7e71f
FRVIAE12346219672,FRVIA63b9a2fb-f35c-4dfb-bf27-4a42039521dd
FRVIAE12346219671,FRVIA63b9a2fb-f35c-4dfb-bf27-4a42039521dd
FRVIAE10001444632,FRVIA1b4c8df3140c49899a53d6c614ef431e
FRVIAE10001444631,FRVIA1b4c8df3140c49899a53d6c614ef431e
FRVIAE10001180952,FRVIA87b962cf-5c99-4812-8f03-16f2047aba80
FRVIAE10001180951,FRVIA87b962cf-5c99-4812-8f03-16f2047aba80
FRVIAE10001453052,FRVIA63b9a2fb-f35c-4dfb-bf27-4a42039521dd
FRVIAE10001453051,FRVIA63b9a2fb-f35c-4dfb-bf27-4a42039521dd
FRVIAE10001180802,FRVIA87b962cf-5c99-4812-8f03-16f2047aba80
FRVIAE10001180801,FRVIA87b962cf-5c99-4812-8f03-16f2047aba80
FRVIAE12346030702,FRVIA7e5797d5-0da9-4ea1-beb7-9e3d0fa7e71f
FRVIAE12346030701,FRVIA7e5797d5-0da9-4ea1-beb7-9e3d0fa7e71f
FRVIAE12346031312,FRVIA7e5797d5-0da9-4ea1-beb7-9e3d0fa7e71f
FRVIAE12346031311,FRVIA7e5797d5-0da9-4ea1-beb7-9e3d0fa7e71f
FRVIAE12346031012,FRVIA7e5797d5-0da9-4ea1-beb7-9e3d0fa7e71f
FRVIAE12346031011,FRVIA7e5797d5-0da9-4ea1-beb7-9e3d0fa7e71f
FRVIAE20122071012,FRVIA7e5797d5-0da9-4ea1-beb7-9e3d0fa7e71f
FRVIAE20122071011,FRVIA7e5797d5-0da9-4ea1-beb7-9e3d0fa7e71f
FRVIAE20122097012,FRVIA7e5797d5-0da9-4ea1-beb7-9e3d0fa7e71f
FRVIAE20122097011,FRVIA7e5797d5-0da9-4ea1-beb7-9e3d0fa7e71f
FRVIAE12346031062,FRVIA64cfd72818304ee28d3a875aef64d31b
FRVIAE12346031061,FRVIA64cfd72818304ee28d3a875aef64d31b
FRVIAE10001180812,FRVIA87b962cf-5c99-4812-8f03-16f2047aba80
FRVIAE10001180811,FRVIA87b962cf-5c99-4812-8f03-16f2047aba80
FRVIAE12346030202,FRVIA7e5797d5-0da9-4ea1-beb7-9e3d0fa7e71f
FRVIAE12346030201,FRVIA7e5797d5-0da9-4ea1-beb7-9e3d0fa7e71f
FRVIAE12346030192,FRVIA7e5797d5-0da9-4ea1-beb7-9e3d0fa7e71f
FRVIAE12346030191,FRVIA7e5797d5-0da9-4ea1-beb7-9e3d0fa7e71f
FRVIAE12346029892,FRVIA1b4c8df3140c49899a53d6c614ef431e
FRVIAE12346029891,FRVIA1b4c8df3140c49899a53d6c614ef431e
FRVIAE20122069012,FRVIA64cfd72818304ee28d3a875aef64d31b
FRVIAE20122069011,FRVIA64cfd72818304ee28d3a875aef64d31b
FRVIAE10001205362,FRVIA65df1f1d-34c8-4886-a465-c0943f5e9ba2
FRVIAE10001205361,FRVIA65df1f1d-34c8-4886-a465-c0943f5e9ba2
FRVIAE20161010082,FRVIA5ac8fc13-69bd-4238-91fc-00d74021df49
FRVIAE20161010081,FRVIA5ac8fc13-69bd-4238-91fc-00d74021df49
FRVIAE12345951862,FRVIA1b4c8df3140c49899a53d6c614ef431e
FRVIAE12345951861,FRVIA1b4c8df3140c49899a53d6c614ef431e
FRVIAE12346031182,FRVIA7e5797d5-0da9-4ea1-beb7-9e3d0fa7e71f
FRVIAE12346031181,FRVIA7e5797d5-0da9-4ea1-beb7-9e3d0fa7e71f
FRVIAE12346033452,FRVIA63b9a2fb-f35c-4dfb-bf27-4a42039521dd
FRVIAE12346033451,FRVIA63b9a2fb-f35c-4dfb-bf27-4a42039521dd
FRVIAE20122172012,FRVIA1b4c8df3140c49899a53d6c614ef431e
FRVIAE20122172011,FRVIA1b4c8df3140c49899a53d6c614ef431e
FRVIAE20122025032,FRVIA7e5797d5-0da9-4ea1-beb7-9e3d0fa7e71f
FRVIAE20122025031,FRVIA7e5797d5-0da9-4ea1-beb7-9e3d0fa7e71f
FRVIAE20164012022,FRVIA5ac8fc13-69bd-4238-91fc-00d74021df49
FRVIAE20164012021,FRVIA5ac8fc13-69bd-4238-91fc-00d74021df49
FRVIAE10001453982,FRVIA63b9a2fb-f35c-4dfb-bf27-4a42039521dd
FRVIAE10001453981,FRVIA63b9a2fb-f35c-4dfb-bf27-4a42039521dd
FRVIAE20122088012,FRVIA7e5797d5-0da9-4ea1-beb7-9e3d0fa7e71f
FRVIAE20122088011,FRVIA7e5797d5-0da9-4ea1-beb7-9e3d0fa7e71f
FRVIAE12346063432,FRVIA63b9a2fb-f35c-4dfb-bf27-4a42039521dd
FRVIAE12346063431,FRVIA63b9a2fb-f35c-4dfb-bf27-4a42039521dd
FRVIAE20122062012,FRVIA64cfd72818304ee28d3a875aef64d31b
FRVIAE20122062011,FRVIA64cfd72818304ee28d3a875aef64d31b
FRVIAE10001205452,FRVIA65df1f1d-34c8-4886-a465-c0943f5e9ba2
FRVIAE10001205451,FRVIA65df1f1d-34c8-4886-a465-c0943f5e9ba2
FRVIAE10001170193,FRVIA84ba7e49-a9d1-41d9-85f4-d72d875ec724
FRVIAE10001170192,FRVIA84ba7e49-a9d1-41d9-85f4-d72d875ec724
FRVIAE10001170191,FRVIA84ba7e49-a9d1-41d9-85f4-d72d875ec724
FRVIAE10001169953,FRVIA84ba7e49-a9d1-41d9-85f4-d72d875ec724
FRVIAE10001169952,FRVIA84ba7e49-a9d1-41d9-85f4-d72d875ec724
FRVIAE10001169951,FRVIA84ba7e49-a9d1-41d9-85f4-d72d875ec724
FRVIAE12345703853,FRVIA0f286212-cb69-4cd7-abda-c0368a02ccbf
FRVIAE12345703852,FRVIA0f286212-cb69-4cd7-abda-c0368a02ccbf
FRVIAE12345703851,FRVIA0f286212-cb69-4cd7-abda-c0368a02ccbf
FRVIAE12346219602,FRVIA63b9a2fb-f35c-4dfb-bf27-4a42039521dd
FRVIAE12346219601,FRVIA63b9a2fb-f35c-4dfb-bf27-4a42039521dd
FRVIAE10001453162,FRVIAd57690eb-0476-4bdf-862a-4fd2da26302f
FRVIAE10001453161,FRVIAd57690eb-0476-4bdf-862a-4fd2da26302f
FRVIAE10001180782,FRVIA87b962cf-5c99-4812-8f03-16f2047aba80
FRVIAE10001180781,FRVIA87b962cf-5c99-4812-8f03-16f2047aba80
FRVIAE20161005022,FRVIAfa6213d8-d5b6-4194-9c4e-3d089601e0b6
FRVIAE20161005021,FRVIAfa6213d8-d5b6-4194-9c4e-3d089601e0b6
FRVIAE10001181192,FRVIA663d278c-7663-41ea-86aa-015b9a5dd8e4
FRVIAE10001181191,FRVIA663d278c-7663-41ea-86aa-015b9a5dd8e4
FRVIAE10001181503,FRVIA663d278c-7663-41ea-86aa-015b9a5dd8e4
FRVIAE20122239022,FRVIA7e5797d5-0da9-4ea1-beb7-9e3d0fa7e71f
FRVIAE20122239021,FRVIA7e5797d5-0da9-4ea1-beb7-9e3d0fa7e71f
FRVIAE20122063052,FRVIA1b4c8df3140c49899a53d6c614ef431e
FRVIAE20122063051,FRVIA1b4c8df3140c49899a53d6c614ef431e
FRVIAE10001181502,FRVIA663d278c-7663-41ea-86aa-015b9a5dd8e4
FRVIAE10001181501,FRVIA663d278c-7663-41ea-86aa-015b9a5dd8e4
FRVIAE10001181523,FRVIA663d278c-7663-41ea-86aa-015b9a5dd8e4
FRVIAE20161004042,FRVIA5ac8fc13-69bd-4238-91fc-00d74021df49
FRVIAE20161004041,FRVIA5ac8fc13-69bd-4238-91fc-00d74021df49
FRVIAE10001230972,FRVIA87b962cf-5c99-4812-8f03-16f2047aba80
FRVIAE10001230971,FRVIA87b962cf-5c99-4812-8f03-16f2047aba80
FRVIAE20122082022,FRVIA7e5797d5-0da9-4ea1-beb7-9e3d0fa7e71f
FRVIAE20122082021,FRVIA7e5797d5-0da9-4ea1-beb7-9e3d0fa7e71f
FRVIAE10001180942,FRVIA87b962cf-5c99-4812-8f03-16f2047aba80
FRVIAE10001180941,FRVIA87b962cf-5c99-4812-8f03-16f2047aba80
FRVIAE12346063472,FRVIA63b9a2fb-f35c-4dfb-bf27-4a42039521dd
FRVIAE12346063471,FRVIA63b9a2fb-f35c-4dfb-bf27-4a42039521dd
FRVIAE20122064022,FRVIA7e5797d5-0da9-4ea1-beb7-9e3d0fa7e71f
FRVIAE20122064021,FRVIA7e5797d5-0da9-4ea1-beb7-9e3d0fa7e71f
FRVIAE12346219663,FRVIA0f286212-cb69-4cd7-abda-c0368a02ccbf
FRVIAE12346219662,FRVIA0f286212-cb69-4cd7-abda-c0368a02ccbf
FRVIAE12346219661,FRVIA0f286212-cb69-4cd7-abda-c0368a02ccbf
FRVIAE10001180932,FRVIA87b962cf-5c99-4812-8f03-16f2047aba80
FRVIAE10001180931,FRVIA87b962cf-5c99-4812-8f03-16f2047aba80
FRVIAE10001180772,FRVIA87b962cf-5c99-4812-8f03-16f2047aba80
FRVIAE10001180771,FRVIA87b962cf-5c99-4812-8f03-16f2047aba80
FRVIAE20161010072,FRVIA5ac8fc13-69bd-4238-91fc-00d74021df49
FRVIAE20161010071,FRVIA5ac8fc13-69bd-4238-91fc-00d74021df49
FRVIAE12346031172,FRVIA7e5797d5-0da9-4ea1-beb7-9e3d0fa7e71f
FRVIAE12346031171,FRVIA7e5797d5-0da9-4ea1-beb7-9e3d0fa7e71f
FRVIAE12346033383,FRVIA0f286212-cb69-4cd7-abda-c0368a02ccbf
FRVIAE12346033382,FRVIA0f286212-cb69-4cd7-abda-c0368a02ccbf
FRVIAE12346033381,FRVIA0f286212-cb69-4cd7-abda-c0368a02ccbf
FRVIAE20122025022,FRVIA7e5797d5-0da9-4ea1-beb7-9e3d0fa7e71f
FRVIAE20122025021,FRVIA7e5797d5-0da9-4ea1-beb7-9e3d0fa7e71f
FRVIAE20164012012,FRVIA5ac8fc13-69bd-4238-91fc-00d74021df49
FRVIAE20164012011,FRVIA5ac8fc13-69bd-4238-91fc-00d74021df49
FRVIAE12346063422,FRVIA63b9a2fb-f35c-4dfb-bf27-4a42039521dd
FRVIAE12346063421,FRVIA63b9a2fb-f35c-4dfb-bf27-4a42039521dd
FRVIAE10001169593,FRVIA84ba7e49-a9d1-41d9-85f4-d72d875ec724
FRVIAE10001169592,FRVIA84ba7e49-a9d1-41d9-85f4-d72d875ec724
FRVIAE10001169591,FRVIA84ba7e49-a9d1-41d9-85f4-d72d875ec724
FRVIAE10001169913,FRVIA84ba7e49-a9d1-41d9-85f4-d72d875ec724
FRVIAE10001169912,FRVIA84ba7e49-a9d1-41d9-85f4-d72d875ec724
FRVIAE10001169911,FRVIA84ba7e49-a9d1-41d9-85f4-d72d875ec724
FRVIAE10001181522,FRVIA663d278c-7663-41ea-86aa-015b9a5dd8e4
FRVIAE10001181521,FRVIA663d278c-7663-41ea-86aa-015b9a5dd8e4
FRVIAE12346219592,FRVIA63b9a2fb-f35c-4dfb-bf27-4a42039521dd
FRVIAE12346219591,FRVIA63b9a2fb-f35c-4dfb-bf27-4a42039521dd
FRVIAE10001170013,FRVIA84ba7e49-a9d1-41d9-85f4-d72d875ec724
FRVIAE10001170012,FRVIA84ba7e49-a9d1-41d9-85f4-d72d875ec724
FRVIAE10001170011,FRVIA84ba7e49-a9d1-41d9-85f4-d72d875ec724
FRVIAE10001170183,FRVIA84ba7e49-a9d1-41d9-85f4-d72d875ec724
FRVIAE10001170182,FRVIA84ba7e49-a9d1-41d9-85f4-d72d875ec724
FRVIAE10001170181,FRVIA84ba7e49-a9d1-41d9-85f4-d72d875ec724
FRVIAE10001453153,FRVIAd57690eb-0476-4bdf-862a-4fd2da26302f
FRVIAE10001453152,FRVIA7e5797d5-0da9-4ea1-beb7-9e3d0fa7e71f
FRVIAE10001453151,FRVIA7e5797d5-0da9-4ea1-beb7-9e3d0fa7e71f
FRVIAE10001180762,FRVIA87b962cf-5c99-4812-8f03-16f2047aba80
FRVIAE10001180761,FRVIA87b962cf-5c99-4812-8f03-16f2047aba80
FRVIAE20161005012,FRVIAfa6213d8-d5b6-4194-9c4e-3d089601e0b6
FRVIAE20161005011,FRVIAfa6213d8-d5b6-4194-9c4e-3d089601e0b6
FRVIAE20122239012,FRVIA7e5797d5-0da9-4ea1-beb7-9e3d0fa7e71f
FRVIAE20122239011,FRVIA7e5797d5-0da9-4ea1-beb7-9e3d0fa7e71f
FRVIAE20122063042,FRVIA1b4c8df3140c49899a53d6c614ef431e
FRVIAE20122063041,FRVIA1b4c8df3140c49899a53d6c614ef431e
FRVIAE20161004032,FRVIA5ac8fc13-69bd-4238-91fc-00d74021df49
FRVIAE20161004031,FRVIA5ac8fc13-69bd-4238-91fc-00d74021df49
FRVIAE10001205502,FRVIA65df1f1d-34c8-4886-a465-c0943f5e9ba2
FRVIAE10001205501,FRVIA65df1f1d-34c8-4886-a465-c0943f5e9ba2
FRVIAE20122082012,FRVIA7e5797d5-0da9-4ea1-beb7-9e3d0fa7e71f
FRVIAE20122082011,FRVIA7e5797d5-0da9-4ea1-beb7-9e3d0fa7e71f
FRVIAE10001180922,FRVIA87b962cf-5c99-4812-8f03-16f2047aba80
FRVIAE10001180921,FRVIA87b962cf-5c99-4812-8f03-16f2047aba80
FRVIAE20122064012,FRVIA7e5797d5-0da9-4ea1-beb7-9e3d0fa7e71f
FRVIAE20122064011,FRVIA7e5797d5-0da9-4ea1-beb7-9e3d0fa7e71f
FRVIAE10001180912,FRVIA87b962cf-5c99-4812-8f03-16f2047aba80
FRVIAE10001180911,FRVIA87b962cf-5c99-4812-8f03-16f2047aba80
FRVIAE10001180752,FRVIA87b962cf-5c99-4812-8f03-16f2047aba80
FRVIAE10001180751,FRVIA87b962cf-5c99-4812-8f03-16f2047aba80
FRVIAE20161010062,FRVIA5ac8fc13-69bd-4238-91fc-00d74021df49
FRVIAE20161010061,FRVIA5ac8fc13-69bd-4238-91fc-00d74021df49
FRVIAE12346031162,FRVIA7e5797d5-0da9-4ea1-beb7-9e3d0fa7e71f
FRVIAE12346031161,FRVIA7e5797d5-0da9-4ea1-beb7-9e3d0fa7e71f
FRVIAE20122025012,FRVIA7e5797d5-0da9-4ea1-beb7-9e3d0fa7e71f
FRVIAE20122025011,FRVIA7e5797d5-0da9-4ea1-beb7-9e3d0fa7e71f
FRVIAE10001181182,FRVIA663d278c-7663-41ea-86aa-015b9a5dd8e4
FRVIAE10001181181,FRVIA663d278c-7663-41ea-86aa-015b9a5dd8e4
FRVIAE12346219572,FRVIA63b9a2fb-f35c-4dfb-bf27-4a42039521dd
FRVIAE12346219571,FRVIA63b9a2fb-f35c-4dfb-bf27-4a42039521dd
FRVIAE12346219653,FRVIA0f286212-cb69-4cd7-abda-c0368a02ccbf
FRVIAE12346219652,FRVIA0f286212-cb69-4cd7-abda-c0368a02ccbf
FRVIAE12346219651,FRVIA0f286212-cb69-4cd7-abda-c0368a02ccbf
FRVIAE20123013032,FRVIAe9a95d1a-7f0c-49b8-a860-4f450bce162c
FRVIAE20123013031,FRVIAe9a95d1a-7f0c-49b8-a860-4f450bce162c
FRVIAE20142049012,FRVIA1b4c8df3140c49899a53d6c614ef431e
FRVIAE20142049011,FRVIA1b4c8df3140c49899a53d6c614ef431e
FRVIAE20142063013,FRVIA1b4c8df3140c49899a53d6c614ef431e
FRVIAE20142063012,FRVIA1b4c8df3140c49899a53d6c614ef431e
FRVIAE20142063011,FRVIA1b4c8df3140c49899a53d6c614ef431e
FRVIAE20142007012,FRVIA1b4c8df3140c49899a53d6c614ef431e
FRVIAE20142007011,FRVIA1b4c8df3140c49899a53d6c614ef431e
FRVIAE20103004042,FRVIA84ba7e49-a9d1-41d9-85f4-d72d875ec724
FRVIAE20103004041,FRVIA84ba7e49-a9d1-41d9-85f4-d72d875ec724
FRVIAE20142078012,FRVIA1b4c8df3140c49899a53d6c614ef431e
FRVIAE20142078011,FRVIA1b4c8df3140c49899a53d6c614ef431e
FRVIAE20142012012,FRVIA1b4c8df3140c49899a53d6c614ef431e
FRVIAE20142012011,FRVIA1b4c8df3140c49899a53d6c614ef431e
FRVIAE10001093022,FRVIA1b4c8df3140c49899a53d6c614ef431e
FRVIAE10001093021,FRVIA1b4c8df3140c49899a53d6c614ef431e
FRVIAE20142064012,FRVIA1b4c8df3140c49899a53d6c614ef431e
FRVIAE20142064011,FRVIA1b4c8df3140c49899a53d6c614ef431e
FRVIAE20142062012,FRVIA1b4c8df3140c49899a53d6c614ef431e
FRVIAE20142062011,FRVIA1b4c8df3140c49899a53d6c614ef431e
FRVIAE10001181172,FRVIA663d278c-7663-41ea-86aa-015b9a5dd8e4
FRVIAE10001181171,FRVIA663d278c-7663-41ea-86aa-015b9a5dd8e4
FRVIAE10001158072,FRVIA1b4c8df3140c49899a53d6c614ef431e
FRVIAE10001158071,FRVIA1b4c8df3140c49899a53d6c614ef431e
FRVIAE10001301052,FRVIA663d278c-7663-41ea-86aa-015b9a5dd8e4
FRVIAE10001301051,FRVIA663d278c-7663-41ea-86aa-015b9a5dd8e4
FRVIAE12345724922,FRVIA1b4c8df3140c49899a53d6c614ef431e
FRVIAE12345724921,FRVIA1b4c8df3140c49899a53d6c614ef431e
FRVIAE20142022012,FRVIA1b4c8df3140c49899a53d6c614ef431e
FRVIAE20142022011,FRVIA1b4c8df3140c49899a53d6c614ef431e
FRVIAE10001093012,FRVIA1b4c8df3140c49899a53d6c614ef431e
FRVIAE10001093011,FRVIA1b4c8df3140c49899a53d6c614ef431e
FRVIAE12346141796,FRVIA1b4c8df3140c49899a53d6c614ef431e
FRVIAE12346141795,FRVIA1b4c8df3140c49899a53d6c614ef431e
FRVIAE12346141794,FRVIA1b4c8df3140c49899a53d6c614ef431e
FRVIAE12346141793,FRVIA1b4c8df3140c49899a53d6c614ef431e
FRVIAE12346141792,FRVIA1b4c8df3140c49899a53d6c614ef431e
FRVIAE12346141791,FRVIA1b4c8df3140c49899a53d6c614ef431e
FRVIAE20142088012,FRVIA1b4c8df3140c49899a53d6c614ef431e
FRVIAE20142088011,FRVIA1b4c8df3140c49899a53d6c614ef431e
FRVIAE20142090012,FRVIA1b4c8df3140c49899a53d6c614ef431e
FRVIAE20142090011,FRVIA1b4c8df3140c49899a53d6c614ef431e
FRVIAE10001445524,FRVIA9ce4a9d0-ef0d-4bd5-a61c-f36a35f666b6
FRVIAE10001445523,FRVIA9ce4a9d0-ef0d-4bd5-a61c-f36a35f666b6
FRVIAE10001445522,FRVIA9ce4a9d0-ef0d-4bd5-a61c-f36a35f666b6
FRVIAE10001445521,FRVIA9ce4a9d0-ef0d-4bd5-a61c-f36a35f666b6
FRVIAE12346392702,FRVIA1b4c8df3140c49899a53d6c614ef431e
FRVIAE12346392701,FRVIA1b4c8df3140c49899a53d6c614ef431e
FRVIAE10001208092,FRVIA1b4c8df3140c49899a53d6c614ef431e
FRVIAE10001208091,FRVIA1b4c8df3140c49899a53d6c614ef431e
FRVIAE20152003062,FRVIA64cfd72818304ee28d3a875aef64d31b
FRVIAE20152003061,FRVIA64cfd72818304ee28d3a875aef64d31b
FRVIAE20102001022,FRVIA64cfd72818304ee28d3a875aef64d31b
FRVIAE20102001021,FRVIA64cfd72818304ee28d3a875aef64d31b
FRVIAE20149002032,FRVIA7d814e34-8d08-4c97-82ce-5e3887f2aaaf
FRVIAE20149002031,FRVIA7d814e34-8d08-4c97-82ce-5e3887f2aaaf
FRVIAE10001475434,FRVIA9ce4a9d0-ef0d-4bd5-a61c-f36a35f666b6
FRVIAE10001475433,FRVIA9ce4a9d0-ef0d-4bd5-a61c-f36a35f666b6
FRVIAE10001475432,FRVIA9ce4a9d0-ef0d-4bd5-a61c-f36a35f666b6
FRVIAE10001475431,FRVIA9ce4a9d0-ef0d-4bd5-a61c-f36a35f666b6
FRVIAE10001092972,FRVIA1b4c8df3140c49899a53d6c614ef431e
FRVIAE10001092971,FRVIA1b4c8df3140c49899a53d6c614ef431e
FRVIAE10001158082,FRVIA1b4c8df3140c49899a53d6c614ef431e
FRVIAE10001158081,FRVIA1b4c8df3140c49899a53d6c614ef431e
FRVIAE20142087012,FRVIA1b4c8df3140c49899a53d6c614ef431e
FRVIAE20142087011,FRVIA1b4c8df3140c49899a53d6c614ef431e
FRVIAE12346276372,FRVIA1b4c8df3140c49899a53d6c614ef431e
FRVIAE12346276371,FRVIA1b4c8df3140c49899a53d6c614ef431e
FRVIAE20142033013,FRVIA1b4c8df3140c49899a53d6c614ef431e
FRVIAE20142033012,FRVIA64cfd72818304ee28d3a875aef64d31b
FRVIAE20142033011,FRVIA64cfd72818304ee28d3a875aef64d31b
FRVIAE20142057012,FRVIA1b4c8df3140c49899a53d6c614ef431e
FRVIAE20142057011,FRVIA1b4c8df3140c49899a53d6c614ef431e
FRVIAE10001158062,FRVIA1b4c8df3140c49899a53d6c614ef431e
FRVIAE10001158061,FRVIA1b4c8df3140c49899a53d6c614ef431e
FRVIAE20142008013,FRVIA1b4c8df3140c49899a53d6c614ef431e
FRVIAE20142008012,FRVIA1b4c8df3140c49899a53d6c614ef431e
FRVIAE20142008011,FRVIA1b4c8df3140c49899a53d6c614ef431e
FRVIAE12345955276,FRVIA1b4c8df3140c49899a53d6c614ef431e
FRVIAE12345955275,FRVIA1b4c8df3140c49899a53d6c614ef431e
FRVIAE12345955274,FRVIA1b4c8df3140c49899a53d6c614ef431e
FRVIAE12345955273,FRVIA1b4c8df3140c49899a53d6c614ef431e
FRVIAE12345955272,FRVIA1b4c8df3140c49899a53d6c614ef431e
FRVIAE12345955271,FRVIA1b4c8df3140c49899a53d6c614ef431e
FRVIAE20142039023,FRVIA1b4c8df3140c49899a53d6c614ef431e
FRVIAE20142039022,FRVIA1b4c8df3140c49899a53d6c614ef431e
FRVIAE20142039021,FRVIA1b4c8df3140c49899a53d6c614ef431e
FRVIAE10001225512,FRVIA663d278c-7663-41ea-86aa-015b9a5dd8e4
FRVIAE10001225511,FRVIA663d278c-7663-41ea-86aa-015b9a5dd8e4
FRVIAE12346339232,FRVIA1b4c8df3140c49899a53d6c614ef431e
FRVIAE12346339231,FRVIA1b4c8df3140c49899a53d6c614ef431e
FRVIAE20149001052,FRVIA0b46268150cf4976ad848e9cfbe14c78
FRVIAE20149001051,FRVIA0b46268150cf4976ad848e9cfbe14c78
FRVIAE12346397212,FRVIA1b4c8df3140c49899a53d6c614ef431e
FRVIAE12346397211,FRVIA1b4c8df3140c49899a53d6c614ef431e
FRVIAE10001221162,FRVIA663d278c-7663-41ea-86aa-015b9a5dd8e4
FRVIAE10001221161,FRVIA663d278c-7663-41ea-86aa-015b9a5dd8e4
FRVIAE20142136022,FRVIA1b4c8df3140c49899a53d6c614ef431e
FRVIAE20142136021,FRVIA1b4c8df3140c49899a53d6c614ef431e
FRVIAE20131006022,FRVIA64cfd72818304ee28d3a875aef64d31b
FRVIAE20131006021,FRVIA64cfd72818304ee28d3a875aef64d31b
FRVIAE20123013022,FRVIAe9a95d1a-7f0c-49b8-a860-4f450bce162c
FRVIAE20123013021,FRVIAe9a95d1a-7f0c-49b8-a860-4f450bce162c
FRVIAE20103004032,FRVIA84ba7e49-a9d1-41d9-85f4-d72d875ec724
FRVIAE20103004031,FRVIA84ba7e49-a9d1-41d9-85f4-d72d875ec724
FRVIAE10001301042,FRVIA663d278c-7663-41ea-86aa-015b9a5dd8e4
FRVIAE10001301041,FRVIA663d278c-7663-41ea-86aa-015b9a5dd8e4
FRVIAE10001225502,FRVIA663d278c-7663-41ea-86aa-015b9a5dd8e4
FRVIAE10001225501,FRVIA663d278c-7663-41ea-86aa-015b9a5dd8e4
FRVIAE12345724912,FRVIA1b4c8df3140c49899a53d6c614ef431e
FRVIAE12345724911,FRVIA1b4c8df3140c49899a53d6c614ef431e
FRVIAE12346392692,FRVIA1b4c8df3140c49899a53d6c614ef431e
FRVIAE12346392691,FRVIA1b4c8df3140c49899a53d6c614ef431e
FRVIAE20102001012,FRVIA64cfd72818304ee28d3a875aef64d31b
FRVIAE20102001011,FRVIA64cfd72818304ee28d3a875aef64d31b
FRVIAE20149002022,FRVIAfa6213d8-d5b6-4194-9c4e-3d089601e0b6
FRVIAE20149002021,FRVIAfa6213d8-d5b6-4194-9c4e-3d089601e0b6
FRVIAE12346276362,FRVIA1b4c8df3140c49899a53d6c614ef431e
FRVIAE12346276361,FRVIA1b4c8df3140c49899a53d6c614ef431e
FRVIAE10001181402,FRVIA663d278c-7663-41ea-86aa-015b9a5dd8e4
FRVIAE10001181401,FRVIA663d278c-7663-41ea-86aa-015b9a5dd8e4
FRVIAE12346339222,FRVIA1b4c8df3140c49899a53d6c614ef431e
FRVIAE12346339221,FRVIA1b4c8df3140c49899a53d6c614ef431e
FRVIAE20149001042,FRVIA0b46268150cf4976ad848e9cfbe14c78
FRVIAE20149001041,FRVIA0b46268150cf4976ad848e9cfbe14c78
FRVIAE12345955469,FRVIA1b4c8df3140c49899a53d6c614ef431e
FRVIAE12345955468,FRVIA1b4c8df3140c49899a53d6c614ef431e
FRVIAE12345955467,FRVIA1b4c8df3140c49899a53d6c614ef431e
FRVIAE12345955466,FRVIA1b4c8df3140c49899a53d6c614ef431e
FRVIAE12345955465,FRVIA1b4c8df3140c49899a53d6c614ef431e
FRVIAE12345955464,FRVIA1b4c8df3140c49899a53d6c614ef431e
FRVIAE12345955463,FRVIA1b4c8df3140c49899a53d6c614ef431e
FRVIAE12345955462,FRVIA1b4c8df3140c49899a53d6c614ef431e
FRVIAE123459554612,FRVIA1b4c8df3140c49899a53d6c614ef431e
FRVIAE123459554611,FRVIA1b4c8df3140c49899a53d6c614ef431e
FRVIAE123459554610,FRVIA1b4c8df3140c49899a53d6c614ef431e
FRVIAE12345955461,FRVIA1b4c8df3140c49899a53d6c614ef431e
FRVIAE20142136012,FRVIA1b4c8df3140c49899a53d6c614ef431e
FRVIAE20142136011,FRVIA1b4c8df3140c49899a53d6c614ef431e
FRVIAE20131006012,FRVIA64cfd72818304ee28d3a875aef64d31b
FRVIAE20131006011,FRVIA64cfd72818304ee28d3a875aef64d31b
FRVIAE20142039013,FRVIA1b4c8df3140c49899a53d6c614ef431e
FRVIAE20142039012,FRVIA1b4c8df3140c49899a53d6c614ef431e
FRVIAE20142039011,FRVIA1b4c8df3140c49899a53d6c614ef431e
FRVIAE20123013018,FRVIAe9a95d1a-7f0c-49b8-a860-4f450bce162c
FRVIAE20123013017,FRVIAe9a95d1a-7f0c-49b8-a860-4f450bce162c
FRVIAE20123013016,FRVIAe9a95d1a-7f0c-49b8-a860-4f450bce162c
FRVIAE20123013015,FRVIAe9a95d1a-7f0c-49b8-a860-4f450bce162c
FRVIAE20123013014,FRVIAe9a95d1a-7f0c-49b8-a860-4f450bce162c
FRVIAE20123013013,FRVIAe9a95d1a-7f0c-49b8-a860-4f450bce162c
FRVIAE20123013012,FRVIAe9a95d1a-7f0c-49b8-a860-4f450bce162c
FRVIAE20123013011,FRVIAe9a95d1a-7f0c-49b8-a860-4f450bce162c
FRVIAE20103004022,FRVIA84ba7e49-a9d1-41d9-85f4-d72d875ec724
FRVIAE20103004021,FRVIA84ba7e49-a9d1-41d9-85f4-d72d875ec724
FRVIAE10001301032,FRVIA663d278c-7663-41ea-86aa-015b9a5dd8e4
FRVIAE10001301031,FRVIA663d278c-7663-41ea-86aa-015b9a5dd8e4
FRVIAE10001225492,FRVIA663d278c-7663-41ea-86aa-015b9a5dd8e4
FRVIAE10001225491,FRVIA663d278c-7663-41ea-86aa-015b9a5dd8e4
FRVIAE12345724902,FRVIA1b4c8df3140c49899a53d6c614ef431e
FRVIAE12345724901,FRVIA1b4c8df3140c49899a53d6c614ef431e
FRVIAE12346392682,FRVIA1b4c8df3140c49899a53d6c614ef431e
FRVIAE12346392681,FRVIA1b4c8df3140c49899a53d6c614ef431e
FRVIAE20149002012,FRVIAfa6213d8-d5b6-4194-9c4e-3d089601e0b6
FRVIAE20149002011,FRVIAfa6213d8-d5b6-4194-9c4e-3d089601e0b6
FRVIAE12346276352,FRVIA1b4c8df3140c49899a53d6c614ef431e
FRVIAE12346276351,FRVIA1b4c8df3140c49899a53d6c614ef431e
FRVIAE10001181203,FRVIA663d278c-7663-41ea-86aa-015b9a5dd8e4
FRVIAE10001181202,FRVIA663d278c-7663-41ea-86aa-015b9a5dd8e4
FRVIAE10001181201,FRVIA663d278c-7663-41ea-86aa-015b9a5dd8e4
FRVIAE12346339212,FRVIA1b4c8df3140c49899a53d6c614ef431e
FRVIAE12346339211,FRVIA1b4c8df3140c49899a53d6c614ef431e
FRVIAE20149001032,FRVIA1b4c8df3140c49899a53d6c614ef431e
FRVIAE20149001031,FRVIA1b4c8df3140c49899a53d6c614ef431e
FRVIAE10001180732,FRVIA87b962cf-5c99-4812-8f03-16f2047aba80
FRVIAE10001180731,FRVIA87b962cf-5c99-4812-8f03-16f2047aba80
FRVIAE20122063032,FRVIA1b4c8df3140c49899a53d6c614ef431e
FRVIAE20122063031,FRVIA1b4c8df3140c49899a53d6c614ef431e
FRVIAE10001169573,FRVIA84ba7e49-a9d1-41d9-85f4-d72d875ec724
FRVIAE10001169572,FRVIA84ba7e49-a9d1-41d9-85f4-d72d875ec724
FRVIAE10001169571,FRVIA84ba7e49-a9d1-41d9-85f4-d72d875ec724
FRVIAE20161004022,FRVIA5ac8fc13-69bd-4238-91fc-00d74021df49
FRVIAE20161004021,FRVIA5ac8fc13-69bd-4238-91fc-00d74021df49
FRVIAE10001169903,FRVIA84ba7e49-a9d1-41d9-85f4-d72d875ec724
FRVIAE10001169902,FRVIA84ba7e49-a9d1-41d9-85f4-d72d875ec724
FRVIAE10001169901,FRVIA84ba7e49-a9d1-41d9-85f4-d72d875ec724
FRVIAE10001180742,FRVIA87b962cf-5c99-4812-8f03-16f2047aba80
FRVIAE10001180741,FRVIA87b962cf-5c99-4812-8f03-16f2047aba80
FRVIAE20161010052,FRVIA5ac8fc13-69bd-4238-91fc-00d74021df49
FRVIAE20161010051,FRVIA5ac8fc13-69bd-4238-91fc-00d74021df49
FRVIAE10001170173,FRVIA84ba7e49-a9d1-41d9-85f4-d72d875ec724
FRVIAE10001170172,FRVIA84ba7e49-a9d1-41d9-85f4-d72d875ec724
FRVIAE10001170171,FRVIA84ba7e49-a9d1-41d9-85f4-d72d875ec724
FRVIAE20103004012,FRVIA84ba7e49-a9d1-41d9-85f4-d72d875ec724
FRVIAE20103004011,FRVIA84ba7e49-a9d1-41d9-85f4-d72d875ec724
FRVIAE10001181493,FRVIA663d278c-7663-41ea-86aa-015b9a5dd8e4
FRVIAE10001181492,FRVIA663d278c-7663-41ea-86aa-015b9a5dd8e4
FRVIAE10001181491,FRVIA663d278c-7663-41ea-86aa-015b9a5dd8e4
FRVIAE10001181253,FRVIA663d278c-7663-41ea-86aa-015b9a5dd8e4
FRVIAE10001181252,FRVIA663d278c-7663-41ea-86aa-015b9a5dd8e4
FRVIAE10001181251,FRVIA663d278c-7663-41ea-86aa-015b9a5dd8e4
FRVIAE12345724892,FRVIA1b4c8df3140c49899a53d6c614ef431e
FRVIAE12345724891,FRVIA1b4c8df3140c49899a53d6c614ef431e
FRVIAE12346008209,FRVIA1b4c8df3140c49899a53d6c614ef431e
FRVIAE12346008208,FRVIA1b4c8df3140c49899a53d6c614ef431e
FRVIAE12346008207,FRVIA1b4c8df3140c49899a53d6c614ef431e
FRVIAE12346008206,FRVIA1b4c8df3140c49899a53d6c614ef431e
FRVIAE12346008205,FRVIA1b4c8df3140c49899a53d6c614ef431e
FRVIAE12346008204,FRVIA1b4c8df3140c49899a53d6c614ef431e
FRVIAE12346008203,FRVIA1b4c8df3140c49899a53d6c614ef431e
FRVIAE12346008202,FRVIA1b4c8df3140c49899a53d6c614ef431e
FRVIAE123460082012,FRVIA1b4c8df3140c49899a53d6c614ef431e
FRVIAE123460082011,FRVIA1b4c8df3140c49899a53d6c614ef431e
FRVIAE123460082010,FRVIA1b4c8df3140c49899a53d6c614ef431e
FRVIAE12346008201,FRVIA1b4c8df3140c49899a53d6c614ef431e
FRVIAE12346031242,FRVIA7e5797d5-0da9-4ea1-beb7-9e3d0fa7e71f
FRVIAE12346031241,FRVIA7e5797d5-0da9-4ea1-beb7-9e3d0fa7e71f
FRVIAE12346030132,FRVIA7e5797d5-0da9-4ea1-beb7-9e3d0fa7e71f
FRVIAE12346030131,FRVIA7e5797d5-0da9-4ea1-beb7-9e3d0fa7e71f
FRVIAE12345955258,FRVIA1b4c8df3140c49899a53d6c614ef431e
FRVIAE12345955257,FRVIA1b4c8df3140c49899a53d6c614ef431e
FRVIAE12345955256,FRVIA1b4c8df3140c49899a53d6c614ef431e
FRVIAE12345955255,FRVIA1b4c8df3140c49899a53d6c614ef431e
FRVIAE12345955254,FRVIA1b4c8df3140c49899a53d6c614ef431e
FRVIAE12345955253,FRVIA1b4c8df3140c49899a53d6c614ef431e
FRVIAE12345955252,FRVIA1b4c8df3140c49899a53d6c614ef431e
FRVIAE12345955251,FRVIA1b4c8df3140c49899a53d6c614ef431e
FRVIAE12346030172,FRVIA64cfd72818304ee28d3a875aef64d31b
FRVIAE12346030171,FRVIA64cfd72818304ee28d3a875aef64d31b
FRVIAE20149001022,FRVIA0b46268150cf4976ad848e9cfbe14c78
FRVIAE20149001021,FRVIA0b46268150cf4976ad848e9cfbe14c78
FRVIAE10001181102,FRVIA663d278c-7663-41ea-86aa-015b9a5dd8e4
FRVIAE10001181101,FRVIA663d278c-7663-41ea-86aa-015b9a5dd8e4
FRVIAE12346219562,FRVIA63b9a2fb-f35c-4dfb-bf27-4a42039521dd
FRVIAE12346219561,FRVIA63b9a2fb-f35c-4dfb-bf27-4a42039521dd
FRVIAE10001181162,FRVIA663d278c-7663-41ea-86aa-015b9a5dd8e4
FRVIAE10001181161,FRVIA663d278c-7663-41ea-86aa-015b9a5dd8e4
FRVIAE10001180712,FRVIA87b962cf-5c99-4812-8f03-16f2047aba80
FRVIAE10001180711,FRVIA87b962cf-5c99-4812-8f03-16f2047aba80
FRVIAE20122063022,FRVIA1b4c8df3140c49899a53d6c614ef431e
FRVIAE20122063021,FRVIA1b4c8df3140c49899a53d6c614ef431e
FRVIAE20161004012,FRVIA5ac8fc13-69bd-4238-91fc-00d74021df49
FRVIAE20161004011,FRVIA5ac8fc13-69bd-4238-91fc-00d74021df49
FRVIAE10001180722,FRVIA87b962cf-5c99-4812-8f03-16f2047aba80
FRVIAE10001180721,FRVIA87b962cf-5c99-4812-8f03-16f2047aba80
FRVIAE20161010042,FRVIA5ac8fc13-69bd-4238-91fc-00d74021df49
FRVIAE20161010041,FRVIA5ac8fc13-69bd-4238-91fc-00d74021df49
FRVIAE10001169823,FRVIA84ba7e49-a9d1-41d9-85f4-d72d875ec724
FRVIAE10001169822,FRVIA84ba7e49-a9d1-41d9-85f4-d72d875ec724
FRVIAE10001169821,FRVIA84ba7e49-a9d1-41d9-85f4-d72d875ec724
FRVIAE12345724882,FRVIA1b4c8df3140c49899a53d6c614ef431e
FRVIAE12345724881,FRVIA1b4c8df3140c49899a53d6c614ef431e
FRVIAE12346031232,FRVIA7e5797d5-0da9-4ea1-beb7-9e3d0fa7e71f
FRVIAE12346031231,FRVIA7e5797d5-0da9-4ea1-beb7-9e3d0fa7e71f
FRVIAE12346030122,FRVIA7e5797d5-0da9-4ea1-beb7-9e3d0fa7e71f
FRVIAE12346030121,FRVIA7e5797d5-0da9-4ea1-beb7-9e3d0fa7e71f
FRVIAE12346030162,FRVIA64cfd72818304ee28d3a875aef64d31b
FRVIAE12346030161,FRVIA64cfd72818304ee28d3a875aef64d31b
FRVIAE20149001012,FRVIA0b46268150cf4976ad848e9cfbe14c78
FRVIAE20149001011,FRVIA0b46268150cf4976ad848e9cfbe14c78
FRVIAE10001169553,FRVIA84ba7e49-a9d1-41d9-85f4-d72d875ec724
FRVIAE10001169552,FRVIA84ba7e49-a9d1-41d9-85f4-d72d875ec724
FRVIAE10001169551,FRVIA84ba7e49-a9d1-41d9-85f4-d72d875ec724
FRVIAE10001169893,FRVIA84ba7e49-a9d1-41d9-85f4-d72d875ec724
FRVIAE10001169892,FRVIA84ba7e49-a9d1-41d9-85f4-d72d875ec724
FRVIAE10001169891,FRVIA84ba7e49-a9d1-41d9-85f4-d72d875ec724
FRVIAE12346219552,FRVIA63b9a2fb-f35c-4dfb-bf27-4a42039521dd
FRVIAE12346219551,FRVIA63b9a2fb-f35c-4dfb-bf27-4a42039521dd
FRVIAE10001181112,FRVIA663d278c-7663-41ea-86aa-015b9a5dd8e4
FRVIAE10001181111,FRVIA663d278c-7663-41ea-86aa-015b9a5dd8e4
FRVIAE20122063012,FRVIA1b4c8df3140c49899a53d6c614ef431e
FRVIAE20122063011,FRVIA1b4c8df3140c49899a53d6c614ef431e
FRVIAE20161010032,FRVIA5ac8fc13-69bd-4238-91fc-00d74021df49
FRVIAE20161010031,FRVIA5ac8fc13-69bd-4238-91fc-00d74021df49
FRVIAE12345724872,FRVIA1b4c8df3140c49899a53d6c614ef431e
FRVIAE12345724871,FRVIA1b4c8df3140c49899a53d6c614ef431e
FRVIAE12346031222,FRVIA7e5797d5-0da9-4ea1-beb7-9e3d0fa7e71f
FRVIAE12346031221,FRVIA7e5797d5-0da9-4ea1-beb7-9e3d0fa7e71f
FRVIAE12346030112,FRVIA7e5797d5-0da9-4ea1-beb7-9e3d0fa7e71f
FRVIAE12346030111,FRVIA7e5797d5-0da9-4ea1-beb7-9e3d0fa7e71f
FRVIAE12346030152,FRVIA64cfd72818304ee28d3a875aef64d31b
FRVIAE12346030151,FRVIA64cfd72818304ee28d3a875aef64d31b
FRVIAE12346219502,FRVIA63b9a2fb-f35c-4dfb-bf27-4a42039521dd
FRVIAE12346219501,FRVIA63b9a2fb-f35c-4dfb-bf27-4a42039521dd
FRVIAE10001169813,FRVIA84ba7e49-a9d1-41d9-85f4-d72d875ec724
FRVIAE10001169812,FRVIA84ba7e49-a9d1-41d9-85f4-d72d875ec724
FRVIAE10001169811,FRVIA84ba7e49-a9d1-41d9-85f4-d72d875ec724
FRVIAE10001176682,FRVIA663d278c-7663-41ea-86aa-015b9a5dd8e4
FRVIAE10001176681,FRVIA663d278c-7663-41ea-86aa-015b9a5dd8e4
FRVIAE20161010022,FRVIA5ac8fc13-69bd-4238-91fc-00d74021df49
FRVIAE20161010021,FRVIA5ac8fc13-69bd-4238-91fc-00d74021df49
FRVIAE12346031212,FRVIA7e5797d5-0da9-4ea1-beb7-9e3d0fa7e71f
FRVIAE12346031211,FRVIA7e5797d5-0da9-4ea1-beb7-9e3d0fa7e71f
FRVIAE12346030102,FRVIA7e5797d5-0da9-4ea1-beb7-9e3d0fa7e71f
FRVIAE12346030101,FRVIA7e5797d5-0da9-4ea1-beb7-9e3d0fa7e71f
FRVIAE12346030142,FRVIA64cfd72818304ee28d3a875aef64d31b
FRVIAE12346030141,FRVIA64cfd72818304ee28d3a875aef64d31b
FRVIAE12346219492,FRVIA63b9a2fb-f35c-4dfb-bf27-4a42039521dd
FRVIAE12346219491,FRVIA63b9a2fb-f35c-4dfb-bf27-4a42039521dd
FRVIAE20161010012,FRVIA5ac8fc13-69bd-4238-91fc-00d74021df49
FRVIAE20161010011,FRVIA5ac8fc13-69bd-4238-91fc-00d74021df49
FRVIAE10001169803,FRVIA84ba7e49-a9d1-41d9-85f4-d72d875ec724
FRVIAE10001169802,FRVIA84ba7e49-a9d1-41d9-85f4-d72d875ec724
FRVIAE10001169801,FRVIA84ba7e49-a9d1-41d9-85f4-d72d875ec724
FRVIAE10001169693,FRVIA84ba7e49-a9d1-41d9-85f4-d72d875ec724
FRVIAE10001169692,FRVIA84ba7e49-a9d1-41d9-85f4-d72d875ec724
FRVIAE10001169691,FRVIA84ba7e49-a9d1-41d9-85f4-d72d875ec724
FRVIAE12346008182,FRVIA1b4c8df3140c49899a53d6c614ef431e
FRVIAE12346008181,FRVIA1b4c8df3140c49899a53d6c614ef431e
